case,ebno_db,rep,proposed_tbler,proposed_nmse,comparator_tbler,comparator_nmse,comparator,tbler_delta,nmse_delta
gate2_eval_umi_t1_4prb,2.0,0,0.328125,0.3753907680511474,0.3671875,0.389557421207428,trained_single_lmmse_ce,-0.0390625,-0.014166653156280573
gate2_eval_umi_t1_4prb,2.0,1,0.3203125,0.3761095106601715,0.3359375,0.3887038230895996,trained_single_lmmse_ce,-0.015625,-0.0125943124294281
gate2_eval_umi_t1_4prb,2.0,2,0.28125,0.3764191269874573,0.296875,0.3902773559093475,trained_single_lmmse_ce,-0.015625,-0.013858228921890203
gate2_eval_umi_t1_4prb,2.0,3,0.3671875,0.3780931234359741,0.4453125,0.3901861608028412,trained_single_lmmse_ce,-0.078125,-0.012093037366867065
gate2_eval_umi_t1_4prb,2.0,4,0.2890625,0.3738680779933929,0.3515625,0.3880971372127533,trained_single_lmmse_ce,-0.0625,-0.014229059219360407
gate2_eval_umi_t1_4prb,2.0,5,0.2734375,0.3749798834323883,0.3203125,0.3886759281158447,trained_single_lmmse_ce,-0.046875,-0.013696044683456421
gate2_eval_umi_t1_4prb,2.0,6,0.21875,0.3752351999282837,0.2890625,0.3883509039878845,trained_single_lmmse_ce,-0.0703125,-0.01311570405960083
gate2_eval_umi_t1_4prb,2.0,7,0.2578125,0.3774138689041137,0.3046875,0.3908509314060211,trained_single_lmmse_ce,-0.046875,-0.013437062501907404
gate2_eval_umi_t1_4prb,2.0,8,0.296875,0.3762175440788269,0.3828125,0.3906897604465484,trained_single_lmmse_ce,-0.0859375,-0.014472216367721502
gate2_eval_umi_t1_4prb,2.0,9,0.1640625,0.3750481903553009,0.1953125,0.3883984982967376,trained_single_lmmse_ce,-0.03125,-0.013350307941436712
gate2_eval_umi_t1_4prb,2.0,10,0.3046875,0.3761340379714966,0.3671875,0.38997682929039,trained_single_lmmse_ce,-0.0625,-0.013842791318893433
gate2_eval_umi_t1_4prb,2.0,11,0.2890625,0.3760125339031219,0.359375,0.3894495964050293,trained_single_lmmse_ce,-0.0703125,-0.013437062501907404
gate2_eval_umi_t1_4prb,6.0,0,0.015625,0.3447855114936828,0.0234375,0.3543943762779236,trained_single_lmmse_ce,-0.0078125,-0.009608864784240778
gate2_eval_umi_t1_4prb,6.0,1,0.09375,0.3458015322685241,0.1171875,0.3549694716930389,trained_single_lmmse_ce,-0.0234375,-0.00916793942451477
gate2_eval_umi_t1_4prb,6.0,2,0.0625,0.3441872000694275,0.078125,0.3539111614227295,trained_single_lmmse_ce,-0.015625,-0.009723961353302002
gate2_eval_umi_t1_4prb,6.0,3,0.125,0.3484185934066772,0.15625,0.3576424419879913,trained_single_lmmse_ce,-0.03125,-0.009223848581314087
gate2_eval_umi_t1_4prb,6.0,4,0.0859375,0.343820184469223,0.1015625,0.3537243604660034,trained_single_lmmse_ce,-0.015625,-0.009904175996780396
gate2_eval_umi_t1_4prb,6.0,5,0.0703125,0.3451153039932251,0.078125,0.3542698323726654,trained_single_lmmse_ce,-0.0078125,-0.009154528379440308
gate2_eval_umi_t1_4prb,6.0,6,0.0625,0.35007244348526,0.09375,0.3593966662883758,trained_single_lmmse_ce,-0.03125,-0.00932422280311579
gate2_eval_umi_t1_4prb,6.0,7,0.0625,0.3440407514572143,0.1015625,0.3536333739757538,trained_single_lmmse_ce,-0.0390625,-0.009592622518539484
gate2_eval_umi_t1_4prb,6.0,8,0.0625,0.3447377383708954,0.078125,0.3541541397571563,trained_single_lmmse_ce,-0.015625,-0.00941640138626093
gate2_eval_umi_t1_4prb,6.0,9,0.0546875,0.3445774912834167,0.0625,0.3541016578674316,trained_single_lmmse_ce,-0.0078125,-0.009524166584014893
gate2_eval_umi_t1_4prb,6.0,10,0.1328125,0.3478724360466003,0.171875,0.3572177290916443,trained_single_lmmse_ce,-0.0390625,-0.009345293045044
gate2_eval_umi_t1_4prb,6.0,11,0.0703125,0.3441671729087829,0.1015625,0.3540747761726379,trained_single_lmmse_ce,-0.03125,-0.00990760326385498
gate2_eval_umi_t1_4prb,10.0,0,0.0,0.3310819268226623,0.0,0.3378104269504547,trained_single_lmmse_ce,0.0,-0.006728500127792414
gate2_eval_umi_t1_4prb,10.0,1,0.015625,0.3302342295646667,0.015625,0.3373694717884063,trained_single_lmmse_ce,0.0,-0.007135242223739624
gate2_eval_umi_t1_4prb,10.0,2,0.0390625,0.3335365056991577,0.046875,0.3410376012325287,trained_single_lmmse_ce,-0.0078125,-0.007501095533370972
gate2_eval_umi_t1_4prb,10.0,3,0.0390625,0.3315321803092956,0.0703125,0.3386086821556091,trained_single_lmmse_ce,-0.03125,-0.0070765018463134766
gate2_eval_umi_t1_4prb,10.0,4,0.015625,0.3305273354053497,0.046875,0.3376019597053528,trained_single_lmmse_ce,-0.03125,-0.007074624300003107
gate2_eval_umi_t1_4prb,10.0,5,0.0078125,0.3306478857994079,0.0234375,0.3378284573554992,trained_single_lmmse_ce,-0.015625,-0.007180571556091309
gate2_eval_umi_t1_4prb,10.0,6,0.0,0.3336367011070251,0.0,0.34088996052742,trained_single_lmmse_ce,0.0,-0.0072532594203948975
gate2_eval_umi_t1_4prb,10.0,7,0.015625,0.3305006325244903,0.0234375,0.3378187716007232,trained_single_lmmse_ce,-0.0078125,-0.00731813907623291
gate2_eval_umi_t1_4prb,10.0,8,0.015625,0.3298006951808929,0.015625,0.3371593058109283,trained_single_lmmse_ce,0.0,-0.0073586106300354
gate2_eval_umi_t1_4prb,10.0,9,0.015625,0.3307726979255676,0.0234375,0.3375681340694427,trained_single_lmmse_ce,-0.0078125,-0.0067954361438750666
gate2_eval_umi_t1_4prb,10.0,10,0.0,0.3301753103733063,0.0078125,0.3369952738285064,trained_single_lmmse_ce,-0.0078125,-0.00681996345520014
gate2_eval_umi_t1_4prb,10.0,11,0.0,0.3306123614311218,0.0234375,0.3381823897361755,trained_single_lmmse_ce,-0.0234375,-0.007570028305053655
gate2_eval_umi_t1_4prb,14.0,0,0.0078125,0.3262061774730682,0.0078125,0.3341759741306305,trained_single_lmmse_ce,0.0,-0.007969796657562311
gate2_eval_umi_t1_4prb,14.0,1,0.0,0.3266648054122925,0.0,0.3338222205638885,trained_single_lmmse_ce,0.0,-0.007157415151596014
gate2_eval_umi_t1_4prb,14.0,2,0.0,0.3237783312797546,0.0,0.3288775980472564,trained_single_lmmse_ce,0.0,-0.005099266767501831
gate2_eval_umi_t1_4prb,14.0,3,0.0,0.3233704268932342,0.0,0.3288579881191253,trained_single_lmmse_ce,0.0,-0.005487561225891113
gate2_eval_umi_t1_4prb,14.0,4,0.0,0.3236236870288849,0.0078125,0.3284752070903778,trained_single_lmmse_ce,-0.0078125,-0.00485152006149292
gate2_eval_umi_t1_4prb,14.0,5,0.0078125,0.3242103457450866,0.0078125,0.3295648396015167,trained_single_lmmse_ce,0.0,-0.005354493856430109
gate2_eval_umi_t1_4prb,14.0,6,0.0,0.3237446546554565,0.0,0.3293348848819732,trained_single_lmmse_ce,0.0,-0.005590230226516724
gate2_eval_umi_t1_4prb,14.0,7,0.0078125,0.3245119154453277,0.015625,0.3298949301242828,trained_single_lmmse_ce,-0.0078125,-0.005383014678955078
gate2_eval_umi_t1_4prb,14.0,8,0.0,0.3245207965373993,0.0,0.3300864398479461,trained_single_lmmse_ce,0.0,-0.0055656433105468195
gate2_eval_umi_t1_4prb,14.0,9,0.0,0.3238528072834015,0.0,0.3283945620059967,trained_single_lmmse_ce,0.0,-0.004541754722595215
gate2_eval_umi_t1_4prb,14.0,10,0.0078125,0.3251473307609558,0.0234375,0.3309714496135711,trained_single_lmmse_ce,-0.015625,-0.005824118852615301
gate2_eval_umi_t1_4prb,14.0,11,0.0078125,0.3259384334087372,0.0078125,0.3309596180915832,trained_single_lmmse_ce,0.0,-0.005021184682846014
gate2_eval_umi_t1_8prb,2.0,0,0.1796875,0.3556583225727081,0.2421875,0.3672813475131988,trained_single_lmmse_ce,-0.0625,-0.011623024940490723
gate2_eval_umi_t1_8prb,2.0,1,0.140625,0.3586617112159729,0.1953125,0.368795096874237,trained_single_lmmse_ce,-0.0546875,-0.010133385658264105
gate2_eval_umi_t1_8prb,2.0,2,0.3125,0.355974793434143,0.34375,0.3672296702861786,trained_single_lmmse_ce,-0.03125,-0.011254876852035578
gate2_eval_umi_t1_8prb,2.0,3,0.25,0.3564778864383697,0.3046875,0.3679618239402771,trained_single_lmmse_ce,-0.0546875,-0.011483937501907404
gate2_eval_umi_t1_8prb,2.0,4,0.2578125,0.356475681066513,0.3046875,0.3679119944572449,trained_single_lmmse_ce,-0.046875,-0.011436313390731867
gate2_eval_umi_t1_8prb,2.0,5,0.265625,0.3558131754398346,0.328125,0.3675154745578766,trained_single_lmmse_ce,-0.0625,-0.011702299118041992
gate2_eval_umi_t1_8prb,2.0,6,0.2265625,0.3596271872520447,0.28125,0.3698778748512268,trained_single_lmmse_ce,-0.0546875,-0.010250687599182129
gate2_eval_umi_t1_8prb,2.0,7,0.21875,0.3575693666934967,0.21875,0.3675112128257751,trained_single_lmmse_ce,0.0,-0.009941846132278387
gate2_eval_umi_t1_8prb,2.0,8,0.1875,0.3603483736515045,0.21875,0.3708741962909698,trained_single_lmmse_ce,-0.03125,-0.010525822639465277
gate2_eval_umi_t1_8prb,2.0,9,0.2890625,0.3570557236671448,0.3359375,0.3681258857250213,trained_single_lmmse_ce,-0.046875,-0.011070162057876531
gate2_eval_umi_t1_8prb,2.0,10,0.234375,0.3591293692588806,0.265625,0.3701851367950439,trained_single_lmmse_ce,-0.03125,-0.011055767536163275
gate2_eval_umi_t1_8prb,2.0,11,0.1640625,0.3650213181972503,0.21875,0.3749731183052063,trained_single_lmmse_ce,-0.0546875,-0.009951800107955988
gate2_eval_umi_t1_8prb,6.0,0,0.0,0.3356716334819793,0.0,0.3447142839431762,trained_single_lmmse_ce,0.0,-0.0090426504611969
gate2_eval_umi_t1_8prb,6.0,1,0.0546875,0.3359281122684479,0.0625,0.3446834087371826,trained_single_lmmse_ce,-0.0078125,-0.008755296468734741
gate2_eval_umi_t1_8prb,6.0,2,0.046875,0.3365159928798675,0.0703125,0.3444415032863617,trained_single_lmmse_ce,-0.0234375,-0.007925510406494196
gate2_eval_umi_t1_8prb,6.0,3,0.0390625,0.3379818499088287,0.0625,0.345827043056488,trained_single_lmmse_ce,-0.0234375,-0.007845193147659302
gate2_eval_umi_t1_8prb,6.0,4,0.0078125,0.3369633257389068,0.0078125,0.3452157080173492,trained_single_lmmse_ce,0.0,-0.008252382278442383
gate2_eval_umi_t1_8prb,6.0,5,0.0703125,0.3369342684745788,0.1171875,0.3451065123081207,trained_single_lmmse_ce,-0.046875,-0.008172243833541926
gate2_eval_umi_t1_8prb,6.0,6,0.0390625,0.3349859416484833,0.046875,0.3436084389686584,trained_single_lmmse_ce,-0.0078125,-0.008622497320175115
gate2_eval_umi_t1_8prb,6.0,7,0.046875,0.3362280428409576,0.046875,0.3450563848018646,trained_single_lmmse_ce,0.0,-0.008828341960907038
gate2_eval_umi_t1_8prb,6.0,8,0.0546875,0.3340400755405426,0.09375,0.3432505130767822,trained_single_lmmse_ce,-0.0390625,-0.009210437536239624
gate2_eval_umi_t1_8prb,6.0,9,0.0390625,0.3348239958286285,0.0546875,0.3435788750648498,trained_single_lmmse_ce,-0.015625,-0.008754879236221313
gate2_eval_umi_t1_8prb,6.0,10,0.0234375,0.3348026871681213,0.0546875,0.3436951637268066,trained_single_lmmse_ce,-0.03125,-0.008892476558685303
gate2_eval_umi_t1_8prb,6.0,11,0.0390625,0.3348188400268554,0.046875,0.3438526690006256,trained_single_lmmse_ce,-0.0078125,-0.009033828973770197
gate2_eval_umi_t1_8prb,10.0,0,0.0,0.3258238732814789,0.0,0.3324787020683288,trained_single_lmmse_ce,0.0,-0.00665482878684992
gate2_eval_umi_t1_8prb,10.0,1,0.0,0.3282859623432159,0.0,0.3342662155628204,trained_single_lmmse_ce,0.0,-0.005980253219604492
gate2_eval_umi_t1_8prb,10.0,2,0.015625,0.3263790309429168,0.015625,0.3329635858535766,trained_single_lmmse_ce,0.0,-0.00658455491065979
gate2_eval_umi_t1_8prb,10.0,3,0.015625,0.3260295689105987,0.015625,0.3321048319339752,trained_single_lmmse_ce,0.0,-0.00607526302337652
gate2_eval_umi_t1_8prb,10.0,4,0.0078125,0.325283944606781,0.0078125,0.3316386938095093,trained_single_lmmse_ce,0.0,-0.0063547492027282715
gate2_eval_umi_t1_8prb,10.0,5,0.0078125,0.3280014991760254,0.0234375,0.3345981240272522,trained_single_lmmse_ce,-0.015625,-0.006596624851226807
gate2_eval_umi_t1_8prb,10.0,6,0.015625,0.3277365565299988,0.0234375,0.3340697586536407,trained_single_lmmse_ce,-0.0078125,-0.006333202123641912
gate2_eval_umi_t1_8prb,10.0,7,0.0,0.326195478439331,0.015625,0.3322285711765289,trained_single_lmmse_ce,-0.015625,-0.006033092737197876
gate2_eval_umi_t1_8prb,10.0,8,0.0078125,0.3271113932132721,0.0078125,0.3338941931724548,trained_single_lmmse_ce,0.0,-0.006782799959182684
gate2_eval_umi_t1_8prb,10.0,9,0.015625,0.3288066685199737,0.0234375,0.3354952931404114,trained_single_lmmse_ce,-0.0078125,-0.006688624620437678
gate2_eval_umi_t1_8prb,10.0,10,0.0234375,0.3282223641872406,0.0390625,0.3344169855117798,trained_single_lmmse_ce,-0.015625,-0.006194621324539185
gate2_eval_umi_t1_8prb,10.0,11,0.0,0.3258869051933288,0.015625,0.3316934704780578,trained_single_lmmse_ce,-0.015625,-0.005806565284729004
gate2_eval_umi_t1_8prb,14.0,0,0.0,0.3213265836238861,0.0,0.3262658715248108,trained_single_lmmse_ce,0.0,-0.004939287900924683
gate2_eval_umi_t1_8prb,14.0,1,0.0,0.3237995207309723,0.0,0.3291824758052826,trained_single_lmmse_ce,0.0,-0.005382955074310303
gate2_eval_umi_t1_8prb,14.0,2,0.0,0.3215589523315429,0.0,0.3265511691570282,trained_single_lmmse_ce,0.0,-0.004992216825485285
gate2_eval_umi_t1_8prb,14.0,3,0.0,0.3217091560363769,0.0,0.3265705704689026,trained_single_lmmse_ce,0.0,-0.00486141443252569
gate2_eval_umi_t1_8prb,14.0,4,0.0,0.3215715587139129,0.0,0.3261733651161194,trained_single_lmmse_ce,0.0,-0.004601806402206476
gate2_eval_umi_t1_8prb,14.0,5,0.0234375,0.3230951428413391,0.0234375,0.3279123306274414,trained_single_lmmse_ce,0.0,-0.004817187786102295
gate2_eval_umi_t1_8prb,14.0,6,0.0078125,0.322456806898117,0.0078125,0.3273836076259613,trained_single_lmmse_ce,0.0,-0.004926800727844294
gate2_eval_umi_t1_8prb,14.0,7,0.0,0.322434663772583,0.0,0.3271861970424652,trained_single_lmmse_ce,0.0,-0.004751533269882202
gate2_eval_umi_t1_8prb,14.0,8,0.0,0.3223743140697479,0.0,0.326998233795166,trained_single_lmmse_ce,0.0,-0.004623919725418091
gate2_eval_umi_t1_8prb,14.0,9,0.0,0.3232451975345611,0.0,0.3282786607742309,trained_single_lmmse_ce,0.0,-0.0050334632396698
gate2_eval_umi_t1_8prb,14.0,10,0.0078125,0.3219196796417236,0.0078125,0.3265959024429321,trained_single_lmmse_ce,0.0,-0.004676222801208496
gate2_eval_umi_t1_8prb,14.0,11,0.015625,0.3213679790496826,0.015625,0.3262801170349121,trained_single_lmmse_ce,0.0,-0.004912137985229492
gate2_eval_umi_t1_12prb,2.0,0,0.25,0.3551358580589294,0.2578125,0.3606265783309936,trained_single_lmmse_ce,-0.0078125,-0.005490720272064209
gate2_eval_umi_t1_12prb,2.0,1,0.2578125,0.3586999475955963,0.2890625,0.3635216653347015,trained_single_lmmse_ce,-0.03125,-0.004821717739105169
gate2_eval_umi_t1_12prb,2.0,2,0.203125,0.3616426289081573,0.25,0.3659365177154541,trained_single_lmmse_ce,-0.046875,-0.0042938888072968084
gate2_eval_umi_t1_12prb,2.0,3,0.1328125,0.3579322397708893,0.171875,0.3631304502487182,trained_single_lmmse_ce,-0.0390625,-0.005198210477828924
gate2_eval_umi_t1_12prb,2.0,4,0.171875,0.3567405641078949,0.1953125,0.3616376519203186,trained_single_lmmse_ce,-0.0234375,-0.004897087812423706
gate2_eval_umi_t1_12prb,2.0,5,0.3203125,0.363380879163742,0.328125,0.3677701354026794,trained_single_lmmse_ce,-0.0078125,-0.004389256238937378
gate2_eval_umi_t1_12prb,2.0,6,0.203125,0.3557489216327667,0.2265625,0.361397922039032,trained_single_lmmse_ce,-0.0234375,-0.005649000406265259
gate2_eval_umi_t1_12prb,2.0,7,0.2265625,0.3539649844169616,0.2578125,0.3601869642734527,trained_single_lmmse_ce,-0.03125,-0.006221979856491089
gate2_eval_umi_t1_12prb,2.0,8,0.1640625,0.3547913432121277,0.1953125,0.3607406318187713,trained_single_lmmse_ce,-0.03125,-0.005949288606643621
gate2_eval_umi_t1_12prb,2.0,9,0.25,0.3604941070079803,0.2734375,0.3648540675640106,trained_single_lmmse_ce,-0.0234375,-0.004359960556030329
gate2_eval_umi_t1_12prb,2.0,10,0.25,0.3539092242717743,0.2734375,0.360063761472702,trained_single_lmmse_ce,-0.0234375,-0.006154537200927734
gate2_eval_umi_t1_12prb,2.0,11,0.1953125,0.3554483652114868,0.2265625,0.3610683977603912,trained_single_lmmse_ce,-0.03125,-0.0056200325489043634
gate2_eval_umi_t1_12prb,6.0,0,0.015625,0.3387770354747772,0.015625,0.3400425314903259,trained_single_lmmse_ce,0.0,-0.001265496015548706
gate2_eval_umi_t1_12prb,6.0,1,0.0390625,0.3394127488136291,0.0390625,0.3415586948394775,trained_single_lmmse_ce,0.0,-0.0021459460258483887
gate2_eval_umi_t1_12prb,6.0,2,0.0859375,0.3392004072666168,0.109375,0.3412383496761322,trained_single_lmmse_ce,-0.0234375,-0.002037942409515381
gate2_eval_umi_t1_12prb,6.0,3,0.015625,0.3396529853343963,0.015625,0.3419805467128753,trained_single_lmmse_ce,0.0,-0.002327561378479004
gate2_eval_umi_t1_12prb,6.0,4,0.03125,0.3387100100517273,0.0234375,0.3413451015949249,trained_single_lmmse_ce,0.0078125,-0.002635091543197632
gate2_eval_umi_t1_12prb,6.0,5,0.0390625,0.3436420857906341,0.0390625,0.3438352942466736,trained_single_lmmse_ce,0.0,-0.00019320845603948422
gate2_eval_umi_t1_12prb,6.0,6,0.0234375,0.3373515009880066,0.03125,0.339756965637207,trained_single_lmmse_ce,-0.0078125,-0.002405464649200384
gate2_eval_umi_t1_12prb,6.0,7,0.0546875,0.3408214151859283,0.0546875,0.3429237008094787,trained_single_lmmse_ce,0.0,-0.002102285623550415
gate2_eval_umi_t1_12prb,6.0,8,0.0703125,0.3372685015201568,0.0859375,0.3395219445228576,trained_single_lmmse_ce,-0.015625,-0.0022534430027008057
gate2_eval_umi_t1_12prb,6.0,9,0.0390625,0.3416226208209991,0.046875,0.3438458144664764,trained_single_lmmse_ce,-0.0078125,-0.002223193645477295
gate2_eval_umi_t1_12prb,6.0,10,0.0703125,0.3384945690631866,0.0625,0.3396472632884979,trained_single_lmmse_ce,0.0078125,-0.0011526942253113348
gate2_eval_umi_t1_12prb,6.0,11,0.0390625,0.3378393054008484,0.0390625,0.3399657011032104,trained_single_lmmse_ce,0.0,-0.002126395702362005
gate2_eval_umi_t1_12prb,10.0,0,0.03125,0.3298732936382293,0.03125,0.3298242688179016,trained_single_lmmse_ce,0.0,4.902482032770328e-05
gate2_eval_umi_t1_12prb,10.0,1,0.0,0.3307638168334961,0.0,0.3304847180843353,trained_single_lmmse_ce,0.0,0.0002790987491607666
gate2_eval_umi_t1_12prb,10.0,2,0.0234375,0.3342710435390472,0.0234375,0.3340375125408172,trained_single_lmmse_ce,0.0,0.00023353099822998047
gate2_eval_umi_t1_12prb,10.0,3,0.0,0.3293550610542297,0.0,0.3293381035327911,trained_single_lmmse_ce,0.0,1.6957521438598633e-05
gate2_eval_umi_t1_12prb,10.0,4,0.03125,0.3323526680469513,0.03125,0.3321422040462494,trained_single_lmmse_ce,0.0,0.0002104640007019043
gate2_eval_umi_t1_12prb,10.0,5,0.0,0.3299656808376312,0.0,0.3291197121143341,trained_single_lmmse_ce,0.0,0.0008459687232971191
gate2_eval_umi_t1_12prb,10.0,6,0.0078125,0.3306187987327575,0.0078125,0.3304564356803894,trained_single_lmmse_ce,0.0,0.00016236305236810855
gate2_eval_umi_t1_12prb,10.0,7,0.03125,0.3317309319972992,0.03125,0.3316310942173004,trained_single_lmmse_ce,0.0,9.98377799987793e-05
gate2_eval_umi_t1_12prb,10.0,8,0.015625,0.3320735692977905,0.015625,0.3323370814323425,trained_single_lmmse_ce,0.0,-0.00026351213455194644
gate2_eval_umi_t1_12prb,10.0,9,0.0,0.3299783766269684,0.0,0.3296636641025543,trained_single_lmmse_ce,0.0,0.0003147125244140625
gate2_eval_umi_t1_12prb,10.0,10,0.015625,0.332959234714508,0.03125,0.3332590460777282,trained_single_lmmse_ce,-0.015625,-0.00029981136322021484
gate2_eval_umi_t1_12prb,10.0,11,0.0,0.3314605355262756,0.0,0.3311945796012878,trained_single_lmmse_ce,0.0,0.00026595592498779297
gate2_eval_umi_t1_12prb,14.0,0,0.0,0.3270788192749023,0.0,0.3252041637897491,trained_single_lmmse_ce,0.0,0.0018746554851531982
gate2_eval_umi_t1_12prb,14.0,1,0.015625,0.3261520266532898,0.0234375,0.3250315487384796,trained_single_lmmse_ce,-0.0078125,0.0011204779148101807
gate2_eval_umi_t1_12prb,14.0,2,0.0,0.3273680806159973,0.0,0.3257922530174255,trained_single_lmmse_ce,0.0,0.0015758275985718329
gate2_eval_umi_t1_12prb,14.0,3,0.015625,0.3282110393047333,0.015625,0.3266877830028534,trained_single_lmmse_ce,0.0,0.0015232563018798828
gate2_eval_umi_t1_12prb,14.0,4,0.0,0.3285421133041382,0.0,0.3274133205413818,trained_single_lmmse_ce,0.0,0.0011287927627564032
gate2_eval_umi_t1_12prb,14.0,5,0.0078125,0.3281838893890381,0.0078125,0.3269974291324615,trained_single_lmmse_ce,0.0,0.0011864602565765936
gate2_eval_umi_t1_12prb,14.0,6,0.0078125,0.3276529610157013,0.0078125,0.326137900352478,trained_single_lmmse_ce,0.0,0.0015150606632232666
gate2_eval_umi_t1_12prb,14.0,7,0.0,0.32771697640419,0.0,0.3266867101192474,trained_single_lmmse_ce,0.0,0.001030266284942627
gate2_eval_umi_t1_12prb,14.0,8,0.0,0.3263029456138611,0.0,0.3248141705989837,trained_single_lmmse_ce,0.0,0.0014887750148773748
gate2_eval_umi_t1_12prb,14.0,9,0.03125,0.3276196420192718,0.0234375,0.3261091709136963,trained_single_lmmse_ce,0.0078125,0.001510471105575506
gate2_eval_umi_t1_12prb,14.0,10,0.015625,0.3267768621444702,0.0234375,0.3250268697738647,trained_single_lmmse_ce,-0.0078125,0.0017499923706055243
gate2_eval_umi_t1_12prb,14.0,11,0.0,0.3286768496036529,0.0,0.3274697065353393,trained_single_lmmse_ce,0.0,0.0012071430683135986
gate2_eval_umi_t2_12prb,2.0,0,0.234375,0.3591345250606537,0.28125,0.3656173348426819,trained_single_lmmse_ce,-0.046875,-0.006482809782028198
gate2_eval_umi_t2_12prb,2.0,1,0.2734375,0.36900195479393,0.28125,0.3753833770751953,trained_single_lmmse_ce,-0.0078125,-0.006381422281265314
gate2_eval_umi_t2_12prb,2.0,2,0.3046875,0.357501208782196,0.328125,0.3645901381969452,trained_single_lmmse_ce,-0.0234375,-0.007088929414749201
gate2_eval_umi_t2_12prb,2.0,3,0.1640625,0.3552250266075134,0.1796875,0.3627133071422577,trained_single_lmmse_ce,-0.015625,-0.007488280534744263
gate2_eval_umi_t2_12prb,2.0,4,0.265625,0.3569256961345672,0.28125,0.3637947142124176,trained_single_lmmse_ce,-0.015625,-0.006869018077850397
gate2_eval_umi_t2_12prb,2.0,5,0.1953125,0.3579161763191223,0.2265625,0.3645332157611847,trained_single_lmmse_ce,-0.03125,-0.006617039442062378
gate2_eval_umi_t2_12prb,2.0,6,0.21875,0.3588736355304718,0.21875,0.3650256693363189,trained_single_lmmse_ce,0.0,-0.0061520338058471125
gate2_eval_umi_t2_12prb,2.0,7,0.1640625,0.3577133119106293,0.1875,0.3645103871822357,trained_single_lmmse_ce,-0.0234375,-0.006797075271606445
gate2_eval_umi_t2_12prb,2.0,8,0.296875,0.364828497171402,0.3671875,0.3699518144130707,trained_single_lmmse_ce,-0.0703125,-0.005123317241668701
gate2_eval_umi_t2_12prb,2.0,9,0.203125,0.355652242898941,0.2265625,0.3623354136943817,trained_single_lmmse_ce,-0.0234375,-0.006683170795440729
gate2_eval_umi_t2_12prb,2.0,10,0.203125,0.3545415997505188,0.2421875,0.3617029786109924,trained_single_lmmse_ce,-0.0390625,-0.007161378860473577
gate2_eval_umi_t2_12prb,2.0,11,0.265625,0.3604139983654022,0.3125,0.367696076631546,trained_single_lmmse_ce,-0.046875,-0.007282078266143799
gate2_eval_umi_t2_12prb,6.0,0,0.03125,0.3378174304962158,0.0625,0.3417795896530151,trained_single_lmmse_ce,-0.03125,-0.003962159156799261
gate2_eval_umi_t2_12prb,6.0,1,0.078125,0.3366887867450714,0.0859375,0.3411500751972198,trained_single_lmmse_ce,-0.0078125,-0.004461288452148382
gate2_eval_umi_t2_12prb,6.0,2,0.046875,0.3399249613285064,0.0625,0.343527227640152,trained_single_lmmse_ce,-0.015625,-0.0036022663116455633
gate2_eval_umi_t2_12prb,6.0,3,0.0390625,0.3431165516376495,0.0546875,0.3470296263694763,trained_single_lmmse_ce,-0.015625,-0.003913074731826838
gate2_eval_umi_t2_12prb,6.0,4,0.03125,0.3393706679344177,0.0390625,0.3433685600757599,trained_single_lmmse_ce,-0.0078125,-0.003997892141342163
gate2_eval_umi_t2_12prb,6.0,5,0.015625,0.3401094079017639,0.0234375,0.3444718420505523,trained_single_lmmse_ce,-0.0078125,-0.004362434148788397
gate2_eval_umi_t2_12prb,6.0,6,0.015625,0.3373118937015533,0.0234375,0.3414335250854492,trained_single_lmmse_ce,-0.0078125,-0.0041216313838959295
gate2_eval_umi_t2_12prb,6.0,7,0.0703125,0.3421521782875061,0.0703125,0.3455133140087127,trained_single_lmmse_ce,0.0,-0.0033611357212066095
gate2_eval_umi_t2_12prb,6.0,8,0.0,0.3380789756774902,0.0,0.3419942855834961,trained_single_lmmse_ce,0.0,-0.003915309906005915
gate2_eval_umi_t2_12prb,6.0,9,0.078125,0.337603211402893,0.0859375,0.3414507508277893,trained_single_lmmse_ce,-0.0078125,-0.0038475394248962957
gate2_eval_umi_t2_12prb,6.0,10,0.0234375,0.3369071185588836,0.03125,0.3412386476993561,trained_single_lmmse_ce,-0.0078125,-0.004331529140472468
gate2_eval_umi_t2_12prb,6.0,11,0.03125,0.3376055955886841,0.03125,0.3413911759853363,trained_single_lmmse_ce,0.0,-0.0037855803966522217
gate2_eval_umi_t2_12prb,10.0,0,0.0,0.3319580256938934,0.0,0.3332531154155731,trained_single_lmmse_ce,0.0,-0.001295089721679743
gate2_eval_umi_t2_12prb,10.0,1,0.0,0.331357330083847,0.0,0.3330099582672119,trained_single_lmmse_ce,0.0,-0.0016526281833649237
gate2_eval_umi_t2_12prb,10.0,2,0.0390625,0.3346019387245178,0.0390625,0.3363721966743469,trained_single_lmmse_ce,0.0,-0.0017702579498291016
gate2_eval_umi_t2_12prb,10.0,3,0.0078125,0.3296501636505127,0.015625,0.3313807845115661,trained_single_lmmse_ce,-0.0078125,-0.0017306208610534113
gate2_eval_umi_t2_12prb,10.0,4,0.0078125,0.3312384486198425,0.015625,0.3333355486392975,trained_single_lmmse_ce,-0.0078125,-0.0020971000194550116
gate2_eval_umi_t2_12prb,10.0,5,0.046875,0.3385703563690185,0.046875,0.3403064906597137,trained_single_lmmse_ce,0.0,-0.0017361342906951904
gate2_eval_umi_t2_12prb,10.0,6,0.0,0.3317091464996338,0.0078125,0.3344040811061859,trained_single_lmmse_ce,-0.0078125,-0.002694934606552124
gate2_eval_umi_t2_12prb,10.0,7,0.0,0.3304662108421325,0.0,0.3320850729942322,trained_single_lmmse_ce,0.0,-0.0016188621520996649
gate2_eval_umi_t2_12prb,10.0,8,0.0078125,0.3303627371788025,0.0078125,0.3320782780647278,trained_single_lmmse_ce,0.0,-0.001715540885925293
gate2_eval_umi_t2_12prb,10.0,9,0.0234375,0.3337270617485046,0.03125,0.3371072709560394,trained_single_lmmse_ce,-0.0078125,-0.00338020920753479
gate2_eval_umi_t2_12prb,10.0,10,0.03125,0.3353981673717499,0.03125,0.3386813104152679,trained_single_lmmse_ce,0.0,-0.003283143043518011
gate2_eval_umi_t2_12prb,10.0,11,0.0,0.3317853808403015,0.0,0.3334364891052246,trained_single_lmmse_ce,0.0,-0.0016511082649230957
gate2_eval_umi_t2_12prb,14.0,0,0.0,0.3283167481422424,0.0,0.3295261561870575,trained_single_lmmse_ce,0.0,-0.001209408044815119
gate2_eval_umi_t2_12prb,14.0,1,0.0,0.3277494311332702,0.0,0.3289508521556854,trained_single_lmmse_ce,0.0,-0.0012014210224152166
gate2_eval_umi_t2_12prb,14.0,2,0.015625,0.3269025683403015,0.015625,0.3280035257339477,trained_single_lmmse_ce,0.0,-0.0011009573936461847
gate2_eval_umi_t2_12prb,14.0,3,0.0,0.3284701406955719,0.0,0.3290959894657135,trained_single_lmmse_ce,0.0,-0.0006258487701416016
gate2_eval_umi_t2_12prb,14.0,4,0.0,0.3277665078639984,0.0,0.3285021185874939,trained_single_lmmse_ce,0.0,-0.0007356107234954834
gate2_eval_umi_t2_12prb,14.0,5,0.015625,0.3286454975605011,0.015625,0.3296074867248535,trained_single_lmmse_ce,0.0,-0.000961989164352417
gate2_eval_umi_t2_12prb,14.0,6,0.0078125,0.3278971314430237,0.0078125,0.3287153840065002,trained_single_lmmse_ce,0.0,-0.000818252563476507
gate2_eval_umi_t2_12prb,14.0,7,0.0,0.3258240818977356,0.0,0.3259095847606659,trained_single_lmmse_ce,0.0,-8.550286293029785e-05
gate2_eval_umi_t2_12prb,14.0,8,0.015625,0.3279393017292022,0.015625,0.3283778727054596,trained_single_lmmse_ce,0.0,-0.00043857097625737973
gate2_eval_umi_t2_12prb,14.0,9,0.015625,0.3271286487579345,0.015625,0.3281273543834686,trained_single_lmmse_ce,0.0,-0.0009987056255340576
gate2_eval_umi_t2_12prb,14.0,10,0.015625,0.3274550437927246,0.0234375,0.327664315700531,trained_single_lmmse_ce,-0.0078125,-0.00020927190780639648
gate2_eval_umi_t2_12prb,14.0,11,0.0078125,0.3269616067409515,0.0078125,0.3274670243263244,trained_single_lmmse_ce,0.0,-0.0005054175853729248
gate2_eval_uma_t1_12prb,2.0,0,0.328125,0.3671538829803467,0.3359375,0.3714393079280853,trained_single_lmmse_ce,-0.0078125,-0.0042854249477386475
gate2_eval_uma_t1_12prb,2.0,1,0.3359375,0.3658041059970855,0.328125,0.3696670234203338,trained_single_lmmse_ce,0.0078125,-0.003862917423248291
gate2_eval_uma_t1_12prb,2.0,2,0.3359375,0.369980901479721,0.3515625,0.3740082383155823,trained_single_lmmse_ce,-0.015625,-0.0040273368358612616
gate2_eval_uma_t1_12prb,2.0,3,0.40625,0.3758096992969513,0.3828125,0.3790226578712463,trained_single_lmmse_ce,0.0234375,-0.0032129585742949884
gate2_eval_uma_t1_12prb,2.0,4,0.3125,0.3619460165500641,0.3515625,0.3678564429283142,trained_single_lmmse_ce,-0.0390625,-0.005910426378250122
gate2_eval_uma_t1_12prb,2.0,5,0.2265625,0.366641491651535,0.21875,0.3697507381439209,trained_single_lmmse_ce,0.0078125,-0.0031092464923859198
gate2_eval_uma_t1_12prb,2.0,6,0.4375,0.3703979253768921,0.4296875,0.3746031820774078,trained_single_lmmse_ce,0.0078125,-0.0042052567005156916
gate2_eval_uma_t1_12prb,2.0,7,0.3828125,0.3685601055622101,0.4296875,0.3734110295772552,trained_single_lmmse_ce,-0.046875,-0.0048509240150451105
gate2_eval_uma_t1_12prb,2.0,8,0.4296875,0.3611660003662109,0.453125,0.3670687079429626,trained_single_lmmse_ce,-0.0234375,-0.005902707576751709
gate2_eval_uma_t1_12prb,2.0,9,0.3359375,0.3649418354034424,0.3984375,0.3702107071876526,trained_single_lmmse_ce,-0.0625,-0.005268871784210205
gate2_eval_uma_t1_12prb,2.0,10,0.25,0.3652617037296295,0.2734375,0.3698198199272156,trained_single_lmmse_ce,-0.0234375,-0.00455811619758606
gate2_eval_uma_t1_12prb,2.0,11,0.3671875,0.3618486821651459,0.3671875,0.3668063879013061,trained_single_lmmse_ce,0.0,-0.004957705736160223
gate2_eval_uma_t1_12prb,6.0,0,0.0234375,0.3451856970787048,0.015625,0.3477887511253357,trained_single_lmmse_ce,0.0078125,-0.002603054046630915
gate2_eval_uma_t1_12prb,6.0,1,0.0390625,0.347574383020401,0.0625,0.3494215309619903,trained_single_lmmse_ce,-0.0234375,-0.0018471479415893
gate2_eval_uma_t1_12prb,6.0,2,0.1171875,0.3478786051273346,0.125,0.3496508002281189,trained_single_lmmse_ce,-0.0078125,-0.0017721951007843018
gate2_eval_uma_t1_12prb,6.0,3,0.1015625,0.3467830121517181,0.1015625,0.349047988653183,trained_single_lmmse_ce,0.0,-0.0022649765014648993
gate2_eval_uma_t1_12prb,6.0,4,0.0546875,0.3442664742469787,0.0625,0.3461089730262756,trained_single_lmmse_ce,-0.0078125,-0.001842498779296875
gate2_eval_uma_t1_12prb,6.0,5,0.109375,0.3484220206737518,0.125,0.3502394556999206,trained_single_lmmse_ce,-0.015625,-0.0018174350261688232
gate2_eval_uma_t1_12prb,6.0,6,0.0859375,0.346605509519577,0.0703125,0.3484269678592682,trained_single_lmmse_ce,0.015625,-0.0018214583396911621
gate2_eval_uma_t1_12prb,6.0,7,0.0234375,0.3451900780200958,0.0234375,0.3476750552654266,trained_single_lmmse_ce,0.0,-0.002484977245330755
gate2_eval_uma_t1_12prb,6.0,8,0.1328125,0.3511173725128174,0.1484375,0.3524738550186157,trained_single_lmmse_ce,-0.015625,-0.0013564825057983398
gate2_eval_uma_t1_12prb,6.0,9,0.0625,0.3501570224761963,0.078125,0.3516260087490082,trained_single_lmmse_ce,-0.015625,-0.0014689862728118896
gate2_eval_uma_t1_12prb,6.0,10,0.0390625,0.348058819770813,0.0390625,0.349455326795578,trained_single_lmmse_ce,0.0,-0.0013965070247650146
gate2_eval_uma_t1_12prb,6.0,11,0.0625,0.3496768176555633,0.0546875,0.3512110710144043,trained_single_lmmse_ce,0.0078125,-0.001534253358840998
gate2_eval_uma_t1_12prb,10.0,0,0.015625,0.3425329625606537,0.0234375,0.342694878578186,trained_single_lmmse_ce,-0.0078125,-0.00016191601753229312
gate2_eval_uma_t1_12prb,10.0,1,0.046875,0.3402387201786041,0.0625,0.3411806225776672,trained_single_lmmse_ce,-0.015625,-0.0009419023990630548
gate2_eval_uma_t1_12prb,10.0,2,0.0234375,0.340305358171463,0.03125,0.3407926857471466,trained_single_lmmse_ce,-0.0078125,-0.00048732757568359375
gate2_eval_uma_t1_12prb,10.0,3,0.0546875,0.34231036901474,0.0625,0.3422881364822387,trained_single_lmmse_ce,-0.0078125,2.2232532501276214e-05
gate2_eval_uma_t1_12prb,10.0,4,0.015625,0.3367910385131836,0.015625,0.3361173570156097,trained_single_lmmse_ce,0.0,0.000673681497573908
gate2_eval_uma_t1_12prb,10.0,5,0.0234375,0.340169757604599,0.0234375,0.3398698568344116,trained_single_lmmse_ce,0.0,0.00029990077018737793
gate2_eval_uma_t1_12prb,10.0,6,0.03125,0.3384817838668823,0.0390625,0.3380079269409179,trained_single_lmmse_ce,-0.0078125,0.000473856925964411
gate2_eval_uma_t1_12prb,10.0,7,0.0390625,0.340868204832077,0.0390625,0.3403498530387878,trained_single_lmmse_ce,0.0,0.0005183517932892401
gate2_eval_uma_t1_12prb,10.0,8,0.015625,0.3413787186145782,0.046875,0.3413106501102447,trained_single_lmmse_ce,-0.03125,6.80685043334961e-05
gate2_eval_uma_t1_12prb,10.0,9,0.0078125,0.3381344676017761,0.015625,0.3380544185638428,trained_single_lmmse_ce,-0.0078125,8.004903793334961e-05
gate2_eval_uma_t1_12prb,10.0,10,0.0546875,0.3426938951015472,0.0546875,0.3430850505828857,trained_single_lmmse_ce,0.0,-0.000391155481338501
gate2_eval_uma_t1_12prb,10.0,11,0.0078125,0.3367581367492676,0.0078125,0.3367940485477447,trained_single_lmmse_ce,0.0,-3.591179847711734e-05
gate2_eval_uma_t1_12prb,14.0,0,0.0,0.3356157839298248,0.0,0.3339637815952301,trained_single_lmmse_ce,0.0,0.001652002334594671
gate2_eval_uma_t1_12prb,14.0,1,0.0078125,0.3358109891414642,0.0078125,0.3348675966262817,trained_single_lmmse_ce,0.0,0.0009433925151824951
gate2_eval_uma_t1_12prb,14.0,2,0.0,0.3333867192268371,0.0,0.3317698538303375,trained_single_lmmse_ce,0.0,0.0016168653964995783
gate2_eval_uma_t1_12prb,14.0,3,0.015625,0.3366665840148926,0.0234375,0.3355956673622131,trained_single_lmmse_ce,-0.0078125,0.0010709166526794989
gate2_eval_uma_t1_12prb,14.0,4,0.0,0.3342215418815613,0.0,0.3339764773845672,trained_single_lmmse_ce,0.0,0.00024506449699407407
gate2_eval_uma_t1_12prb,14.0,5,0.0078125,0.3343288600444793,0.0078125,0.3330244421958923,trained_single_lmmse_ce,0.0,0.0013044178485870361
gate2_eval_uma_t1_12prb,14.0,6,0.0390625,0.3418453633785248,0.0390625,0.3408418297767639,trained_single_lmmse_ce,0.0,0.0010035336017608643
gate2_eval_uma_t1_12prb,14.0,7,0.03125,0.3418145477771759,0.03125,0.3416352570056915,trained_single_lmmse_ce,0.0,0.0001792907714844305
gate2_eval_uma_t1_12prb,14.0,8,0.0078125,0.3383358120918274,0.0078125,0.3383512198925018,trained_single_lmmse_ce,0.0,-1.5407800674382965e-05
gate2_eval_uma_t1_12prb,14.0,9,0.015625,0.3393886983394623,0.015625,0.3398071527481079,trained_single_lmmse_ce,0.0,-0.0004184544086456299
gate2_eval_uma_t1_12prb,14.0,10,0.0,0.3355222344398498,0.0,0.3340643048286438,trained_single_lmmse_ce,0.0,0.0014579296112059992
gate2_eval_uma_t1_12prb,14.0,11,0.03125,0.3437651693820953,0.03125,0.3433517813682556,trained_single_lmmse_ce,0.0,0.00041338801383966617
gate2_eval_cdl_c_2layer_12prb,2.0,0,0.15625,0.3379448354244232,0.15625,0.3412873148918152,trained_single_lmmse_ce,0.0,-0.0033424794673919678
gate2_eval_cdl_c_2layer_12prb,2.0,1,0.34375,0.3378407955169678,0.34375,0.3411226868629455,trained_single_lmmse_ce,0.0,-0.0032818913459777277
gate2_eval_cdl_c_2layer_12prb,2.0,2,0.25,0.3379166424274444,0.25,0.3415112495422363,trained_single_lmmse_ce,0.0,-0.00359460711479187
gate2_eval_cdl_c_2layer_12prb,2.0,3,0.28125,0.3376278579235077,0.28125,0.3411237299442291,trained_single_lmmse_ce,0.0,-0.0034958720207214355
gate2_eval_cdl_c_2layer_12prb,2.0,4,0.21875,0.3380329310894012,0.21875,0.3413516879081726,trained_single_lmmse_ce,0.0,-0.003318756818771418
gate2_eval_cdl_c_2layer_12prb,2.0,5,0.34375,0.3386436402797699,0.375,0.3418556749820709,trained_single_lmmse_ce,-0.03125,-0.0032120347023010254
gate2_eval_cdl_c_2layer_12prb,2.0,6,0.25,0.3382577300071716,0.28125,0.3418907523155212,trained_single_lmmse_ce,-0.03125,-0.0036330223083496094
gate2_eval_cdl_c_2layer_12prb,2.0,7,0.15625,0.338217169046402,0.15625,0.3415683209896087,trained_single_lmmse_ce,0.0,-0.0033511519432067316
gate2_eval_cdl_c_2layer_12prb,2.0,8,0.375,0.3382196426391601,0.40625,0.341712474822998,trained_single_lmmse_ce,-0.03125,-0.0034928321838378906
gate2_eval_cdl_c_2layer_12prb,2.0,9,0.28125,0.3382576107978821,0.28125,0.3414755463600158,trained_single_lmmse_ce,0.0,-0.0032179355621337336
gate2_eval_cdl_c_2layer_12prb,2.0,10,0.21875,0.3377248048782348,0.21875,0.3414160311222076,trained_single_lmmse_ce,0.0,-0.0036912262439727783
gate2_eval_cdl_c_2layer_12prb,2.0,11,0.34375,0.3382733166217804,0.3125,0.3416121900081634,trained_single_lmmse_ce,0.03125,-0.003338873386383001
gate2_eval_cdl_c_2layer_12prb,6.0,0,0.125,0.329144150018692,0.125,0.329710990190506,trained_single_lmmse_ce,0.0,-0.0005668401718139648
gate2_eval_cdl_c_2layer_12prb,6.0,1,0.0625,0.3289800584316253,0.0625,0.3294804990291595,trained_single_lmmse_ce,0.0,-0.0005004405975341797
gate2_eval_cdl_c_2layer_12prb,6.0,2,0.09375,0.3290789127349853,0.09375,0.3294286131858825,trained_single_lmmse_ce,0.0,-0.0003497004508972168
gate2_eval_cdl_c_2layer_12prb,6.0,3,0.125,0.3292041420936584,0.15625,0.3293298780918121,trained_single_lmmse_ce,-0.03125,-0.00012573599815368652
gate2_eval_cdl_c_2layer_12prb,6.0,4,0.0625,0.3292043507099151,0.0625,0.3295887410640716,trained_single_lmmse_ce,0.0,-0.00038439035415649414
gate2_eval_cdl_c_2layer_12prb,6.0,5,0.15625,0.3292889595031738,0.15625,0.3297922015190124,trained_single_lmmse_ce,0.0,-0.000503242015838623
gate2_eval_cdl_c_2layer_12prb,6.0,6,0.0625,0.3290709853172302,0.0625,0.32939213514328,trained_single_lmmse_ce,0.0,-0.0003211498260497492
gate2_eval_cdl_c_2layer_12prb,6.0,7,0.125,0.3291950523853302,0.15625,0.3296639323234558,trained_single_lmmse_ce,-0.03125,-0.00046887993812561035
gate2_eval_cdl_c_2layer_12prb,6.0,8,0.03125,0.3291181325912475,0.0625,0.3294157385826111,trained_single_lmmse_ce,-0.03125,-0.0002976059913635809
gate2_eval_cdl_c_2layer_12prb,6.0,9,0.09375,0.3288373947143554,0.09375,0.3292993009090423,trained_single_lmmse_ce,0.0,-0.00046190619468688965
gate2_eval_cdl_c_2layer_12prb,6.0,10,0.09375,0.3293953239917755,0.09375,0.329718679189682,trained_single_lmmse_ce,0.0,-0.00032335519790649414
gate2_eval_cdl_c_2layer_12prb,6.0,11,0.09375,0.3290949463844299,0.125,0.3295928537845611,trained_single_lmmse_ce,-0.03125,-0.0004979074001312256
gate2_eval_cdl_c_2layer_12prb,10.0,0,0.03125,0.3260044157505035,0.0,0.3241682648658752,trained_single_lmmse_ce,0.03125,0.001836150884628296
gate2_eval_cdl_c_2layer_12prb,10.0,1,0.0,0.3256060481071472,0.0,0.3238705098628998,trained_single_lmmse_ce,0.0,0.0017355382442474365
gate2_eval_cdl_c_2layer_12prb,10.0,2,0.03125,0.3254602253437042,0.03125,0.3237138092517853,trained_single_lmmse_ce,0.0,0.0017464160919189453
gate2_eval_cdl_c_2layer_12prb,10.0,3,0.0,0.3257013261318207,0.0,0.3239820301532745,trained_single_lmmse_ce,0.0,0.001719295978546198
gate2_eval_cdl_c_2layer_12prb,10.0,4,0.0625,0.3253392875194549,0.0625,0.3237919211387634,trained_single_lmmse_ce,0.0,0.0015473663806914728
gate2_eval_cdl_c_2layer_12prb,10.0,5,0.0,0.3256416320800781,0.0,0.3239734470844269,trained_single_lmmse_ce,0.0,0.0016681849956512451
gate2_eval_cdl_c_2layer_12prb,10.0,6,0.0625,0.3255946040153503,0.0625,0.3236410617828369,trained_single_lmmse_ce,0.0,0.0019535422325133722
gate2_eval_cdl_c_2layer_12prb,10.0,7,0.03125,0.3254032433032989,0.03125,0.3236450850963592,trained_single_lmmse_ce,0.0,0.0017581582069396973
gate2_eval_cdl_c_2layer_12prb,10.0,8,0.0,0.3256157338619232,0.0,0.3239591717720032,trained_single_lmmse_ce,0.0,0.001656562089920044
gate2_eval_cdl_c_2layer_12prb,10.0,9,0.0,0.3254485726356506,0.0,0.3236287832260132,trained_single_lmmse_ce,0.0,0.0018197894096373957
gate2_eval_cdl_c_2layer_12prb,10.0,10,0.0625,0.3253084719181061,0.0625,0.3238388895988464,trained_single_lmmse_ce,0.0,0.001469582319259699
gate2_eval_cdl_c_2layer_12prb,10.0,11,0.03125,0.3257743716239929,0.03125,0.3239615261554718,trained_single_lmmse_ce,0.0,0.0018128454685211182
gate2_eval_cdl_c_2layer_12prb,14.0,0,0.0,0.3238243758678436,0.0,0.3211621642112732,trained_single_lmmse_ce,0.0,0.002662211656570379
gate2_eval_cdl_c_2layer_12prb,14.0,1,0.03125,0.3240006268024444,0.03125,0.3212788105010986,trained_single_lmmse_ce,0.0,0.002721816301345825
gate2_eval_cdl_c_2layer_12prb,14.0,2,0.0,0.3239416778087616,0.0,0.3213755488395691,trained_single_lmmse_ce,0.0,0.002566128969192505
gate2_eval_cdl_c_2layer_12prb,14.0,3,0.0,0.3237289190292358,0.0,0.3212766945362091,trained_single_lmmse_ce,0.0,0.002452224493026678
gate2_eval_cdl_c_2layer_12prb,14.0,4,0.0,0.3240986764431,0.0,0.3212614953517914,trained_single_lmmse_ce,0.0,0.0028371810913085938
gate2_eval_cdl_c_2layer_12prb,14.0,5,0.0,0.3239333629608154,0.0,0.3212048709392547,trained_single_lmmse_ce,0.0,0.002728492021560669
gate2_eval_cdl_c_2layer_12prb,14.0,6,0.0,0.3238000273704529,0.0,0.3210929334163666,trained_single_lmmse_ce,0.0,0.0027070939540863037
gate2_eval_cdl_c_2layer_12prb,14.0,7,0.0,0.3240884244441986,0.0,0.3211544454097748,trained_single_lmmse_ce,0.0,0.002933979034423828
gate2_eval_cdl_c_2layer_12prb,14.0,8,0.0,0.3239464163780212,0.0,0.3213461935520172,trained_single_lmmse_ce,0.0,0.002600222826003973
gate2_eval_cdl_c_2layer_12prb,14.0,9,0.03125,0.32406085729599,0.03125,0.3211147487163543,trained_single_lmmse_ce,0.0,0.0029461085796356756
gate2_eval_cdl_c_2layer_12prb,14.0,10,0.03125,0.3239560425281524,0.03125,0.3211952447891235,trained_single_lmmse_ce,0.0,0.0027607977390289307
gate2_eval_cdl_c_2layer_12prb,14.0,11,0.03125,0.3238861262798309,0.03125,0.321027934551239,trained_single_lmmse_ce,0.0,0.0028581917285918634
gate2_eval_umi_t1_4prb,2.0,0,0.328125,0.3753907680511474,0.328125,0.3758737444877624,proposed_moment_lmmse_ce,0.0,-0.00048297643661499023
gate2_eval_umi_t1_4prb,2.0,1,0.3203125,0.3761095106601715,0.3203125,0.3764750361442566,proposed_moment_lmmse_ce,0.0,-0.000365525484085083
gate2_eval_umi_t1_4prb,2.0,2,0.28125,0.3764191269874573,0.28125,0.3768489956855774,proposed_moment_lmmse_ce,0.0,-0.0004298686981201172
gate2_eval_umi_t1_4prb,2.0,3,0.3671875,0.3780931234359741,0.359375,0.3780857622623443,proposed_moment_lmmse_ce,0.0078125,7.361173629816253e-06
gate2_eval_umi_t1_4prb,2.0,4,0.2890625,0.3738680779933929,0.2890625,0.3744290769100189,proposed_moment_lmmse_ce,0.0,-0.0005609989166260321
gate2_eval_umi_t1_4prb,2.0,5,0.2734375,0.3749798834323883,0.2734375,0.3754977285861969,proposed_moment_lmmse_ce,0.0,-0.0005178451538085938
gate2_eval_umi_t1_4prb,2.0,6,0.21875,0.3752351999282837,0.21875,0.3756763637065887,proposed_moment_lmmse_ce,0.0,-0.0004411637783049982
gate2_eval_umi_t1_4prb,2.0,7,0.2578125,0.3774138689041137,0.2578125,0.3778418600559234,proposed_moment_lmmse_ce,0.0,-0.0004279911518096924
gate2_eval_umi_t1_4prb,2.0,8,0.296875,0.3762175440788269,0.296875,0.3767648041248321,proposed_moment_lmmse_ce,0.0,-0.0005472600460051935
gate2_eval_umi_t1_4prb,2.0,9,0.1640625,0.3750481903553009,0.1640625,0.3755245506763458,proposed_moment_lmmse_ce,0.0,-0.0004763603210449219
gate2_eval_umi_t1_4prb,2.0,10,0.3046875,0.3761340379714966,0.3125,0.3765958249568939,proposed_moment_lmmse_ce,-0.0078125,-0.00046178698539733887
gate2_eval_umi_t1_4prb,2.0,11,0.2890625,0.3760125339031219,0.2734375,0.3764722645282745,proposed_moment_lmmse_ce,0.015625,-0.0004597306251525879
gate2_eval_umi_t1_4prb,6.0,0,0.015625,0.3447855114936828,0.015625,0.3447228670120239,proposed_moment_lmmse_ce,0.0,6.264448165888004e-05
gate2_eval_umi_t1_4prb,6.0,1,0.09375,0.3458015322685241,0.09375,0.3456176817417145,proposed_moment_lmmse_ce,0.0,0.00018385052680963687
gate2_eval_umi_t1_4prb,6.0,2,0.0625,0.3441872000694275,0.0625,0.3441825211048126,proposed_moment_lmmse_ce,0.0,4.678964614868164e-06
gate2_eval_umi_t1_4prb,6.0,3,0.125,0.3484185934066772,0.125,0.3485223650932312,proposed_moment_lmmse_ce,0.0,-0.00010377168655401059
gate2_eval_umi_t1_4prb,6.0,4,0.0859375,0.343820184469223,0.078125,0.3437969386577606,proposed_moment_lmmse_ce,0.0078125,2.3245811462402344e-05
gate2_eval_umi_t1_4prb,6.0,5,0.0703125,0.3451153039932251,0.0703125,0.3450310230255127,proposed_moment_lmmse_ce,0.0,8.428096771240234e-05
gate2_eval_umi_t1_4prb,6.0,6,0.0625,0.35007244348526,0.0625,0.3501526415348053,proposed_moment_lmmse_ce,0.0,-8.019804954528809e-05
gate2_eval_umi_t1_4prb,6.0,7,0.0625,0.3440407514572143,0.0703125,0.3440185487270355,proposed_moment_lmmse_ce,-0.0078125,2.2202730178777497e-05
gate2_eval_umi_t1_4prb,6.0,8,0.0625,0.3447377383708954,0.0625,0.3448928296566009,proposed_moment_lmmse_ce,0.0,-0.0001550912857055109
gate2_eval_umi_t1_4prb,6.0,9,0.0546875,0.3445774912834167,0.0546875,0.3445089161396026,proposed_moment_lmmse_ce,0.0,6.857514381408691e-05
gate2_eval_umi_t1_4prb,6.0,10,0.1328125,0.3478724360466003,0.140625,0.3489267826080322,proposed_moment_lmmse_ce,-0.0078125,-0.0010543465614319403
gate2_eval_umi_t1_4prb,6.0,11,0.0703125,0.3441671729087829,0.0703125,0.3441254794597626,proposed_moment_lmmse_ce,0.0,4.169344902033023e-05
gate2_eval_umi_t1_4prb,10.0,0,0.0,0.3310819268226623,0.0,0.3309057354927063,proposed_moment_lmmse_ce,0.0,0.00017619132995599918
gate2_eval_umi_t1_4prb,10.0,1,0.015625,0.3302342295646667,0.0234375,0.330987811088562,proposed_moment_lmmse_ce,-0.0078125,-0.0007535815238953192
gate2_eval_umi_t1_4prb,10.0,2,0.0390625,0.3335365056991577,0.0390625,0.3335081338882446,proposed_moment_lmmse_ce,0.0,2.837181091314145e-05
gate2_eval_umi_t1_4prb,10.0,3,0.0390625,0.3315321803092956,0.0390625,0.3325465321540832,proposed_moment_lmmse_ce,0.0,-0.0010143518447875977
gate2_eval_umi_t1_4prb,10.0,4,0.015625,0.3305273354053497,0.015625,0.3304066061973572,proposed_moment_lmmse_ce,0.0,0.0001207292079924982
gate2_eval_umi_t1_4prb,10.0,5,0.0078125,0.3306478857994079,0.0078125,0.3305155336856842,proposed_moment_lmmse_ce,0.0,0.00013235211372369937
gate2_eval_umi_t1_4prb,10.0,6,0.0,0.3336367011070251,0.0,0.3346447050571441,proposed_moment_lmmse_ce,0.0,-0.0010080039501190186
gate2_eval_umi_t1_4prb,10.0,7,0.015625,0.3305006325244903,0.015625,0.3304030299186706,proposed_moment_lmmse_ce,0.0,9.760260581970215e-05
gate2_eval_umi_t1_4prb,10.0,8,0.015625,0.3298006951808929,0.015625,0.3297400176525116,proposed_moment_lmmse_ce,0.0,6.0677528381292145e-05
gate2_eval_umi_t1_4prb,10.0,9,0.015625,0.3307726979255676,0.015625,0.3306219279766083,proposed_moment_lmmse_ce,0.0,0.00015076994895935059
gate2_eval_umi_t1_4prb,10.0,10,0.0,0.3301753103733063,0.0,0.330095112323761,proposed_moment_lmmse_ce,0.0,8.019804954528809e-05
gate2_eval_umi_t1_4prb,10.0,11,0.0,0.3306123614311218,0.015625,0.3309175372123718,proposed_moment_lmmse_ce,-0.015625,-0.00030517578125
gate2_eval_umi_t1_4prb,14.0,0,0.0078125,0.3262061774730682,0.0078125,0.328112244606018,proposed_moment_lmmse_ce,0.0,-0.001906067132949829
gate2_eval_umi_t1_4prb,14.0,1,0.0,0.3266648054122925,0.0078125,0.33026784658432,proposed_moment_lmmse_ce,-0.0078125,-0.0036030411720275324
gate2_eval_umi_t1_4prb,14.0,2,0.0,0.3237783312797546,0.0,0.3237189352512359,proposed_moment_lmmse_ce,0.0,5.939602851867676e-05
gate2_eval_umi_t1_4prb,14.0,3,0.0,0.3233704268932342,0.0,0.3233554065227508,proposed_moment_lmmse_ce,0.0,1.5020370483398438e-05
gate2_eval_umi_t1_4prb,14.0,4,0.0,0.3236236870288849,0.0,0.3235789835453033,proposed_moment_lmmse_ce,0.0,4.470348358159848e-05
gate2_eval_umi_t1_4prb,14.0,5,0.0078125,0.3242103457450866,0.0078125,0.324326604604721,proposed_moment_lmmse_ce,0.0,-0.00011625885963439941
gate2_eval_umi_t1_4prb,14.0,6,0.0,0.3237446546554565,0.0,0.3237082064151764,proposed_moment_lmmse_ce,0.0,3.6448240280095856e-05
gate2_eval_umi_t1_4prb,14.0,7,0.0078125,0.3245119154453277,0.0078125,0.3243786096572876,proposed_moment_lmmse_ce,0.0,0.00013330578804010562
gate2_eval_umi_t1_4prb,14.0,8,0.0,0.3245207965373993,0.0,0.3252614140510559,proposed_moment_lmmse_ce,0.0,-0.0007406175136566162
gate2_eval_umi_t1_4prb,14.0,9,0.0,0.3238528072834015,0.0,0.3237490057945251,proposed_moment_lmmse_ce,0.0,0.00010380148887639828
gate2_eval_umi_t1_4prb,14.0,10,0.0078125,0.3251473307609558,0.015625,0.3250738680362701,proposed_moment_lmmse_ce,-0.0078125,7.346272468572446e-05
gate2_eval_umi_t1_4prb,14.0,11,0.0078125,0.3259384334087372,0.0078125,0.3262786865234375,proposed_moment_lmmse_ce,0.0,-0.0003402531147003174
gate2_eval_umi_t1_8prb,2.0,0,0.1796875,0.3556583225727081,0.171875,0.3559112846851349,proposed_moment_lmmse_ce,0.0078125,-0.0002529621124268133
gate2_eval_umi_t1_8prb,2.0,1,0.140625,0.3586617112159729,0.1328125,0.3587687611579895,proposed_moment_lmmse_ce,0.0078125,-0.00010704994201660156
gate2_eval_umi_t1_8prb,2.0,2,0.3125,0.355974793434143,0.3046875,0.3562326729297638,proposed_moment_lmmse_ce,0.0078125,-0.00025787949562078305
gate2_eval_umi_t1_8prb,2.0,3,0.25,0.3564778864383697,0.25,0.3567259311676025,proposed_moment_lmmse_ce,0.0,-0.0002480447292327881
gate2_eval_umi_t1_8prb,2.0,4,0.2578125,0.356475681066513,0.25,0.3566767573356628,proposed_moment_lmmse_ce,0.0078125,-0.00020107626914978027
gate2_eval_umi_t1_8prb,2.0,5,0.265625,0.3558131754398346,0.265625,0.3560637831687927,proposed_moment_lmmse_ce,0.0,-0.0002506077289581299
gate2_eval_umi_t1_8prb,2.0,6,0.2265625,0.3596271872520447,0.2265625,0.3597707748413086,proposed_moment_lmmse_ce,0.0,-0.00014358758926391602
gate2_eval_umi_t1_8prb,2.0,7,0.21875,0.3575693666934967,0.21875,0.3576891422271728,proposed_moment_lmmse_ce,0.0,-0.00011977553367609195
gate2_eval_umi_t1_8prb,2.0,8,0.1875,0.3603483736515045,0.1953125,0.3604877889156341,proposed_moment_lmmse_ce,-0.0078125,-0.00013941526412958316
gate2_eval_umi_t1_8prb,2.0,9,0.2890625,0.3570557236671448,0.2890625,0.357222706079483,proposed_moment_lmmse_ce,0.0,-0.00016698241233820132
gate2_eval_umi_t1_8prb,2.0,10,0.234375,0.3591293692588806,0.234375,0.3591910898685455,proposed_moment_lmmse_ce,0.0,-6.172060966486148e-05
gate2_eval_umi_t1_8prb,2.0,11,0.1640625,0.3650213181972503,0.1640625,0.3650407493114471,proposed_moment_lmmse_ce,0.0,-1.9431114196777344e-05
gate2_eval_umi_t1_8prb,6.0,0,0.0,0.3356716334819793,0.0,0.3357683420181274,proposed_moment_lmmse_ce,0.0,-9.670853614807129e-05
gate2_eval_umi_t1_8prb,6.0,1,0.0546875,0.3359281122684479,0.0546875,0.3359926044940948,proposed_moment_lmmse_ce,0.0,-6.449222564691715e-05
gate2_eval_umi_t1_8prb,6.0,2,0.046875,0.3365159928798675,0.0546875,0.338171899318695,proposed_moment_lmmse_ce,-0.0078125,-0.0016559064388275146
gate2_eval_umi_t1_8prb,6.0,3,0.0390625,0.3379818499088287,0.0390625,0.3395004272460937,proposed_moment_lmmse_ce,0.0,-0.0015185773372650146
gate2_eval_umi_t1_8prb,6.0,4,0.0078125,0.3369633257389068,0.0078125,0.3369373977184295,proposed_moment_lmmse_ce,0.0,2.5928020477294922e-05
gate2_eval_umi_t1_8prb,6.0,5,0.0703125,0.3369342684745788,0.0703125,0.336902916431427,proposed_moment_lmmse_ce,0.0,3.135204315179996e-05
gate2_eval_umi_t1_8prb,6.0,6,0.0390625,0.3349859416484833,0.0390625,0.3350546658039093,proposed_moment_lmmse_ce,0.0,-6.872415542602539e-05
gate2_eval_umi_t1_8prb,6.0,7,0.046875,0.3362280428409576,0.046875,0.3362577259540558,proposed_moment_lmmse_ce,0.0,-2.9683113098200042e-05
gate2_eval_umi_t1_8prb,6.0,8,0.0546875,0.3340400755405426,0.0625,0.334159642457962,proposed_moment_lmmse_ce,-0.0078125,-0.00011956691741937808
gate2_eval_umi_t1_8prb,6.0,9,0.0390625,0.3348239958286285,0.0390625,0.3348795473575592,proposed_moment_lmmse_ce,0.0,-5.5551528930719574e-05
gate2_eval_umi_t1_8prb,6.0,10,0.0234375,0.3348026871681213,0.0234375,0.3348669111728668,proposed_moment_lmmse_ce,0.0,-6.422400474553891e-05
gate2_eval_umi_t1_8prb,6.0,11,0.0390625,0.3348188400268554,0.046875,0.3359567523002624,proposed_moment_lmmse_ce,-0.0078125,-0.0011379122734069824
gate2_eval_umi_t1_8prb,10.0,0,0.0,0.3258238732814789,0.0,0.3258368670940399,proposed_moment_lmmse_ce,0.0,-1.2993812561035156e-05
gate2_eval_umi_t1_8prb,10.0,1,0.0,0.3282859623432159,0.0,0.3282493352890014,proposed_moment_lmmse_ce,0.0,3.662705421447754e-05
gate2_eval_umi_t1_8prb,10.0,2,0.015625,0.3263790309429168,0.015625,0.3264115750789642,proposed_moment_lmmse_ce,0.0,-3.254413604736328e-05
gate2_eval_umi_t1_8prb,10.0,3,0.015625,0.3260295689105987,0.015625,0.3260137140750885,proposed_moment_lmmse_ce,0.0,1.5854835510198395e-05
gate2_eval_umi_t1_8prb,10.0,4,0.0078125,0.325283944606781,0.0078125,0.3253193795681,proposed_moment_lmmse_ce,0.0,-3.5434961318969727e-05
gate2_eval_umi_t1_8prb,10.0,5,0.0078125,0.3280014991760254,0.0078125,0.3296460509300232,proposed_moment_lmmse_ce,0.0,-0.0016445517539978027
gate2_eval_umi_t1_8prb,10.0,6,0.015625,0.3277365565299988,0.0234375,0.3291121125221252,proposed_moment_lmmse_ce,-0.0078125,-0.0013755559921264093
gate2_eval_umi_t1_8prb,10.0,7,0.0,0.326195478439331,0.0,0.3261441886425018,proposed_moment_lmmse_ce,0.0,5.128979682922363e-05
gate2_eval_umi_t1_8prb,10.0,8,0.0078125,0.3271113932132721,0.0078125,0.3270605206489563,proposed_moment_lmmse_ce,0.0,5.08725643157959e-05
gate2_eval_umi_t1_8prb,10.0,9,0.015625,0.3288066685199737,0.015625,0.3292016088962555,proposed_moment_lmmse_ce,0.0,-0.0003949403762817938
gate2_eval_umi_t1_8prb,10.0,10,0.0234375,0.3282223641872406,0.0234375,0.3301175832748413,proposed_moment_lmmse_ce,0.0,-0.001895219087600708
gate2_eval_umi_t1_8prb,10.0,11,0.0,0.3258869051933288,0.0,0.3262289464473724,proposed_moment_lmmse_ce,0.0,-0.0003420412540435791
gate2_eval_umi_t1_8prb,14.0,0,0.0,0.3213265836238861,0.0,0.321378231048584,proposed_moment_lmmse_ce,0.0,-5.1647424697875977e-05
gate2_eval_umi_t1_8prb,14.0,1,0.0,0.3237995207309723,0.015625,0.3254965245723724,proposed_moment_lmmse_ce,-0.015625,-0.001697003841400091
gate2_eval_umi_t1_8prb,14.0,2,0.0,0.3215589523315429,0.0,0.3215993046760559,proposed_moment_lmmse_ce,0.0,-4.0352344512994964e-05
gate2_eval_umi_t1_8prb,14.0,3,0.0,0.3217091560363769,0.0,0.3218479752540588,proposed_moment_lmmse_ce,0.0,-0.00013881921768188477
gate2_eval_umi_t1_8prb,14.0,4,0.0,0.3215715587139129,0.0,0.3213854134082794,proposed_moment_lmmse_ce,0.0,0.0001861453056334894
gate2_eval_umi_t1_8prb,14.0,5,0.0234375,0.3230951428413391,0.0234375,0.3230174779891968,proposed_moment_lmmse_ce,0.0,7.766485214233398e-05
gate2_eval_umi_t1_8prb,14.0,6,0.0078125,0.322456806898117,0.0078125,0.3227275311946869,proposed_moment_lmmse_ce,0.0,-0.00027072429656987973
gate2_eval_umi_t1_8prb,14.0,7,0.0,0.322434663772583,0.0,0.3223482966423034,proposed_moment_lmmse_ce,0.0,8.636713027959653e-05
gate2_eval_umi_t1_8prb,14.0,8,0.0,0.3223743140697479,0.0,0.322370707988739,proposed_moment_lmmse_ce,0.0,3.606081008911133e-06
gate2_eval_umi_t1_8prb,14.0,9,0.0,0.3232451975345611,0.0,0.3232762515544891,proposed_moment_lmmse_ce,0.0,-3.1054019927978516e-05
gate2_eval_umi_t1_8prb,14.0,10,0.0078125,0.3219196796417236,0.0078125,0.321897029876709,proposed_moment_lmmse_ce,0.0,2.2649765014592926e-05
gate2_eval_umi_t1_8prb,14.0,11,0.015625,0.3213679790496826,0.03125,0.322767436504364,proposed_moment_lmmse_ce,-0.015625,-0.0013994574546813965
gate2_eval_umi_t1_12prb,2.0,0,0.25,0.3551358580589294,0.25,0.3552592992782593,proposed_moment_lmmse_ce,0.0,-0.0001234412193298895
gate2_eval_umi_t1_12prb,2.0,1,0.2578125,0.3586999475955963,0.28125,0.3584797084331512,proposed_moment_lmmse_ce,-0.0234375,0.00022023916244512387
gate2_eval_umi_t1_12prb,2.0,2,0.203125,0.3616426289081573,0.203125,0.3618030250072479,proposed_moment_lmmse_ce,0.0,-0.00016039609909063168
gate2_eval_umi_t1_12prb,2.0,3,0.1328125,0.3579322397708893,0.1328125,0.3580034375190735,proposed_moment_lmmse_ce,0.0,-7.11977481842041e-05
gate2_eval_umi_t1_12prb,2.0,4,0.171875,0.3567405641078949,0.1796875,0.3574120998382568,proposed_moment_lmmse_ce,-0.0078125,-0.000671535730361883
gate2_eval_umi_t1_12prb,2.0,5,0.3203125,0.363380879163742,0.3203125,0.3632137775421142,proposed_moment_lmmse_ce,0.0,0.00016710162162780762
gate2_eval_umi_t1_12prb,2.0,6,0.203125,0.3557489216327667,0.203125,0.3558807075023651,proposed_moment_lmmse_ce,0.0,-0.00013178586959838867
gate2_eval_umi_t1_12prb,2.0,7,0.2265625,0.3539649844169616,0.2265625,0.3541322648525238,proposed_moment_lmmse_ce,0.0,-0.0001672804355621893
gate2_eval_umi_t1_12prb,2.0,8,0.1640625,0.3547913432121277,0.171875,0.3549598157405853,proposed_moment_lmmse_ce,-0.0078125,-0.0001684725284576416
gate2_eval_umi_t1_12prb,2.0,9,0.25,0.3604941070079803,0.234375,0.3616403341293335,proposed_moment_lmmse_ce,0.015625,-0.001146227121353205
gate2_eval_umi_t1_12prb,2.0,10,0.25,0.3539092242717743,0.2421875,0.3540793657302856,proposed_moment_lmmse_ce,0.0078125,-0.00017014145851129703
gate2_eval_umi_t1_12prb,2.0,11,0.1953125,0.3554483652114868,0.1953125,0.355549693107605,proposed_moment_lmmse_ce,0.0,-0.00010132789611816406
gate2_eval_umi_t1_12prb,6.0,0,0.015625,0.3387770354747772,0.0078125,0.3386221528053283,proposed_moment_lmmse_ce,0.0078125,0.00015488266944890805
gate2_eval_umi_t1_12prb,6.0,1,0.0390625,0.3394127488136291,0.0625,0.3407468795776367,proposed_moment_lmmse_ce,-0.0234375,-0.0013341307640076239
gate2_eval_umi_t1_12prb,6.0,2,0.0859375,0.3392004072666168,0.09375,0.3398383557796478,proposed_moment_lmmse_ce,-0.0078125,-0.0006379485130310059
gate2_eval_umi_t1_12prb,6.0,3,0.015625,0.3396529853343963,0.015625,0.3395708203315735,proposed_moment_lmmse_ce,0.0,8.216500282282047e-05
gate2_eval_umi_t1_12prb,6.0,4,0.03125,0.3387100100517273,0.03125,0.3385061025619507,proposed_moment_lmmse_ce,0.0,0.00020390748977661133
gate2_eval_umi_t1_12prb,6.0,5,0.0390625,0.3436420857906341,0.046875,0.3471551537513733,proposed_moment_lmmse_ce,-0.0078125,-0.0035130679607391913
gate2_eval_umi_t1_12prb,6.0,6,0.0234375,0.3373515009880066,0.0234375,0.3376645743846893,proposed_moment_lmmse_ce,0.0,-0.00031307339668268375
gate2_eval_umi_t1_12prb,6.0,7,0.0546875,0.3408214151859283,0.078125,0.3428085744380951,proposed_moment_lmmse_ce,-0.0234375,-0.0019871592521668036
gate2_eval_umi_t1_12prb,6.0,8,0.0703125,0.3372685015201568,0.0703125,0.3372223675251007,proposed_moment_lmmse_ce,0.0,4.613399505609683e-05
gate2_eval_umi_t1_12prb,6.0,9,0.0390625,0.3416226208209991,0.0390625,0.3419142067432403,proposed_moment_lmmse_ce,0.0,-0.00029158592224121094
gate2_eval_umi_t1_12prb,6.0,10,0.0703125,0.3384945690631866,0.0703125,0.3382881581783294,proposed_moment_lmmse_ce,0.0,0.00020641088485717773
gate2_eval_umi_t1_12prb,6.0,11,0.0390625,0.3378393054008484,0.0390625,0.3377689123153686,proposed_moment_lmmse_ce,0.0,7.039308547979184e-05
gate2_eval_umi_t1_12prb,10.0,0,0.03125,0.3298732936382293,0.03125,0.330452561378479,proposed_moment_lmmse_ce,0.0,-0.0005792677402496893
gate2_eval_umi_t1_12prb,10.0,1,0.0,0.3307638168334961,0.0,0.3306902050971985,proposed_moment_lmmse_ce,0.0,7.361173629760742e-05
gate2_eval_umi_t1_12prb,10.0,2,0.0234375,0.3342710435390472,0.0234375,0.335143119096756,proposed_moment_lmmse_ce,0.0,-0.0008720755577087957
gate2_eval_umi_t1_12prb,10.0,3,0.0,0.3293550610542297,0.0,0.3295885622501373,proposed_moment_lmmse_ce,0.0,-0.00023350119590759277
gate2_eval_umi_t1_12prb,10.0,4,0.03125,0.3323526680469513,0.046875,0.3330579400062561,proposed_moment_lmmse_ce,-0.015625,-0.0007052719593048096
gate2_eval_umi_t1_12prb,10.0,5,0.0,0.3299656808376312,0.0,0.3298225700855255,proposed_moment_lmmse_ce,0.0,0.0001431107521057129
gate2_eval_umi_t1_12prb,10.0,6,0.0078125,0.3306187987327575,0.0078125,0.331153929233551,proposed_moment_lmmse_ce,0.0,-0.0005351305007935125
gate2_eval_umi_t1_12prb,10.0,7,0.03125,0.3317309319972992,0.03125,0.3325159251689911,proposed_moment_lmmse_ce,0.0,-0.0007849931716918945
gate2_eval_umi_t1_12prb,10.0,8,0.015625,0.3320735692977905,0.015625,0.3333446085453033,proposed_moment_lmmse_ce,0.0,-0.0012710392475127619
gate2_eval_umi_t1_12prb,10.0,9,0.0,0.3299783766269684,0.0,0.3304115235805511,proposed_moment_lmmse_ce,0.0,-0.00043314695358270816
gate2_eval_umi_t1_12prb,10.0,10,0.015625,0.332959234714508,0.03125,0.3345535695552826,proposed_moment_lmmse_ce,-0.015625,-0.0015943348407745916
gate2_eval_umi_t1_12prb,10.0,11,0.0,0.3314605355262756,0.0,0.3321684002876282,proposed_moment_lmmse_ce,0.0,-0.0007078647613525946
gate2_eval_umi_t1_12prb,14.0,0,0.0,0.3270788192749023,0.0,0.3270156383514404,proposed_moment_lmmse_ce,0.0,6.318092346191406e-05
gate2_eval_umi_t1_12prb,14.0,1,0.015625,0.3261520266532898,0.015625,0.3278936147689819,proposed_moment_lmmse_ce,0.0,-0.0017415881156920832
gate2_eval_umi_t1_12prb,14.0,2,0.0,0.3273680806159973,0.0,0.3284581303596496,proposed_moment_lmmse_ce,0.0,-0.0010900497436522882
gate2_eval_umi_t1_12prb,14.0,3,0.015625,0.3282110393047333,0.015625,0.3295037448406219,proposed_moment_lmmse_ce,0.0,-0.0012927055358886164
gate2_eval_umi_t1_12prb,14.0,4,0.0,0.3285421133041382,0.0078125,0.3296944200992584,proposed_moment_lmmse_ce,-0.0078125,-0.0011523067951202393
gate2_eval_umi_t1_12prb,14.0,5,0.0078125,0.3281838893890381,0.015625,0.3289604187011719,proposed_moment_lmmse_ce,-0.0078125,-0.0007765293121337891
gate2_eval_umi_t1_12prb,14.0,6,0.0078125,0.3276529610157013,0.0,0.3279047608375549,proposed_moment_lmmse_ce,0.0078125,-0.0002517998218535822
gate2_eval_umi_t1_12prb,14.0,7,0.0,0.32771697640419,0.0,0.3288914263248443,proposed_moment_lmmse_ce,0.0,-0.0011744499206542969
gate2_eval_umi_t1_12prb,14.0,8,0.0,0.3263029456138611,0.0,0.3265857994556427,proposed_moment_lmmse_ce,0.0,-0.0002828538417816162
gate2_eval_umi_t1_12prb,14.0,9,0.03125,0.3276196420192718,0.03125,0.328160673379898,proposed_moment_lmmse_ce,0.0,-0.0005410313606262207
gate2_eval_umi_t1_12prb,14.0,10,0.015625,0.3267768621444702,0.015625,0.3269369006156921,proposed_moment_lmmse_ce,0.0,-0.00016003847122186832
gate2_eval_umi_t1_12prb,14.0,11,0.0,0.3286768496036529,0.0,0.3295436799526214,proposed_moment_lmmse_ce,0.0,-0.0008668303489685059
gate2_eval_umi_t2_12prb,2.0,0,0.234375,0.3591345250606537,0.2265625,0.3592564761638641,proposed_moment_lmmse_ce,0.0078125,-0.00012195110321039371
gate2_eval_umi_t2_12prb,2.0,1,0.2734375,0.36900195479393,0.2734375,0.3695839643478393,proposed_moment_lmmse_ce,0.0,-0.0005820095539093018
gate2_eval_umi_t2_12prb,2.0,2,0.3046875,0.357501208782196,0.296875,0.3575673699378967,proposed_moment_lmmse_ce,0.0078125,-6.61611557006836e-05
gate2_eval_umi_t2_12prb,2.0,3,0.1640625,0.3552250266075134,0.1640625,0.3555673360824585,proposed_moment_lmmse_ce,0.0,-0.00034230947494506836
gate2_eval_umi_t2_12prb,2.0,4,0.265625,0.3569256961345672,0.265625,0.3570951521396637,proposed_moment_lmmse_ce,0.0,-0.00016945600509649106
gate2_eval_umi_t2_12prb,2.0,5,0.1953125,0.3579161763191223,0.1953125,0.358144611120224,proposed_moment_lmmse_ce,0.0,-0.00022843480110168457
gate2_eval_umi_t2_12prb,2.0,6,0.21875,0.3588736355304718,0.21875,0.3587802946567535,proposed_moment_lmmse_ce,0.0,9.334087371831723e-05
gate2_eval_umi_t2_12prb,2.0,7,0.1640625,0.3577133119106293,0.1640625,0.3582772612571716,proposed_moment_lmmse_ce,0.0,-0.0005639493465423029
gate2_eval_umi_t2_12prb,2.0,8,0.296875,0.364828497171402,0.3046875,0.3647041022777557,proposed_moment_lmmse_ce,-0.0078125,0.00012439489364629575
gate2_eval_umi_t2_12prb,2.0,9,0.203125,0.355652242898941,0.203125,0.35588139295578,proposed_moment_lmmse_ce,0.0,-0.00022915005683898926
gate2_eval_umi_t2_12prb,2.0,10,0.203125,0.3545415997505188,0.2109375,0.3548204302787781,proposed_moment_lmmse_ce,-0.0078125,-0.00027883052825927734
gate2_eval_umi_t2_12prb,2.0,11,0.265625,0.3604139983654022,0.265625,0.3606643378734588,proposed_moment_lmmse_ce,0.0,-0.0002503395080565851
gate2_eval_umi_t2_12prb,6.0,0,0.03125,0.3378174304962158,0.0390625,0.3382673561573028,proposed_moment_lmmse_ce,-0.0078125,-0.0004499256610869806
gate2_eval_umi_t2_12prb,6.0,1,0.078125,0.3366887867450714,0.0703125,0.3367320597171783,proposed_moment_lmmse_ce,0.0078125,-4.327297210687808e-05
gate2_eval_umi_t2_12prb,6.0,2,0.046875,0.3399249613285064,0.046875,0.3406408429145813,proposed_moment_lmmse_ce,0.0,-0.0007158815860748846
gate2_eval_umi_t2_12prb,6.0,3,0.0390625,0.3431165516376495,0.046875,0.3433292806148529,proposed_moment_lmmse_ce,-0.0078125,-0.00021272897720342465
gate2_eval_umi_t2_12prb,6.0,4,0.03125,0.3393706679344177,0.03125,0.3399227857589721,proposed_moment_lmmse_ce,0.0,-0.0005521178245543878
gate2_eval_umi_t2_12prb,6.0,5,0.015625,0.3401094079017639,0.015625,0.3397815525531769,proposed_moment_lmmse_ce,0.0,0.00032785534858703613
gate2_eval_umi_t2_12prb,6.0,6,0.015625,0.3373118937015533,0.015625,0.3373180329799652,proposed_moment_lmmse_ce,0.0,-6.1392784119207455e-06
gate2_eval_umi_t2_12prb,6.0,7,0.0703125,0.3421521782875061,0.1015625,0.3454334139823913,proposed_moment_lmmse_ce,-0.03125,-0.0032812356948851984
gate2_eval_umi_t2_12prb,6.0,8,0.0,0.3380789756774902,0.0,0.3382192254066467,proposed_moment_lmmse_ce,0.0,-0.00014024972915649414
gate2_eval_umi_t2_12prb,6.0,9,0.078125,0.337603211402893,0.0859375,0.33778977394104,proposed_moment_lmmse_ce,-0.0078125,-0.00018656253814697266
gate2_eval_umi_t2_12prb,6.0,10,0.0234375,0.3369071185588836,0.03125,0.3372271656990051,proposed_moment_lmmse_ce,-0.0078125,-0.00032004714012151547
gate2_eval_umi_t2_12prb,6.0,11,0.03125,0.3376055955886841,0.03125,0.3375185430049896,proposed_moment_lmmse_ce,0.0,8.705258369445801e-05
gate2_eval_umi_t2_12prb,10.0,0,0.0,0.3319580256938934,0.0,0.3317452371120453,proposed_moment_lmmse_ce,0.0,0.00021278858184808902
gate2_eval_umi_t2_12prb,10.0,1,0.0,0.331357330083847,0.0,0.3317186534404754,proposed_moment_lmmse_ce,0.0,-0.00036132335662841797
gate2_eval_umi_t2_12prb,10.0,2,0.0390625,0.3346019387245178,0.0390625,0.334561824798584,proposed_moment_lmmse_ce,0.0,4.011392593383789e-05
gate2_eval_umi_t2_12prb,10.0,3,0.0078125,0.3296501636505127,0.0078125,0.3296063840389251,proposed_moment_lmmse_ce,0.0,4.3779611587579925e-05
gate2_eval_umi_t2_12prb,10.0,4,0.0078125,0.3312384486198425,0.015625,0.3334892690181732,proposed_moment_lmmse_ce,-0.0078125,-0.002250820398330744
gate2_eval_umi_t2_12prb,10.0,5,0.046875,0.3385703563690185,0.046875,0.3387481272220611,proposed_moment_lmmse_ce,0.0,-0.00017777085304260254
gate2_eval_umi_t2_12prb,10.0,6,0.0,0.3317091464996338,0.0,0.3315051794052124,proposed_moment_lmmse_ce,0.0,0.00020396709442138672
gate2_eval_umi_t2_12prb,10.0,7,0.0,0.3304662108421325,0.0,0.3304312229156494,proposed_moment_lmmse_ce,0.0,3.4987926483098786e-05
gate2_eval_umi_t2_12prb,10.0,8,0.0078125,0.3303627371788025,0.0078125,0.3306228518486023,proposed_moment_lmmse_ce,0.0,-0.0002601146697998047
gate2_eval_umi_t2_12prb,10.0,9,0.0234375,0.3337270617485046,0.03125,0.3345707952976227,proposed_moment_lmmse_ce,-0.0078125,-0.0008437335491180975
gate2_eval_umi_t2_12prb,10.0,10,0.03125,0.3353981673717499,0.03125,0.3358684480190277,proposed_moment_lmmse_ce,0.0,-0.00047028064727783203
gate2_eval_umi_t2_12prb,10.0,11,0.0,0.3317853808403015,0.0,0.3321535289287567,proposed_moment_lmmse_ce,0.0,-0.0003681480884552002
gate2_eval_umi_t2_12prb,14.0,0,0.0,0.3283167481422424,0.0,0.3295383751392364,proposed_moment_lmmse_ce,0.0,-0.0012216269969940186
gate2_eval_umi_t2_12prb,14.0,1,0.0,0.3277494311332702,0.0,0.3280985057353973,proposed_moment_lmmse_ce,0.0,-0.0003490746021270752
gate2_eval_umi_t2_12prb,14.0,2,0.015625,0.3269025683403015,0.0234375,0.3279553353786468,proposed_moment_lmmse_ce,-0.0078125,-0.0010527670383452814
gate2_eval_umi_t2_12prb,14.0,3,0.0,0.3284701406955719,0.0,0.3284810483455658,proposed_moment_lmmse_ce,0.0,-1.0907649993896484e-05
gate2_eval_umi_t2_12prb,14.0,4,0.0,0.3277665078639984,0.0,0.328224629163742,proposed_moment_lmmse_ce,0.0,-0.00045812129974359683
gate2_eval_umi_t2_12prb,14.0,5,0.015625,0.3286454975605011,0.015625,0.3289755880832672,proposed_moment_lmmse_ce,0.0,-0.0003300905227661133
gate2_eval_umi_t2_12prb,14.0,6,0.0078125,0.3278971314430237,0.0078125,0.3282069563865661,proposed_moment_lmmse_ce,0.0,-0.00030982494354242496
gate2_eval_umi_t2_12prb,14.0,7,0.0,0.3258240818977356,0.0,0.325774222612381,proposed_moment_lmmse_ce,0.0,4.985928535461426e-05
gate2_eval_umi_t2_12prb,14.0,8,0.015625,0.3279393017292022,0.015625,0.3286977410316467,proposed_moment_lmmse_ce,0.0,-0.000758439302444458
gate2_eval_umi_t2_12prb,14.0,9,0.015625,0.3271286487579345,0.0234375,0.3288111984729767,proposed_moment_lmmse_ce,-0.0078125,-0.0016825497150421698
gate2_eval_umi_t2_12prb,14.0,10,0.015625,0.3274550437927246,0.015625,0.3273290693759918,proposed_moment_lmmse_ce,0.0,0.00012597441673278809
gate2_eval_umi_t2_12prb,14.0,11,0.0078125,0.3269616067409515,0.0078125,0.3270153701305389,proposed_moment_lmmse_ce,0.0,-5.3763389587402344e-05
gate2_eval_uma_t1_12prb,2.0,0,0.328125,0.3671538829803467,0.3125,0.3683927357196808,proposed_moment_lmmse_ce,0.015625,-0.0012388527393341064
gate2_eval_uma_t1_12prb,2.0,1,0.3359375,0.3658041059970855,0.3359375,0.3654525876045227,proposed_moment_lmmse_ce,0.0,0.0003515183925628107
gate2_eval_uma_t1_12prb,2.0,2,0.3359375,0.369980901479721,0.3515625,0.3711826503276825,proposed_moment_lmmse_ce,-0.015625,-0.0012017488479614813
gate2_eval_uma_t1_12prb,2.0,3,0.40625,0.3758096992969513,0.3984375,0.3757582604885101,proposed_moment_lmmse_ce,0.0078125,5.143880844121762e-05
gate2_eval_uma_t1_12prb,2.0,4,0.3125,0.3619460165500641,0.3125,0.3620623052120209,proposed_moment_lmmse_ce,0.0,-0.00011628866195678711
gate2_eval_uma_t1_12prb,2.0,5,0.2265625,0.366641491651535,0.234375,0.3678233623504638,proposed_moment_lmmse_ce,-0.0078125,-0.001181870698928833
gate2_eval_uma_t1_12prb,2.0,6,0.4375,0.3703979253768921,0.4296875,0.3703487813472748,proposed_moment_lmmse_ce,0.0078125,4.914402961730957e-05
gate2_eval_uma_t1_12prb,2.0,7,0.3828125,0.3685601055622101,0.390625,0.3687722682952881,proposed_moment_lmmse_ce,-0.0078125,-0.00021216273307800293
gate2_eval_uma_t1_12prb,2.0,8,0.4296875,0.3611660003662109,0.4296875,0.3612827360630035,proposed_moment_lmmse_ce,0.0,-0.00011673569679260254
gate2_eval_uma_t1_12prb,2.0,9,0.3359375,0.3649418354034424,0.3359375,0.3649232983589172,proposed_moment_lmmse_ce,0.0,1.8537044525201996e-05
gate2_eval_uma_t1_12prb,2.0,10,0.25,0.3652617037296295,0.25,0.3652513325214386,proposed_moment_lmmse_ce,0.0,1.0371208190917969e-05
gate2_eval_uma_t1_12prb,2.0,11,0.3671875,0.3618486821651459,0.3671875,0.3618758916854858,proposed_moment_lmmse_ce,0.0,-2.720952033991031e-05
gate2_eval_uma_t1_12prb,6.0,0,0.0234375,0.3451856970787048,0.0234375,0.3451558649539947,proposed_moment_lmmse_ce,0.0,2.9832124710083008e-05
gate2_eval_uma_t1_12prb,6.0,1,0.0390625,0.347574383020401,0.0625,0.3499328792095184,proposed_moment_lmmse_ce,-0.0234375,-0.002358496189117376
gate2_eval_uma_t1_12prb,6.0,2,0.1171875,0.3478786051273346,0.1171875,0.3490562736988067,proposed_moment_lmmse_ce,0.0,-0.0011776685714721125
gate2_eval_uma_t1_12prb,6.0,3,0.1015625,0.3467830121517181,0.109375,0.3476889133453369,proposed_moment_lmmse_ce,-0.0078125,-0.0009059011936188299
gate2_eval_uma_t1_12prb,6.0,4,0.0546875,0.3442664742469787,0.0546875,0.3450334072113037,proposed_moment_lmmse_ce,0.0,-0.0007669329643250067
gate2_eval_uma_t1_12prb,6.0,5,0.109375,0.3484220206737518,0.1015625,0.3482596278190613,proposed_moment_lmmse_ce,0.0078125,0.00016239285469049625
gate2_eval_uma_t1_12prb,6.0,6,0.0859375,0.346605509519577,0.1015625,0.3470716774463653,proposed_moment_lmmse_ce,-0.015625,-0.00046616792678827457
gate2_eval_uma_t1_12prb,6.0,7,0.0234375,0.3451900780200958,0.03125,0.3465730547904968,proposed_moment_lmmse_ce,-0.0078125,-0.001382976770401001
gate2_eval_uma_t1_12prb,6.0,8,0.1328125,0.3511173725128174,0.1640625,0.3537071645259857,proposed_moment_lmmse_ce,-0.03125,-0.002589792013168335
gate2_eval_uma_t1_12prb,6.0,9,0.0625,0.3501570224761963,0.078125,0.3516380190849304,proposed_moment_lmmse_ce,-0.015625,-0.0014809966087341309
gate2_eval_uma_t1_12prb,6.0,10,0.0390625,0.348058819770813,0.0625,0.3509333729743957,proposed_moment_lmmse_ce,-0.0234375,-0.002874553203582708
gate2_eval_uma_t1_12prb,6.0,11,0.0625,0.3496768176555633,0.0546875,0.3503343462944031,proposed_moment_lmmse_ce,0.0078125,-0.0006575286388397772
gate2_eval_uma_t1_12prb,10.0,0,0.015625,0.3425329625606537,0.03125,0.3448385000228882,proposed_moment_lmmse_ce,-0.015625,-0.002305537462234497
gate2_eval_uma_t1_12prb,10.0,1,0.046875,0.3402387201786041,0.046875,0.3421517014503479,proposed_moment_lmmse_ce,0.0,-0.0019129812717437744
gate2_eval_uma_t1_12prb,10.0,2,0.0234375,0.340305358171463,0.03125,0.3410000205039978,proposed_moment_lmmse_ce,-0.0078125,-0.00069466233253479
gate2_eval_uma_t1_12prb,10.0,3,0.0546875,0.34231036901474,0.0625,0.3448428213596344,proposed_moment_lmmse_ce,-0.0078125,-0.002532452344894409
gate2_eval_uma_t1_12prb,10.0,4,0.015625,0.3367910385131836,0.015625,0.3366495072841644,proposed_moment_lmmse_ce,0.0,0.00014153122901922055
gate2_eval_uma_t1_12prb,10.0,5,0.0234375,0.340169757604599,0.015625,0.3411318063735962,proposed_moment_lmmse_ce,0.0078125,-0.0009620487689971924
gate2_eval_uma_t1_12prb,10.0,6,0.03125,0.3384817838668823,0.03125,0.3396452367305755,proposed_moment_lmmse_ce,0.0,-0.0011634528636931818
gate2_eval_uma_t1_12prb,10.0,7,0.0390625,0.340868204832077,0.046875,0.342751681804657,proposed_moment_lmmse_ce,-0.0078125,-0.001883476972579956
gate2_eval_uma_t1_12prb,10.0,8,0.015625,0.3413787186145782,0.0234375,0.3415145874023437,proposed_moment_lmmse_ce,-0.0078125,-0.00013586878776550293
gate2_eval_uma_t1_12prb,10.0,9,0.0078125,0.3381344676017761,0.0234375,0.3409022986888885,proposed_moment_lmmse_ce,-0.015625,-0.0027678310871123712
gate2_eval_uma_t1_12prb,10.0,10,0.0546875,0.3426938951015472,0.0703125,0.3444870412349701,proposed_moment_lmmse_ce,-0.015625,-0.001793146133422907
gate2_eval_uma_t1_12prb,10.0,11,0.0078125,0.3367581367492676,0.0078125,0.3383949697017669,proposed_moment_lmmse_ce,0.0,-0.0016368329524993341
gate2_eval_uma_t1_12prb,14.0,0,0.0,0.3356157839298248,0.0,0.3368058204650879,proposed_moment_lmmse_ce,0.0,-0.001190036535263117
gate2_eval_uma_t1_12prb,14.0,1,0.0078125,0.3358109891414642,0.015625,0.3371538817882538,proposed_moment_lmmse_ce,-0.0078125,-0.0013428926467896063
gate2_eval_uma_t1_12prb,14.0,2,0.0,0.3333867192268371,0.0,0.3337707817554474,proposed_moment_lmmse_ce,0.0,-0.000384062528610285
gate2_eval_uma_t1_12prb,14.0,3,0.015625,0.3366665840148926,0.0234375,0.3370707333087921,proposed_moment_lmmse_ce,-0.0078125,-0.00040414929389953613
gate2_eval_uma_t1_12prb,14.0,4,0.0,0.3342215418815613,0.0,0.3373721539974212,proposed_moment_lmmse_ce,0.0,-0.00315061211585993
gate2_eval_uma_t1_12prb,14.0,5,0.0078125,0.3343288600444793,0.0078125,0.3351690471172333,proposed_moment_lmmse_ce,0.0,-0.0008401870727539618
gate2_eval_uma_t1_12prb,14.0,6,0.0390625,0.3418453633785248,0.046875,0.3421218395233154,proposed_moment_lmmse_ce,-0.0078125,-0.0002764761447905939
gate2_eval_uma_t1_12prb,14.0,7,0.03125,0.3418145477771759,0.03125,0.3428868651390075,proposed_moment_lmmse_ce,0.0,-0.0010723173618316095
gate2_eval_uma_t1_12prb,14.0,8,0.0078125,0.3383358120918274,0.015625,0.339237630367279,proposed_moment_lmmse_ce,-0.0078125,-0.0009018182754516046
gate2_eval_uma_t1_12prb,14.0,9,0.015625,0.3393886983394623,0.0234375,0.3414060175418854,proposed_moment_lmmse_ce,-0.0078125,-0.0020173192024230957
gate2_eval_uma_t1_12prb,14.0,10,0.0,0.3355222344398498,0.0,0.3362614512443542,proposed_moment_lmmse_ce,0.0,-0.0007392168045043945
gate2_eval_uma_t1_12prb,14.0,11,0.03125,0.3437651693820953,0.03125,0.3438669741153717,proposed_moment_lmmse_ce,0.0,-0.0001018047332764227
gate2_eval_cdl_c_2layer_12prb,2.0,0,0.15625,0.3379448354244232,0.15625,0.3381315469741821,proposed_moment_lmmse_ce,0.0,-0.00018671154975885562
gate2_eval_cdl_c_2layer_12prb,2.0,1,0.34375,0.3378407955169678,0.3125,0.3380087018013,proposed_moment_lmmse_ce,0.03125,-0.00016790628433221988
gate2_eval_cdl_c_2layer_12prb,2.0,2,0.25,0.3379166424274444,0.25,0.338116705417633,proposed_moment_lmmse_ce,0.0,-0.00020006299018859863
gate2_eval_cdl_c_2layer_12prb,2.0,3,0.28125,0.3376278579235077,0.28125,0.3378061652183532,proposed_moment_lmmse_ce,0.0,-0.00017830729484552554
gate2_eval_cdl_c_2layer_12prb,2.0,4,0.21875,0.3380329310894012,0.21875,0.3382074534893036,proposed_moment_lmmse_ce,0.0,-0.00017452239990239926
gate2_eval_cdl_c_2layer_12prb,2.0,5,0.34375,0.3386436402797699,0.34375,0.3388176560401916,proposed_moment_lmmse_ce,0.0,-0.00017401576042169742
gate2_eval_cdl_c_2layer_12prb,2.0,6,0.25,0.3382577300071716,0.25,0.3384757041931152,proposed_moment_lmmse_ce,0.0,-0.00021797418594360352
gate2_eval_cdl_c_2layer_12prb,2.0,7,0.15625,0.338217169046402,0.15625,0.3384052515029907,proposed_moment_lmmse_ce,0.0,-0.00018808245658874512
gate2_eval_cdl_c_2layer_12prb,2.0,8,0.375,0.3382196426391601,0.375,0.3384201228618622,proposed_moment_lmmse_ce,0.0,-0.00020048022270208188
gate2_eval_cdl_c_2layer_12prb,2.0,9,0.28125,0.3382576107978821,0.28125,0.3384320735931396,proposed_moment_lmmse_ce,0.0,-0.00017446279525751285
gate2_eval_cdl_c_2layer_12prb,2.0,10,0.21875,0.3377248048782348,0.21875,0.3379346430301666,proposed_moment_lmmse_ce,0.0,-0.0002098381519318182
gate2_eval_cdl_c_2layer_12prb,2.0,11,0.34375,0.3382733166217804,0.34375,0.3384416699409485,proposed_moment_lmmse_ce,0.0,-0.00016835331916809082
gate2_eval_cdl_c_2layer_12prb,6.0,0,0.125,0.329144150018692,0.125,0.3292587697505951,proposed_moment_lmmse_ce,0.0,-0.00011461973190307617
gate2_eval_cdl_c_2layer_12prb,6.0,1,0.0625,0.3289800584316253,0.0625,0.3290880620479584,proposed_moment_lmmse_ce,0.0,-0.00010800361633306332
gate2_eval_cdl_c_2layer_12prb,6.0,2,0.09375,0.3290789127349853,0.09375,0.3291834592819214,proposed_moment_lmmse_ce,0.0,-0.00010454654693609067
gate2_eval_cdl_c_2layer_12prb,6.0,3,0.125,0.3292041420936584,0.125,0.3292911648750305,proposed_moment_lmmse_ce,0.0,-8.702278137212582e-05
gate2_eval_cdl_c_2layer_12prb,6.0,4,0.0625,0.3292043507099151,0.0625,0.3293116092681885,proposed_moment_lmmse_ce,0.0,-0.00010725855827337094
gate2_eval_cdl_c_2layer_12prb,6.0,5,0.15625,0.3292889595031738,0.15625,0.3294066190719604,proposed_moment_lmmse_ce,0.0,-0.0001176595687866211
gate2_eval_cdl_c_2layer_12prb,6.0,6,0.0625,0.3290709853172302,0.0625,0.3291729390621185,proposed_moment_lmmse_ce,0.0,-0.00010195374488825015
gate2_eval_cdl_c_2layer_12prb,6.0,7,0.125,0.3291950523853302,0.125,0.3293088376522064,proposed_moment_lmmse_ce,0.0,-0.0001137852668762207
gate2_eval_cdl_c_2layer_12prb,6.0,8,0.03125,0.3291181325912475,0.03125,0.3292103409767151,proposed_moment_lmmse_ce,0.0,-9.220838546758481e-05
gate2_eval_cdl_c_2layer_12prb,6.0,9,0.09375,0.3288373947143554,0.09375,0.3289492130279541,proposed_moment_lmmse_ce,0.0,-0.00011181831359868832
gate2_eval_cdl_c_2layer_12prb,6.0,10,0.09375,0.3293953239917755,0.09375,0.3294927775859833,proposed_moment_lmmse_ce,0.0,-9.745359420776367e-05
gate2_eval_cdl_c_2layer_12prb,6.0,11,0.09375,0.3290949463844299,0.09375,0.3292092680931091,proposed_moment_lmmse_ce,0.0,-0.00011432170867919922
gate2_eval_cdl_c_2layer_12prb,10.0,0,0.03125,0.3260044157505035,0.03125,0.3260300457477569,proposed_moment_lmmse_ce,0.0,-2.562999725341797e-05
gate2_eval_cdl_c_2layer_12prb,10.0,1,0.0,0.3256060481071472,0.0,0.3256398141384125,proposed_moment_lmmse_ce,0.0,-3.376603126525879e-05
gate2_eval_cdl_c_2layer_12prb,10.0,2,0.03125,0.3254602253437042,0.03125,0.3254972398281097,proposed_moment_lmmse_ce,0.0,-3.701448440546207e-05
gate2_eval_cdl_c_2layer_12prb,10.0,3,0.0,0.3257013261318207,0.0,0.3257346749305725,proposed_moment_lmmse_ce,0.0,-3.3348798751831055e-05
gate2_eval_cdl_c_2layer_12prb,10.0,4,0.0625,0.3253392875194549,0.0625,0.3253851234912872,proposed_moment_lmmse_ce,0.0,-4.583597183227539e-05
gate2_eval_cdl_c_2layer_12prb,10.0,5,0.0,0.3256416320800781,0.0,0.3256817460060119,proposed_moment_lmmse_ce,0.0,-4.011392593378238e-05
gate2_eval_cdl_c_2layer_12prb,10.0,6,0.0625,0.3255946040153503,0.0625,0.3256182670593261,proposed_moment_lmmse_ce,0.0,-2.3663043975830078e-05
gate2_eval_cdl_c_2layer_12prb,10.0,7,0.03125,0.3254032433032989,0.03125,0.3254419565200805,proposed_moment_lmmse_ce,0.0,-3.871321678161621e-05
gate2_eval_cdl_c_2layer_12prb,10.0,8,0.0,0.3256157338619232,0.0,0.3256548047065735,proposed_moment_lmmse_ce,0.0,-3.9070844650268555e-05
gate2_eval_cdl_c_2layer_12prb,10.0,9,0.0,0.3254485726356506,0.0,0.3254871070384979,proposed_moment_lmmse_ce,0.0,-3.853440284734555e-05
gate2_eval_cdl_c_2layer_12prb,10.0,10,0.0625,0.3253084719181061,0.0625,0.3253616392612457,proposed_moment_lmmse_ce,0.0,-5.316734313964844e-05
gate2_eval_cdl_c_2layer_12prb,10.0,11,0.03125,0.3257743716239929,0.03125,0.325805515050888,proposed_moment_lmmse_ce,0.0,-3.114342689508609e-05
gate2_eval_cdl_c_2layer_12prb,14.0,0,0.0,0.3238243758678436,0.0,0.3238205015659332,proposed_moment_lmmse_ce,0.0,3.8743019103448795e-06
gate2_eval_cdl_c_2layer_12prb,14.0,1,0.03125,0.3240006268024444,0.03125,0.3239902555942535,proposed_moment_lmmse_ce,0.0,1.0371208190917969e-05
gate2_eval_cdl_c_2layer_12prb,14.0,2,0.0,0.3239416778087616,0.0,0.3239336013793945,proposed_moment_lmmse_ce,0.0,8.07642936712094e-06
gate2_eval_cdl_c_2layer_12prb,14.0,3,0.0,0.3237289190292358,0.0,0.3237349689006805,proposed_moment_lmmse_ce,0.0,-6.0498714447021484e-06
gate2_eval_cdl_c_2layer_12prb,14.0,4,0.0,0.3240986764431,0.0,0.3240856826305389,proposed_moment_lmmse_ce,0.0,1.2993812561090667e-05
gate2_eval_cdl_c_2layer_12prb,14.0,5,0.0,0.3239333629608154,0.0,0.3239254057407379,proposed_moment_lmmse_ce,0.0,7.957220077459137e-06
gate2_eval_cdl_c_2layer_12prb,14.0,6,0.0,0.3238000273704529,0.0,0.3237940371036529,proposed_moment_lmmse_ce,0.0,5.990266799982269e-06
gate2_eval_cdl_c_2layer_12prb,14.0,7,0.0,0.3240884244441986,0.0,0.3240696489810943,proposed_moment_lmmse_ce,0.0,1.8775463104303558e-05
gate2_eval_cdl_c_2layer_12prb,14.0,8,0.0,0.3239464163780212,0.0,0.3239418268203735,proposed_moment_lmmse_ce,0.0,4.589557647705078e-06
gate2_eval_cdl_c_2layer_12prb,14.0,9,0.03125,0.32406085729599,0.03125,0.3240446448326111,proposed_moment_lmmse_ce,0.0,1.621246337890625e-05
gate2_eval_cdl_c_2layer_12prb,14.0,10,0.03125,0.3239560425281524,0.03125,0.3239462971687317,proposed_moment_lmmse_ce,0.0,9.745359420720856e-06
gate2_eval_cdl_c_2layer_12prb,14.0,11,0.03125,0.3238861262798309,0.03125,0.3238737285137176,proposed_moment_lmmse_ce,0.0,1.239776611328125e-05
gate2_eval_umi_t1_4prb,2.0,0,0.328125,0.3753907680511474,0.09375,0.1310826241970062,ls_linear_common_detector,0.234375,0.2443081438541412
gate2_eval_umi_t1_4prb,2.0,1,0.3203125,0.3761095106601715,0.1328125,0.1322397738695144,ls_linear_common_detector,0.1875,0.2438697367906571
gate2_eval_umi_t1_4prb,2.0,2,0.28125,0.3764191269874573,0.0703125,0.1328434348106384,ls_linear_common_detector,0.2109375,0.24357569217681888
gate2_eval_umi_t1_4prb,2.0,3,0.3671875,0.3780931234359741,0.125,0.1350659728050232,ls_linear_common_detector,0.2421875,0.24302715063095093
gate2_eval_umi_t1_4prb,2.0,4,0.2890625,0.3738680779933929,0.1328125,0.1310749948024749,ls_linear_common_detector,0.15625,0.242793083190918
gate2_eval_umi_t1_4prb,2.0,5,0.2734375,0.3749798834323883,0.125,0.1334107220172882,ls_linear_common_detector,0.1484375,0.2415691614151001
gate2_eval_umi_t1_4prb,2.0,6,0.21875,0.3752351999282837,0.0625,0.1336663514375686,ls_linear_common_detector,0.15625,0.24156884849071508
gate2_eval_umi_t1_4prb,2.0,7,0.2578125,0.3774138689041137,0.109375,0.136925920844078,ls_linear_common_detector,0.1484375,0.2404879480600357
gate2_eval_umi_t1_4prb,2.0,8,0.296875,0.3762175440788269,0.125,0.1307438910007476,ls_linear_common_detector,0.171875,0.2454736530780793
gate2_eval_umi_t1_4prb,2.0,9,0.1640625,0.3750481903553009,0.0390625,0.1360400915145874,ls_linear_common_detector,0.125,0.2390080988407135
gate2_eval_umi_t1_4prb,2.0,10,0.3046875,0.3761340379714966,0.109375,0.1333765536546707,ls_linear_common_detector,0.1953125,0.2427574843168259
gate2_eval_umi_t1_4prb,2.0,11,0.2890625,0.3760125339031219,0.1171875,0.133762314915657,ls_linear_common_detector,0.171875,0.2422502189874649
gate2_eval_umi_t1_4prb,6.0,0,0.015625,0.3447855114936828,0.0,0.0584790930151939,ls_linear_common_detector,0.015625,0.2863064184784889
gate2_eval_umi_t1_4prb,6.0,1,0.09375,0.3458015322685241,0.0,0.0641898214817047,ls_linear_common_detector,0.09375,0.2816117107868194
gate2_eval_umi_t1_4prb,6.0,2,0.0625,0.3441872000694275,0.0,0.0576777122914791,ls_linear_common_detector,0.0625,0.2865094877779484
gate2_eval_umi_t1_4prb,6.0,3,0.125,0.3484185934066772,0.015625,0.0681056305766105,ls_linear_common_detector,0.109375,0.2803129628300667
gate2_eval_umi_t1_4prb,6.0,4,0.0859375,0.343820184469223,0.0,0.0578677617013454,ls_linear_common_detector,0.0859375,0.28595242276787763
gate2_eval_umi_t1_4prb,6.0,5,0.0703125,0.3451153039932251,0.015625,0.0594705641269683,ls_linear_common_detector,0.0546875,0.2856447398662568
gate2_eval_umi_t1_4prb,6.0,6,0.0625,0.35007244348526,0.0078125,0.0726712569594383,ls_linear_common_detector,0.0546875,0.2774011865258217
gate2_eval_umi_t1_4prb,6.0,7,0.0625,0.3440407514572143,0.0078125,0.0577705986797809,ls_linear_common_detector,0.0546875,0.2862701527774334
gate2_eval_umi_t1_4prb,6.0,8,0.0625,0.3447377383708954,0.015625,0.0599276907742023,ls_linear_common_detector,0.046875,0.2848100475966931
gate2_eval_umi_t1_4prb,6.0,9,0.0546875,0.3445774912834167,0.0078125,0.0585404895246028,ls_linear_common_detector,0.046875,0.2860370017588139
gate2_eval_umi_t1_4prb,6.0,10,0.1328125,0.3478724360466003,0.03125,0.0685074925422668,ls_linear_common_detector,0.1015625,0.2793649435043335
gate2_eval_umi_t1_4prb,6.0,11,0.0703125,0.3441671729087829,0.0,0.0571110397577285,ls_linear_common_detector,0.0703125,0.2870561331510544
gate2_eval_umi_t1_4prb,10.0,0,0.0,0.3310819268226623,0.0,0.0337274931371212,ls_linear_common_detector,0.0,0.2973544336855411
gate2_eval_umi_t1_4prb,10.0,1,0.015625,0.3302342295646667,0.0234375,0.0326795764267444,ls_linear_common_detector,-0.0078125,0.2975546531379223
gate2_eval_umi_t1_4prb,10.0,2,0.0390625,0.3335365056991577,0.0078125,0.0358995981514453,ls_linear_common_detector,0.03125,0.29763690754771244
gate2_eval_umi_t1_4prb,10.0,3,0.0390625,0.3315321803092956,0.0078125,0.0331226363778114,ls_linear_common_detector,0.03125,0.2984095439314842
gate2_eval_umi_t1_4prb,10.0,4,0.015625,0.3305273354053497,0.0,0.029472466558218,ls_linear_common_detector,0.015625,0.3010548688471317
gate2_eval_umi_t1_4prb,10.0,5,0.0078125,0.3306478857994079,0.0,0.0293965637683868,ls_linear_common_detector,0.0078125,0.3012513220310211
gate2_eval_umi_t1_4prb,10.0,6,0.0,0.3336367011070251,0.0,0.0396622978150844,ls_linear_common_detector,0.0,0.2939744032919407
gate2_eval_umi_t1_4prb,10.0,7,0.015625,0.3305006325244903,0.0,0.0279008094221353,ls_linear_common_detector,0.015625,0.302599823102355
gate2_eval_umi_t1_4prb,10.0,8,0.015625,0.3298006951808929,0.0,0.0262627061456441,ls_linear_common_detector,0.015625,0.3035379890352488
gate2_eval_umi_t1_4prb,10.0,9,0.015625,0.3307726979255676,0.0,0.0355218164622783,ls_linear_common_detector,0.015625,0.2952508814632893
gate2_eval_umi_t1_4prb,10.0,10,0.0,0.3301753103733063,0.0,0.0314358659088611,ls_linear_common_detector,0.0,0.29873944446444517
gate2_eval_umi_t1_4prb,10.0,11,0.0,0.3306123614311218,0.0,0.032229408621788,ls_linear_common_detector,0.0,0.2983829528093338
gate2_eval_umi_t1_4prb,14.0,0,0.0078125,0.3262061774730682,0.015625,0.0232484266161918,ls_linear_common_detector,-0.0078125,0.3029577508568764
gate2_eval_umi_t1_4prb,14.0,1,0.0,0.3266648054122925,0.015625,0.0325157456099987,ls_linear_common_detector,-0.015625,0.2941490598022938
gate2_eval_umi_t1_4prb,14.0,2,0.0,0.3237783312797546,0.0,0.0195342805236578,ls_linear_common_detector,0.0,0.3042440507560968
gate2_eval_umi_t1_4prb,14.0,3,0.0,0.3233704268932342,0.0,0.0186371821910142,ls_linear_common_detector,0.0,0.30473324470222
gate2_eval_umi_t1_4prb,14.0,4,0.0,0.3236236870288849,0.0,0.0193711407482624,ls_linear_common_detector,0.0,0.3042525462806225
gate2_eval_umi_t1_4prb,14.0,5,0.0078125,0.3242103457450866,0.0,0.0190512128174304,ls_linear_common_detector,0.0078125,0.30515913292765623
gate2_eval_umi_t1_4prb,14.0,6,0.0,0.3237446546554565,0.0,0.0192616377025842,ls_linear_common_detector,0.0,0.3044830169528723
gate2_eval_umi_t1_4prb,14.0,7,0.0078125,0.3245119154453277,0.0078125,0.0184273496270179,ls_linear_common_detector,0.0,0.3060845658183098
gate2_eval_umi_t1_4prb,14.0,8,0.0,0.3245207965373993,0.0,0.0221618860960006,ls_linear_common_detector,0.0,0.3023589104413987
gate2_eval_umi_t1_4prb,14.0,9,0.0,0.3238528072834015,0.0,0.019495490938425,ls_linear_common_detector,0.0,0.3043573163449765
gate2_eval_umi_t1_4prb,14.0,10,0.0078125,0.3251473307609558,0.0,0.0206388719379901,ls_linear_common_detector,0.0078125,0.30450845882296573
gate2_eval_umi_t1_4prb,14.0,11,0.0078125,0.3259384334087372,0.0,0.0206667520105838,ls_linear_common_detector,0.0078125,0.30527168139815336
gate2_eval_umi_t1_8prb,2.0,0,0.1796875,0.3556583225727081,0.0390625,0.1262023001909256,ls_linear_common_detector,0.140625,0.22945602238178248
gate2_eval_umi_t1_8prb,2.0,1,0.140625,0.3586617112159729,0.0390625,0.1307064145803451,ls_linear_common_detector,0.1015625,0.2279552966356278
gate2_eval_umi_t1_8prb,2.0,2,0.3125,0.355974793434143,0.09375,0.1267517358064651,ls_linear_common_detector,0.21875,0.22922305762767792
gate2_eval_umi_t1_8prb,2.0,3,0.25,0.3564778864383697,0.078125,0.1276834458112716,ls_linear_common_detector,0.171875,0.22879444062709808
gate2_eval_umi_t1_8prb,2.0,4,0.2578125,0.356475681066513,0.1171875,0.1287763118743896,ls_linear_common_detector,0.140625,0.2276993691921234
gate2_eval_umi_t1_8prb,2.0,5,0.265625,0.3558131754398346,0.1328125,0.1279730498790741,ls_linear_common_detector,0.1328125,0.2278401255607605
gate2_eval_umi_t1_8prb,2.0,6,0.2265625,0.3596271872520447,0.0546875,0.1320296078920364,ls_linear_common_detector,0.171875,0.22759757936000827
gate2_eval_umi_t1_8prb,2.0,7,0.21875,0.3575693666934967,0.0703125,0.1254389137029647,ls_linear_common_detector,0.1484375,0.232130452990532
gate2_eval_umi_t1_8prb,2.0,8,0.1875,0.3603483736515045,0.0546875,0.1327381283044815,ls_linear_common_detector,0.1328125,0.227610245347023
gate2_eval_umi_t1_8prb,2.0,9,0.2890625,0.3570557236671448,0.171875,0.1320774257183075,ls_linear_common_detector,0.1171875,0.22497829794883728
gate2_eval_umi_t1_8prb,2.0,10,0.234375,0.3591293692588806,0.0546875,0.1328241825103759,ls_linear_common_detector,0.1796875,0.22630518674850472
gate2_eval_umi_t1_8prb,2.0,11,0.1640625,0.3650213181972503,0.09375,0.1417688429355621,ls_linear_common_detector,0.0703125,0.2232524752616882
gate2_eval_umi_t1_8prb,6.0,0,0.0,0.3356716334819793,0.0,0.0581767112016677,ls_linear_common_detector,0.0,0.2774949222803116
gate2_eval_umi_t1_8prb,6.0,1,0.0546875,0.3359281122684479,0.0,0.0585609152913093,ls_linear_common_detector,0.0546875,0.2773671969771386
gate2_eval_umi_t1_8prb,6.0,2,0.046875,0.3365159928798675,0.0,0.0618127323687076,ls_linear_common_detector,0.046875,0.2747032605111599
gate2_eval_umi_t1_8prb,6.0,3,0.0390625,0.3379818499088287,0.0078125,0.060780968517065,ls_linear_common_detector,0.03125,0.2772008813917637
gate2_eval_umi_t1_8prb,6.0,4,0.0078125,0.3369633257389068,0.0,0.0601628236472606,ls_linear_common_detector,0.0078125,0.2768005020916462
gate2_eval_umi_t1_8prb,6.0,5,0.0703125,0.3369342684745788,0.046875,0.0620700269937515,ls_linear_common_detector,0.0234375,0.27486424148082733
gate2_eval_umi_t1_8prb,6.0,6,0.0390625,0.3349859416484833,0.0078125,0.0550709068775177,ls_linear_common_detector,0.03125,0.2799150347709656
gate2_eval_umi_t1_8prb,6.0,7,0.046875,0.3362280428409576,0.0078125,0.0607021003961563,ls_linear_common_detector,0.0390625,0.2755259424448013
gate2_eval_umi_t1_8prb,6.0,8,0.0546875,0.3340400755405426,0.0,0.0550715588033199,ls_linear_common_detector,0.0546875,0.27896851673722267
gate2_eval_umi_t1_8prb,6.0,9,0.0390625,0.3348239958286285,0.015625,0.0555374026298522,ls_linear_common_detector,0.0234375,0.2792865931987763
gate2_eval_umi_t1_8prb,6.0,10,0.0234375,0.3348026871681213,0.015625,0.059561338275671,ls_linear_common_detector,0.0078125,0.2752413488924503
gate2_eval_umi_t1_8prb,6.0,11,0.0390625,0.3348188400268554,0.0078125,0.0574121214449405,ls_linear_common_detector,0.03125,0.2774067185819149
gate2_eval_umi_t1_8prb,10.0,0,0.0,0.3258238732814789,0.0,0.030048718675971,ls_linear_common_detector,0.0,0.2957751546055079
gate2_eval_umi_t1_8prb,10.0,1,0.0,0.3282859623432159,0.0,0.0340576842427253,ls_linear_common_detector,0.0,0.29422827810049057
gate2_eval_umi_t1_8prb,10.0,2,0.015625,0.3263790309429168,0.015625,0.0300218407064676,ls_linear_common_detector,0.0,0.29635719023644924
gate2_eval_umi_t1_8prb,10.0,3,0.015625,0.3260295689105987,0.0078125,0.029351744800806,ls_linear_common_detector,0.0078125,0.2966778241097927
gate2_eval_umi_t1_8prb,10.0,4,0.0078125,0.325283944606781,0.0,0.026908366009593,ls_linear_common_detector,0.0078125,0.298375578597188
gate2_eval_umi_t1_8prb,10.0,5,0.0078125,0.3280014991760254,0.0078125,0.0360497944056987,ls_linear_common_detector,0.0,0.29195170477032667
gate2_eval_umi_t1_8prb,10.0,6,0.015625,0.3277365565299988,0.0078125,0.0300577189773321,ls_linear_common_detector,0.0078125,0.29767883755266666
gate2_eval_umi_t1_8prb,10.0,7,0.0,0.326195478439331,0.0078125,0.0293298102915287,ls_linear_common_detector,-0.0078125,0.2968656681478023
gate2_eval_umi_t1_8prb,10.0,8,0.0078125,0.3271113932132721,0.0078125,0.0291934218257665,ls_linear_common_detector,0.0,0.2979179713875056
gate2_eval_umi_t1_8prb,10.0,9,0.015625,0.3288066685199737,0.0,0.033566415309906,ls_linear_common_detector,0.015625,0.2952402532100677
gate2_eval_umi_t1_8prb,10.0,10,0.0234375,0.3282223641872406,0.0078125,0.0378153547644615,ls_linear_common_detector,0.015625,0.2904070094227791
gate2_eval_umi_t1_8prb,10.0,11,0.0,0.3258869051933288,0.0,0.0284508597105741,ls_linear_common_detector,0.0,0.2974360454827547
gate2_eval_umi_t1_8prb,14.0,0,0.0,0.3213265836238861,0.0,0.0171822383999824,ls_linear_common_detector,0.0,0.3041443452239037
gate2_eval_umi_t1_8prb,14.0,1,0.0,0.3237995207309723,0.0078125,0.0252291001379489,ls_linear_common_detector,-0.0078125,0.2985704205930234
gate2_eval_umi_t1_8prb,14.0,2,0.0,0.3215589523315429,0.0,0.0174961108714342,ls_linear_common_detector,0.0,0.3040628414601087
gate2_eval_umi_t1_8prb,14.0,3,0.0,0.3217091560363769,0.0,0.0183943640440702,ls_linear_common_detector,0.0,0.3033147919923067
gate2_eval_umi_t1_8prb,14.0,4,0.0,0.3215715587139129,0.0,0.0181103553622961,ls_linear_common_detector,0.0,0.3034612033516168
gate2_eval_umi_t1_8prb,14.0,5,0.0234375,0.3230951428413391,0.0,0.0184140540659427,ls_linear_common_detector,0.0234375,0.3046810887753964
gate2_eval_umi_t1_8prb,14.0,6,0.0078125,0.322456806898117,0.0,0.0191957987844944,ls_linear_common_detector,0.0078125,0.3032610081136226
gate2_eval_umi_t1_8prb,14.0,7,0.0,0.322434663772583,0.0,0.018840629607439,ls_linear_common_detector,0.0,0.303594034165144
gate2_eval_umi_t1_8prb,14.0,8,0.0,0.3223743140697479,0.0,0.0176762975752353,ls_linear_common_detector,0.0,0.3046980164945126
gate2_eval_umi_t1_8prb,14.0,9,0.0,0.3232451975345611,0.0,0.0167944822460412,ls_linear_common_detector,0.0,0.3064507152885199
gate2_eval_umi_t1_8prb,14.0,10,0.0078125,0.3219196796417236,0.0,0.0192152522504329,ls_linear_common_detector,0.0078125,0.30270442739129066
gate2_eval_umi_t1_8prb,14.0,11,0.015625,0.3213679790496826,0.0,0.018444363027811,ls_linear_common_detector,0.015625,0.3029236160218716
gate2_eval_umi_t1_12prb,2.0,0,0.25,0.3551358580589294,0.1015625,0.1261832565069198,ls_linear_common_detector,0.1484375,0.22895260155200958
gate2_eval_umi_t1_12prb,2.0,1,0.2578125,0.3586999475955963,0.09375,0.1340524405241012,ls_linear_common_detector,0.1640625,0.2246475070714951
gate2_eval_umi_t1_12prb,2.0,2,0.203125,0.3616426289081573,0.0703125,0.1360982954502105,ls_linear_common_detector,0.1328125,0.2255443334579468
gate2_eval_umi_t1_12prb,2.0,3,0.1328125,0.3579322397708893,0.0546875,0.1307500153779983,ls_linear_common_detector,0.078125,0.22718222439289099
gate2_eval_umi_t1_12prb,2.0,4,0.171875,0.3567405641078949,0.046875,0.129740759730339,ls_linear_common_detector,0.125,0.2269998043775559
gate2_eval_umi_t1_12prb,2.0,5,0.3203125,0.363380879163742,0.109375,0.1389746069908142,ls_linear_common_detector,0.2109375,0.2244062721729278
gate2_eval_umi_t1_12prb,2.0,6,0.203125,0.3557489216327667,0.0703125,0.1273098140954971,ls_linear_common_detector,0.1328125,0.22843910753726962
gate2_eval_umi_t1_12prb,2.0,7,0.2265625,0.3539649844169616,0.109375,0.1282717585563659,ls_linear_common_detector,0.1171875,0.2256932258605957
gate2_eval_umi_t1_12prb,2.0,8,0.1640625,0.3547913432121277,0.0546875,0.1238329112529754,ls_linear_common_detector,0.109375,0.23095843195915228
gate2_eval_umi_t1_12prb,2.0,9,0.25,0.3604941070079803,0.0859375,0.133294939994812,ls_linear_common_detector,0.1640625,0.22719916701316828
gate2_eval_umi_t1_12prb,2.0,10,0.25,0.3539092242717743,0.0859375,0.1270995736122131,ls_linear_common_detector,0.1640625,0.22680965065956118
gate2_eval_umi_t1_12prb,2.0,11,0.1953125,0.3554483652114868,0.0703125,0.1287733167409896,ls_linear_common_detector,0.125,0.22667504847049721
gate2_eval_umi_t1_12prb,6.0,0,0.015625,0.3387770354747772,0.0,0.0574501268565654,ls_linear_common_detector,0.015625,0.2813269086182118
gate2_eval_umi_t1_12prb,6.0,1,0.0390625,0.3394127488136291,0.0,0.0592553652822971,ls_linear_common_detector,0.0390625,0.280157383531332
gate2_eval_umi_t1_12prb,6.0,2,0.0859375,0.3392004072666168,0.0234375,0.0600962154567241,ls_linear_common_detector,0.0625,0.2791041918098927
gate2_eval_umi_t1_12prb,6.0,3,0.015625,0.3396529853343963,0.0,0.0622132495045661,ls_linear_common_detector,0.015625,0.2774397358298302
gate2_eval_umi_t1_12prb,6.0,4,0.03125,0.3387100100517273,0.0078125,0.0597408562898635,ls_linear_common_detector,0.0234375,0.2789691537618638
gate2_eval_umi_t1_12prb,6.0,5,0.0390625,0.3436420857906341,0.0078125,0.0676135718822479,ls_linear_common_detector,0.03125,0.27602851390838623
gate2_eval_umi_t1_12prb,6.0,6,0.0234375,0.3373515009880066,0.0,0.0538295283913612,ls_linear_common_detector,0.0234375,0.2835219725966454
gate2_eval_umi_t1_12prb,6.0,7,0.0546875,0.3408214151859283,0.015625,0.0622311308979988,ls_linear_common_detector,0.0390625,0.2785902842879295
gate2_eval_umi_t1_12prb,6.0,8,0.0703125,0.3372685015201568,0.0,0.0569936372339725,ls_linear_common_detector,0.0703125,0.2802748642861843
gate2_eval_umi_t1_12prb,6.0,9,0.0390625,0.3416226208209991,0.0234375,0.0637288019061088,ls_linear_common_detector,0.015625,0.2778938189148903
gate2_eval_umi_t1_12prb,6.0,10,0.0703125,0.3384945690631866,0.0078125,0.0587632209062576,ls_linear_common_detector,0.0625,0.279731348156929
gate2_eval_umi_t1_12prb,6.0,11,0.0390625,0.3378393054008484,0.0078125,0.0596551895141601,ls_linear_common_detector,0.03125,0.2781841158866883
gate2_eval_umi_t1_12prb,10.0,0,0.03125,0.3298732936382293,0.0,0.0282970704138278,ls_linear_common_detector,0.03125,0.30157622322440153
gate2_eval_umi_t1_12prb,10.0,1,0.0,0.3307638168334961,0.0,0.0279883183538913,ls_linear_common_detector,0.0,0.3027754984796048
gate2_eval_umi_t1_12prb,10.0,2,0.0234375,0.3342710435390472,0.0078125,0.0363174341619014,ls_linear_common_detector,0.015625,0.29795360937714577
gate2_eval_umi_t1_12prb,10.0,3,0.0,0.3293550610542297,0.0,0.0284579563885927,ls_linear_common_detector,0.0,0.30089710466563696
gate2_eval_umi_t1_12prb,10.0,4,0.03125,0.3323526680469513,0.015625,0.0319452732801437,ls_linear_common_detector,0.015625,0.3004073947668076
gate2_eval_umi_t1_12prb,10.0,5,0.0,0.3299656808376312,0.0,0.0288606509566307,ls_linear_common_detector,0.0,0.3011050298810005
gate2_eval_umi_t1_12prb,10.0,6,0.0078125,0.3306187987327575,0.0,0.0298681501299142,ls_linear_common_detector,0.0078125,0.3007506486028433
gate2_eval_umi_t1_12prb,10.0,7,0.03125,0.3317309319972992,0.0,0.0300928130745887,ls_linear_common_detector,0.03125,0.3016381189227105
gate2_eval_umi_t1_12prb,10.0,8,0.015625,0.3320735692977905,0.0,0.0329563468694686,ls_linear_common_detector,0.015625,0.29911722242832195
gate2_eval_umi_t1_12prb,10.0,9,0.0,0.3299783766269684,0.0,0.0281415618956089,ls_linear_common_detector,0.0,0.3018368147313595
gate2_eval_umi_t1_12prb,10.0,10,0.015625,0.332959234714508,0.0078125,0.0335293412208557,ls_linear_common_detector,0.0078125,0.2994298934936523
gate2_eval_umi_t1_12prb,10.0,11,0.0,0.3314605355262756,0.0,0.0313958600163459,ls_linear_common_detector,0.0,0.30006467550992966
gate2_eval_umi_t1_12prb,14.0,0,0.0,0.3270788192749023,0.0,0.0181544404476881,ls_linear_common_detector,0.0,0.3089243788272142
gate2_eval_umi_t1_12prb,14.0,1,0.015625,0.3261520266532898,0.0078125,0.0203935056924819,ls_linear_common_detector,0.0078125,0.3057585209608079
gate2_eval_umi_t1_12prb,14.0,2,0.0,0.3273680806159973,0.0,0.0225081592798233,ls_linear_common_detector,0.0,0.304859921336174
gate2_eval_umi_t1_12prb,14.0,3,0.015625,0.3282110393047333,0.0,0.0207224544137716,ls_linear_common_detector,0.015625,0.30748858489096165
gate2_eval_umi_t1_12prb,14.0,4,0.0,0.3285421133041382,0.015625,0.0233675967901945,ls_linear_common_detector,-0.015625,0.30517451651394367
gate2_eval_umi_t1_12prb,14.0,5,0.0078125,0.3281838893890381,0.0,0.0195470973849296,ls_linear_common_detector,0.0078125,0.3086367920041085
gate2_eval_umi_t1_12prb,14.0,6,0.0078125,0.3276529610157013,0.015625,0.0222025141119956,ls_linear_common_detector,-0.0078125,0.3054504469037057
gate2_eval_umi_t1_12prb,14.0,7,0.0,0.32771697640419,0.0078125,0.0228351727128028,ls_linear_common_detector,-0.0078125,0.30488180369138723
gate2_eval_umi_t1_12prb,14.0,8,0.0,0.3263029456138611,0.0,0.0201216731220483,ls_linear_common_detector,0.0,0.30618127249181276
gate2_eval_umi_t1_12prb,14.0,9,0.03125,0.3276196420192718,0.0,0.0200862251222133,ls_linear_common_detector,0.03125,0.3075334168970585
gate2_eval_umi_t1_12prb,14.0,10,0.015625,0.3267768621444702,0.0078125,0.0168707408010959,ls_linear_common_detector,0.0078125,0.3099061213433743
gate2_eval_umi_t1_12prb,14.0,11,0.0,0.3286768496036529,0.0,0.0194831769913434,ls_linear_common_detector,0.0,0.3091936726123095
gate2_eval_umi_t2_12prb,2.0,0,0.234375,0.3591345250606537,0.0234375,0.0801388174295425,ls_linear_common_detector,0.2109375,0.2789957076311112
gate2_eval_umi_t2_12prb,2.0,1,0.2734375,0.36900195479393,0.0625,0.0986445471644401,ls_linear_common_detector,0.2109375,0.2703574076294899
gate2_eval_umi_t2_12prb,2.0,2,0.3046875,0.357501208782196,0.046875,0.0770672559738159,ls_linear_common_detector,0.2578125,0.28043395280838007
gate2_eval_umi_t2_12prb,2.0,3,0.1640625,0.3552250266075134,0.0234375,0.0719619616866111,ls_linear_common_detector,0.140625,0.2832630649209023
gate2_eval_umi_t2_12prb,2.0,4,0.265625,0.3569256961345672,0.0546875,0.0765272080898284,ls_linear_common_detector,0.2109375,0.2803984880447388
gate2_eval_umi_t2_12prb,2.0,5,0.1953125,0.3579161763191223,0.015625,0.0754965841770172,ls_linear_common_detector,0.1796875,0.2824195921421051
gate2_eval_umi_t2_12prb,2.0,6,0.21875,0.3588736355304718,0.03125,0.0784806609153747,ls_linear_common_detector,0.1875,0.2803929746150971
gate2_eval_umi_t2_12prb,2.0,7,0.1640625,0.3577133119106293,0.0078125,0.0757115930318832,ls_linear_common_detector,0.15625,0.2820017188787461
gate2_eval_umi_t2_12prb,2.0,8,0.296875,0.364828497171402,0.0625,0.0881156995892524,ls_linear_common_detector,0.234375,0.27671279758214956
gate2_eval_umi_t2_12prb,2.0,9,0.203125,0.355652242898941,0.0234375,0.0723897516727447,ls_linear_common_detector,0.1796875,0.2832624912261963
gate2_eval_umi_t2_12prb,2.0,10,0.203125,0.3545415997505188,0.0234375,0.0730005875229835,ls_linear_common_detector,0.1796875,0.2815410122275353
gate2_eval_umi_t2_12prb,2.0,11,0.265625,0.3604139983654022,0.03125,0.0830501765012741,ls_linear_common_detector,0.234375,0.2773638218641281
gate2_eval_umi_t2_12prb,6.0,0,0.03125,0.3378174304962158,0.0,0.0347548685967922,ls_linear_common_detector,0.03125,0.3030625618994236
gate2_eval_umi_t2_12prb,6.0,1,0.078125,0.3366887867450714,0.0,0.031532447785139,ls_linear_common_detector,0.078125,0.30515633895993244
gate2_eval_umi_t2_12prb,6.0,2,0.046875,0.3399249613285064,0.0,0.0370784252882003,ls_linear_common_detector,0.046875,0.3028465360403061
gate2_eval_umi_t2_12prb,6.0,3,0.0390625,0.3431165516376495,0.0234375,0.0433628521859645,ls_linear_common_detector,0.015625,0.29975369945168495
gate2_eval_umi_t2_12prb,6.0,4,0.03125,0.3393706679344177,0.015625,0.0362374000251293,ls_linear_common_detector,0.015625,0.3031332679092884
gate2_eval_umi_t2_12prb,6.0,5,0.015625,0.3401094079017639,0.0078125,0.0392061024904251,ls_linear_common_detector,0.0078125,0.3009033054113388
gate2_eval_umi_t2_12prb,6.0,6,0.015625,0.3373118937015533,0.0,0.0325022861361503,ls_linear_common_detector,0.015625,0.304809607565403
gate2_eval_umi_t2_12prb,6.0,7,0.0703125,0.3421521782875061,0.0078125,0.0422435514628887,ls_linear_common_detector,0.0625,0.2999086268246174
gate2_eval_umi_t2_12prb,6.0,8,0.0,0.3380789756774902,0.0,0.0339118018746376,ls_linear_common_detector,0.0,0.3041671738028526
gate2_eval_umi_t2_12prb,6.0,9,0.078125,0.337603211402893,0.0,0.0322782732546329,ls_linear_common_detector,0.078125,0.3053249381482601
gate2_eval_umi_t2_12prb,6.0,10,0.0234375,0.3369071185588836,0.0,0.0336212664842605,ls_linear_common_detector,0.0234375,0.3032858520746231
gate2_eval_umi_t2_12prb,6.0,11,0.03125,0.3376055955886841,0.015625,0.0340170003473758,ls_linear_common_detector,0.015625,0.30358859524130827
gate2_eval_umi_t2_12prb,10.0,0,0.0,0.3319580256938934,0.0,0.0196035727858543,ls_linear_common_detector,0.0,0.3123544529080391
gate2_eval_umi_t2_12prb,10.0,1,0.0,0.331357330083847,0.0,0.0229416992515325,ls_linear_common_detector,0.0,0.3084156308323145
gate2_eval_umi_t2_12prb,10.0,2,0.0390625,0.3346019387245178,0.0078125,0.025941215455532,ls_linear_common_detector,0.03125,0.3086607232689858
gate2_eval_umi_t2_12prb,10.0,3,0.0078125,0.3296501636505127,0.0,0.0149709992110729,ls_linear_common_detector,0.0078125,0.3146791644394398
gate2_eval_umi_t2_12prb,10.0,4,0.0078125,0.3312384486198425,0.0078125,0.0233150739222764,ls_linear_common_detector,0.0,0.3079233746975661
gate2_eval_umi_t2_12prb,10.0,5,0.046875,0.3385703563690185,0.015625,0.0300787072628736,ls_linear_common_detector,0.03125,0.3084916491061449
gate2_eval_umi_t2_12prb,10.0,6,0.0,0.3317091464996338,0.0,0.0198466144502162,ls_linear_common_detector,0.0,0.3118625320494176
gate2_eval_umi_t2_12prb,10.0,7,0.0,0.3304662108421325,0.0,0.01924404874444,ls_linear_common_detector,0.0,0.3112221620976925
gate2_eval_umi_t2_12prb,10.0,8,0.0078125,0.3303627371788025,0.0,0.0199592094868421,ls_linear_common_detector,0.0078125,0.3104035276919604
gate2_eval_umi_t2_12prb,10.0,9,0.0234375,0.3337270617485046,0.0,0.0229589287191629,ls_linear_common_detector,0.0234375,0.3107681330293417
gate2_eval_umi_t2_12prb,10.0,10,0.03125,0.3353981673717499,0.015625,0.0285673215985298,ls_linear_common_detector,0.015625,0.30683084577322006
gate2_eval_umi_t2_12prb,10.0,11,0.0,0.3317853808403015,0.0078125,0.0198581777513027,ls_linear_common_detector,-0.0078125,0.3119272030889988
gate2_eval_umi_t2_12prb,14.0,0,0.0,0.3283167481422424,0.0,0.0154776088893413,ls_linear_common_detector,0.0,0.3128391392529011
gate2_eval_umi_t2_12prb,14.0,1,0.0,0.3277494311332702,0.0,0.0151612563058733,ls_linear_common_detector,0.0,0.3125881748273969
gate2_eval_umi_t2_12prb,14.0,2,0.015625,0.3269025683403015,0.0078125,0.0140504529699683,ls_linear_common_detector,0.0078125,0.3128521153703332
gate2_eval_umi_t2_12prb,14.0,3,0.0,0.3284701406955719,0.0,0.0145485876128077,ls_linear_common_detector,0.0,0.3139215530827642
gate2_eval_umi_t2_12prb,14.0,4,0.0,0.3277665078639984,0.0,0.0129008702933788,ls_linear_common_detector,0.0,0.31486563757061964
gate2_eval_umi_t2_12prb,14.0,5,0.015625,0.3286454975605011,0.0078125,0.0151207214221358,ls_linear_common_detector,0.0078125,0.3135247761383653
gate2_eval_umi_t2_12prb,14.0,6,0.0078125,0.3278971314430237,0.0078125,0.0136818001046776,ls_linear_common_detector,0.0,0.31421533133834606
gate2_eval_umi_t2_12prb,14.0,7,0.0,0.3258240818977356,0.0,0.0098871905356645,ls_linear_common_detector,0.0,0.3159368913620711
gate2_eval_umi_t2_12prb,14.0,8,0.015625,0.3279393017292022,0.0,0.0146349910646677,ls_linear_common_detector,0.015625,0.3133043106645345
gate2_eval_umi_t2_12prb,14.0,9,0.015625,0.3271286487579345,0.0078125,0.0157250501215457,ls_linear_common_detector,0.0078125,0.31140359863638883
gate2_eval_umi_t2_12prb,14.0,10,0.015625,0.3274550437927246,0.0,0.0116666480898857,ls_linear_common_detector,0.015625,0.3157883957028389
gate2_eval_umi_t2_12prb,14.0,11,0.0078125,0.3269616067409515,0.0,0.013763521797955,ls_linear_common_detector,0.0078125,0.3131980849429965
gate2_eval_uma_t1_12prb,2.0,0,0.328125,0.3671538829803467,0.0625,0.1342789232730865,ls_linear_common_detector,0.265625,0.2328749597072602
gate2_eval_uma_t1_12prb,2.0,1,0.3359375,0.3658041059970855,0.0546875,0.1336333900690078,ls_linear_common_detector,0.28125,0.23217071592807773
gate2_eval_uma_t1_12prb,2.0,2,0.3359375,0.369980901479721,0.1171875,0.1424531191587448,ls_linear_common_detector,0.21875,0.2275277823209762
gate2_eval_uma_t1_12prb,2.0,3,0.40625,0.3758096992969513,0.1484375,0.1459503918886184,ls_linear_common_detector,0.2578125,0.22985930740833288
gate2_eval_uma_t1_12prb,2.0,4,0.3125,0.3619460165500641,0.0859375,0.1300798654556274,ls_linear_common_detector,0.2265625,0.23186615109443667
gate2_eval_uma_t1_12prb,2.0,5,0.2265625,0.366641491651535,0.0390625,0.1338312178850174,ls_linear_common_detector,0.1875,0.23281027376651758
gate2_eval_uma_t1_12prb,2.0,6,0.4375,0.3703979253768921,0.203125,0.1427810043096542,ls_linear_common_detector,0.234375,0.22761692106723788
gate2_eval_uma_t1_12prb,2.0,7,0.3828125,0.3685601055622101,0.125,0.1412121802568435,ls_linear_common_detector,0.2578125,0.22734792530536657
gate2_eval_uma_t1_12prb,2.0,8,0.4296875,0.3611660003662109,0.1015625,0.1303107291460037,ls_linear_common_detector,0.328125,0.2308552712202072
gate2_eval_uma_t1_12prb,2.0,9,0.3359375,0.3649418354034424,0.09375,0.1342676430940628,ls_linear_common_detector,0.2421875,0.23067419230937958
gate2_eval_uma_t1_12prb,2.0,10,0.25,0.3652617037296295,0.0546875,0.1364683210849762,ls_linear_common_detector,0.1953125,0.22879338264465332
gate2_eval_uma_t1_12prb,2.0,11,0.3671875,0.3618486821651459,0.140625,0.1319382488727569,ls_linear_common_detector,0.2265625,0.22991043329238897
gate2_eval_uma_t1_12prb,6.0,0,0.0234375,0.3451856970787048,0.0,0.0582658909261226,ls_linear_common_detector,0.0234375,0.28691980615258217
gate2_eval_uma_t1_12prb,6.0,1,0.0390625,0.347574383020401,0.0078125,0.0694199278950691,ls_linear_common_detector,0.03125,0.2781544551253319
gate2_eval_uma_t1_12prb,6.0,2,0.1171875,0.3478786051273346,0.0234375,0.0623018629848957,ls_linear_common_detector,0.09375,0.2855767421424389
gate2_eval_uma_t1_12prb,6.0,3,0.1015625,0.3467830121517181,0.0234375,0.0702150240540504,ls_linear_common_detector,0.078125,0.2765679880976677
gate2_eval_uma_t1_12prb,6.0,4,0.0546875,0.3442664742469787,0.0,0.0575956106185913,ls_linear_common_detector,0.0546875,0.2866708636283874
gate2_eval_uma_t1_12prb,6.0,5,0.109375,0.3484220206737518,0.015625,0.0658795461058616,ls_linear_common_detector,0.09375,0.28254247456789017
gate2_eval_uma_t1_12prb,6.0,6,0.0859375,0.346605509519577,0.0,0.0614932067692279,ls_linear_common_detector,0.0859375,0.28511230275034916
gate2_eval_uma_t1_12prb,6.0,7,0.0234375,0.3451900780200958,0.0,0.0628235936164856,ls_linear_common_detector,0.0234375,0.28236648440361023
gate2_eval_uma_t1_12prb,6.0,8,0.1328125,0.3511173725128174,0.046875,0.0700041949748992,ls_linear_common_detector,0.0859375,0.2811131775379182
gate2_eval_uma_t1_12prb,6.0,9,0.0625,0.3501570224761963,0.015625,0.0678513795137405,ls_linear_common_detector,0.046875,0.2823056429624558
gate2_eval_uma_t1_12prb,6.0,10,0.0390625,0.348058819770813,0.0,0.0637489035725593,ls_linear_common_detector,0.0390625,0.2843099161982537
gate2_eval_uma_t1_12prb,6.0,11,0.0625,0.3496768176555633,0.015625,0.0676922053098678,ls_linear_common_detector,0.046875,0.2819846123456955
gate2_eval_uma_t1_12prb,10.0,0,0.015625,0.3425329625606537,0.015625,0.0446092672646045,ls_linear_common_detector,0.0,0.2979236952960492
gate2_eval_uma_t1_12prb,10.0,1,0.046875,0.3402387201786041,0.0078125,0.0355957597494125,ls_linear_common_detector,0.0390625,0.30464296042919164
gate2_eval_uma_t1_12prb,10.0,2,0.0234375,0.340305358171463,0.0078125,0.0337098576128482,ls_linear_common_detector,0.015625,0.30659550055861484
gate2_eval_uma_t1_12prb,10.0,3,0.0546875,0.34231036901474,0.03125,0.043935589492321,ls_linear_common_detector,0.0234375,0.298374779522419
gate2_eval_uma_t1_12prb,10.0,4,0.015625,0.3367910385131836,0.0,0.0294599812477827,ls_linear_common_detector,0.015625,0.3073310572654009
gate2_eval_uma_t1_12prb,10.0,5,0.0234375,0.340169757604599,0.0078125,0.0373168364167213,ls_linear_common_detector,0.015625,0.3028529211878777
gate2_eval_uma_t1_12prb,10.0,6,0.03125,0.3384817838668823,0.0,0.0343837104737758,ls_linear_common_detector,0.03125,0.3040980733931065
gate2_eval_uma_t1_12prb,10.0,7,0.0390625,0.340868204832077,0.0,0.0399600975215435,ls_linear_common_detector,0.0390625,0.3009081073105335
gate2_eval_uma_t1_12prb,10.0,8,0.015625,0.3413787186145782,0.015625,0.036146979779005,ls_linear_common_detector,0.0,0.3052317388355732
gate2_eval_uma_t1_12prb,10.0,9,0.0078125,0.3381344676017761,0.0,0.03531189635396,ls_linear_common_detector,0.0078125,0.30282257124781614
gate2_eval_uma_t1_12prb,10.0,10,0.0546875,0.3426938951015472,0.015625,0.0419445484876632,ls_linear_common_detector,0.0390625,0.30074934661388397
gate2_eval_uma_t1_12prb,10.0,11,0.0078125,0.3367581367492676,0.0,0.0333643220365047,ls_linear_common_detector,0.0078125,0.3033938147127629
gate2_eval_uma_t1_12prb,14.0,0,0.0,0.3356157839298248,0.0,0.0267842467874288,ls_linear_common_detector,0.0,0.308831537142396
gate2_eval_uma_t1_12prb,14.0,1,0.0078125,0.3358109891414642,0.0078125,0.024852043017745,ls_linear_common_detector,0.0,0.31095894612371916
gate2_eval_uma_t1_12prb,14.0,2,0.0,0.3333867192268371,0.0,0.0192051716148853,ls_linear_common_detector,0.0,0.31418154761195183
gate2_eval_uma_t1_12prb,14.0,3,0.015625,0.3366665840148926,0.0,0.0255892593413591,ls_linear_common_detector,0.015625,0.3110773246735335
gate2_eval_uma_t1_12prb,14.0,4,0.0,0.3342215418815613,0.015625,0.025683419778943,ls_linear_common_detector,-0.015625,0.3085381221026183
gate2_eval_uma_t1_12prb,14.0,5,0.0078125,0.3343288600444793,0.0,0.0206358414143323,ls_linear_common_detector,0.0078125,0.31369301863014704
gate2_eval_uma_t1_12prb,14.0,6,0.0390625,0.3418453633785248,0.0390625,0.0347484983503818,ls_linear_common_detector,0.0,0.307096865028143
gate2_eval_uma_t1_12prb,14.0,7,0.03125,0.3418145477771759,0.0234375,0.0339121259748935,ls_linear_common_detector,0.0078125,0.3079024218022824
gate2_eval_uma_t1_12prb,14.0,8,0.0078125,0.3383358120918274,0.0,0.0283211413770914,ls_linear_common_detector,0.0078125,0.310014670714736
gate2_eval_uma_t1_12prb,14.0,9,0.015625,0.3393886983394623,0.0,0.0294814798980951,ls_linear_common_detector,0.015625,0.3099072184413672
gate2_eval_uma_t1_12prb,14.0,10,0.0,0.3355222344398498,0.0,0.0223770942538976,ls_linear_common_detector,0.0,0.3131451401859522
gate2_eval_uma_t1_12prb,14.0,11,0.03125,0.3437651693820953,0.03125,0.0351017154753208,ls_linear_common_detector,0.0,0.30866345390677447
gate2_eval_cdl_c_2layer_12prb,2.0,0,0.15625,0.3379448354244232,0.0625,0.0600403137505054,ls_linear_common_detector,0.09375,0.2779045216739178
gate2_eval_cdl_c_2layer_12prb,2.0,1,0.34375,0.3378407955169678,0.03125,0.0601198226213455,ls_linear_common_detector,0.3125,0.27772097289562225
gate2_eval_cdl_c_2layer_12prb,2.0,2,0.25,0.3379166424274444,0.03125,0.0604097880423069,ls_linear_common_detector,0.21875,0.2775068543851375
gate2_eval_cdl_c_2layer_12prb,2.0,3,0.28125,0.3376278579235077,0.0,0.0598198622465133,ls_linear_common_detector,0.28125,0.2778079956769944
gate2_eval_cdl_c_2layer_12prb,2.0,4,0.21875,0.3380329310894012,0.0625,0.0601009167730808,ls_linear_common_detector,0.15625,0.2779320143163204
gate2_eval_cdl_c_2layer_12prb,2.0,5,0.34375,0.3386436402797699,0.0625,0.0604166761040687,ls_linear_common_detector,0.28125,0.2782269641757012
gate2_eval_cdl_c_2layer_12prb,2.0,6,0.25,0.3382577300071716,0.0625,0.0606095902621746,ls_linear_common_detector,0.1875,0.27764813974499697
gate2_eval_cdl_c_2layer_12prb,2.0,7,0.15625,0.338217169046402,0.03125,0.0602326616644859,ls_linear_common_detector,0.125,0.2779845073819161
gate2_eval_cdl_c_2layer_12prb,2.0,8,0.375,0.3382196426391601,0.0625,0.0599596090614795,ls_linear_common_detector,0.3125,0.2782600335776806
gate2_eval_cdl_c_2layer_12prb,2.0,9,0.28125,0.3382576107978821,0.03125,0.0598272047936916,ls_linear_common_detector,0.25,0.2784304060041905
gate2_eval_cdl_c_2layer_12prb,2.0,10,0.21875,0.3377248048782348,0.0625,0.0604101419448852,ls_linear_common_detector,0.15625,0.2773146629333496
gate2_eval_cdl_c_2layer_12prb,2.0,11,0.34375,0.3382733166217804,0.0625,0.0602290704846382,ls_linear_common_detector,0.28125,0.2780442461371422
gate2_eval_cdl_c_2layer_12prb,6.0,0,0.125,0.329144150018692,0.0,0.0249134413897991,ls_linear_common_detector,0.125,0.3042307086288929
gate2_eval_cdl_c_2layer_12prb,6.0,1,0.0625,0.3289800584316253,0.0,0.0249923001974821,ls_linear_common_detector,0.0625,0.3039877582341432
gate2_eval_cdl_c_2layer_12prb,6.0,2,0.09375,0.3290789127349853,0.0,0.0248432792723178,ls_linear_common_detector,0.09375,0.3042356334626675
gate2_eval_cdl_c_2layer_12prb,6.0,3,0.125,0.3292041420936584,0.0,0.0249003544449806,ls_linear_common_detector,0.125,0.30430378764867777
gate2_eval_cdl_c_2layer_12prb,6.0,4,0.0625,0.3292043507099151,0.0,0.0248884353786706,ls_linear_common_detector,0.0625,0.3043159153312445
gate2_eval_cdl_c_2layer_12prb,6.0,5,0.15625,0.3292889595031738,0.0,0.0247904434800148,ls_linear_common_detector,0.15625,0.30449851602315897
gate2_eval_cdl_c_2layer_12prb,6.0,6,0.0625,0.3290709853172302,0.03125,0.0246109664440155,ls_linear_common_detector,0.03125,0.3044600188732147
gate2_eval_cdl_c_2layer_12prb,6.0,7,0.125,0.3291950523853302,0.0,0.0251087937504053,ls_linear_common_detector,0.125,0.3040862586349249
gate2_eval_cdl_c_2layer_12prb,6.0,8,0.03125,0.3291181325912475,0.0,0.0247706789523363,ls_linear_common_detector,0.03125,0.3043474536389112
gate2_eval_cdl_c_2layer_12prb,6.0,9,0.09375,0.3288373947143554,0.0,0.024883534759283,ls_linear_common_detector,0.09375,0.3039538599550724
gate2_eval_cdl_c_2layer_12prb,6.0,10,0.09375,0.3293953239917755,0.0,0.0247253086417913,ls_linear_common_detector,0.09375,0.3046700153499842
gate2_eval_cdl_c_2layer_12prb,6.0,11,0.09375,0.3290949463844299,0.03125,0.0248010549694299,ls_linear_common_detector,0.0625,0.30429389141499996
gate2_eval_cdl_c_2layer_12prb,10.0,0,0.03125,0.3260044157505035,0.0,0.0107897548004984,ls_linear_common_detector,0.03125,0.3152146609500051
gate2_eval_cdl_c_2layer_12prb,10.0,1,0.0,0.3256060481071472,0.0,0.0106706423684954,ls_linear_common_detector,0.0,0.3149354057386518
gate2_eval_cdl_c_2layer_12prb,10.0,2,0.03125,0.3254602253437042,0.0,0.0106869405135512,ls_linear_common_detector,0.03125,0.31477328483015304
gate2_eval_cdl_c_2layer_12prb,10.0,3,0.0,0.3257013261318207,0.0,0.0108125125989317,ls_linear_common_detector,0.0,0.314888813532889
gate2_eval_cdl_c_2layer_12prb,10.0,4,0.0625,0.3253392875194549,0.0,0.0108301388099789,ls_linear_common_detector,0.0625,0.314509148709476
gate2_eval_cdl_c_2layer_12prb,10.0,5,0.0,0.3256416320800781,0.0,0.010796507820487,ls_linear_common_detector,0.0,0.3148451242595911
gate2_eval_cdl_c_2layer_12prb,10.0,6,0.0625,0.3255946040153503,0.0,0.0105730015784502,ls_linear_common_detector,0.0625,0.3150216024369001
gate2_eval_cdl_c_2layer_12prb,10.0,7,0.03125,0.3254032433032989,0.0,0.0105657940730452,ls_linear_common_detector,0.03125,0.3148374492302537
gate2_eval_cdl_c_2layer_12prb,10.0,8,0.0,0.3256157338619232,0.0,0.0109027037397027,ls_linear_common_detector,0.0,0.3147130301222205
gate2_eval_cdl_c_2layer_12prb,10.0,9,0.0,0.3254485726356506,0.0,0.0107096461579203,ls_linear_common_detector,0.0,0.3147389264777303
gate2_eval_cdl_c_2layer_12prb,10.0,10,0.0625,0.3253084719181061,0.0,0.0109301293268799,ls_linear_common_detector,0.0625,0.31437834259122616
gate2_eval_cdl_c_2layer_12prb,10.0,11,0.03125,0.3257743716239929,0.0,0.0107119567692279,ls_linear_common_detector,0.03125,0.315062414854765
gate2_eval_cdl_c_2layer_12prb,14.0,0,0.0,0.3238243758678436,0.0,0.0052477573044598,ls_linear_common_detector,0.0,0.31857661856338376
gate2_eval_cdl_c_2layer_12prb,14.0,1,0.03125,0.3240006268024444,0.0,0.0051797940395772,ls_linear_common_detector,0.03125,0.3188208327628672
gate2_eval_cdl_c_2layer_12prb,14.0,2,0.0,0.3239416778087616,0.0,0.0053335353732109,ls_linear_common_detector,0.0,0.3186081424355507
gate2_eval_cdl_c_2layer_12prb,14.0,3,0.0,0.3237289190292358,0.0,0.0053469031117856,ls_linear_common_detector,0.0,0.3183820159174502
gate2_eval_cdl_c_2layer_12prb,14.0,4,0.0,0.3240986764431,0.0,0.0050809318199753,ls_linear_common_detector,0.0,0.31901774462312465
gate2_eval_cdl_c_2layer_12prb,14.0,5,0.0,0.3239333629608154,0.0,0.005118912551552,ls_linear_common_detector,0.0,0.3188144504092634
gate2_eval_cdl_c_2layer_12prb,14.0,6,0.0,0.3238000273704529,0.0,0.0051631238311529,ls_linear_common_detector,0.0,0.31863690353929996
gate2_eval_cdl_c_2layer_12prb,14.0,7,0.0,0.3240884244441986,0.0,0.0051247915253043,ls_linear_common_detector,0.0,0.3189636329188943
gate2_eval_cdl_c_2layer_12prb,14.0,8,0.0,0.3239464163780212,0.0,0.0052752420306205,ls_linear_common_detector,0.0,0.31867117434740067
gate2_eval_cdl_c_2layer_12prb,14.0,9,0.03125,0.32406085729599,0.0,0.0050394483841955,ls_linear_common_detector,0.03125,0.3190214089117945
gate2_eval_cdl_c_2layer_12prb,14.0,10,0.03125,0.3239560425281524,0.0,0.0051557412371039,ls_linear_common_detector,0.03125,0.3188003012910485
gate2_eval_cdl_c_2layer_12prb,14.0,11,0.03125,0.3238861262798309,0.0,0.0051274853758513,ls_linear_common_detector,0.03125,0.3187586409039796
gate2_eval_umi_t1_4prb,2.0,0,0.328125,0.3753907680511474,0.7890625,0.5032769441604614,proposed_uniform_mixture,-0.4609375,-0.12788617610931402
gate2_eval_umi_t1_4prb,2.0,1,0.3203125,0.3761095106601715,0.7421875,0.5017813444137573,proposed_uniform_mixture,-0.421875,-0.12567183375358582
gate2_eval_umi_t1_4prb,2.0,2,0.28125,0.3764191269874573,0.84375,0.5036435127258301,proposed_uniform_mixture,-0.5625,-0.1272243857383728
gate2_eval_umi_t1_4prb,2.0,3,0.3671875,0.3780931234359741,0.796875,0.5025317668914795,proposed_uniform_mixture,-0.4296875,-0.12443864345550537
gate2_eval_umi_t1_4prb,2.0,4,0.2890625,0.3738680779933929,0.765625,0.5022249817848206,proposed_uniform_mixture,-0.4765625,-0.12835690379142767
gate2_eval_umi_t1_4prb,2.0,5,0.2734375,0.3749798834323883,0.828125,0.5030878186225891,proposed_uniform_mixture,-0.5546875,-0.1281079351902008
gate2_eval_umi_t1_4prb,2.0,6,0.21875,0.3752351999282837,0.7578125,0.5019971132278442,proposed_uniform_mixture,-0.5390625,-0.12676191329956055
gate2_eval_umi_t1_4prb,2.0,7,0.2578125,0.3774138689041137,0.8359375,0.5043772459030151,proposed_uniform_mixture,-0.578125,-0.12696337699890142
gate2_eval_umi_t1_4prb,2.0,8,0.296875,0.3762175440788269,0.78125,0.5045385956764221,proposed_uniform_mixture,-0.484375,-0.12832105159759521
gate2_eval_umi_t1_4prb,2.0,9,0.1640625,0.3750481903553009,0.8828125,0.5028934478759766,proposed_uniform_mixture,-0.71875,-0.12784525752067566
gate2_eval_umi_t1_4prb,2.0,10,0.3046875,0.3761340379714966,0.828125,0.5033564567565918,proposed_uniform_mixture,-0.5234375,-0.12722241878509521
gate2_eval_umi_t1_4prb,2.0,11,0.2890625,0.3760125339031219,0.84375,0.5031108856201172,proposed_uniform_mixture,-0.5546875,-0.1270983517169953
gate2_eval_umi_t1_4prb,6.0,0,0.015625,0.3447855114936828,0.1484375,0.4288758933544159,proposed_uniform_mixture,-0.1328125,-0.08409038186073309
gate2_eval_umi_t1_4prb,6.0,1,0.09375,0.3458015322685241,0.2734375,0.4285548031330108,proposed_uniform_mixture,-0.1796875,-0.0827532708644867
gate2_eval_umi_t1_4prb,6.0,2,0.0625,0.3441872000694275,0.2578125,0.4290520846843719,proposed_uniform_mixture,-0.1953125,-0.0848648846149444
gate2_eval_umi_t1_4prb,6.0,3,0.125,0.3484185934066772,0.3046875,0.4312340319156647,proposed_uniform_mixture,-0.1796875,-0.08281543850898748
gate2_eval_umi_t1_4prb,6.0,4,0.0859375,0.343820184469223,0.3046875,0.4284358918666839,proposed_uniform_mixture,-0.21875,-0.08461570739746088
gate2_eval_umi_t1_4prb,6.0,5,0.0703125,0.3451153039932251,0.2578125,0.4288422167301178,proposed_uniform_mixture,-0.1875,-0.0837269127368927
gate2_eval_umi_t1_4prb,6.0,6,0.0625,0.35007244348526,0.265625,0.4320018589496612,proposed_uniform_mixture,-0.203125,-0.08192941546440119
gate2_eval_umi_t1_4prb,6.0,7,0.0625,0.3440407514572143,0.3046875,0.4278717339038849,proposed_uniform_mixture,-0.2421875,-0.08383098244667059
gate2_eval_umi_t1_4prb,6.0,8,0.0625,0.3447377383708954,0.21875,0.4283788502216339,proposed_uniform_mixture,-0.15625,-0.08364111185073853
gate2_eval_umi_t1_4prb,6.0,9,0.0546875,0.3445774912834167,0.265625,0.4278979897499084,proposed_uniform_mixture,-0.2109375,-0.0833204984664917
gate2_eval_umi_t1_4prb,6.0,10,0.1328125,0.3478724360466003,0.3515625,0.4300017058849334,proposed_uniform_mixture,-0.21875,-0.08212926983833313
gate2_eval_umi_t1_4prb,6.0,11,0.0703125,0.3441671729087829,0.328125,0.4290214776992798,proposed_uniform_mixture,-0.2578125,-0.08485430479049688
gate2_eval_umi_t1_4prb,10.0,0,0.0,0.3310819268226623,0.046875,0.3894412815570831,proposed_uniform_mixture,-0.046875,-0.058359354734420776
gate2_eval_umi_t1_4prb,10.0,1,0.015625,0.3302342295646667,0.0859375,0.3878815472126007,proposed_uniform_mixture,-0.0703125,-0.057647317647934015
gate2_eval_umi_t1_4prb,10.0,2,0.0390625,0.3335365056991577,0.1171875,0.3918968439102173,proposed_uniform_mixture,-0.078125,-0.05836033821105957
gate2_eval_umi_t1_4prb,10.0,3,0.0390625,0.3315321803092956,0.1015625,0.388649046421051,proposed_uniform_mixture,-0.0625,-0.05711686611175543
gate2_eval_umi_t1_4prb,10.0,4,0.015625,0.3305273354053497,0.078125,0.3887639045715332,proposed_uniform_mixture,-0.0625,-0.05823656916618353
gate2_eval_umi_t1_4prb,10.0,5,0.0078125,0.3306478857994079,0.0546875,0.3891352713108063,proposed_uniform_mixture,-0.046875,-0.05848738551139837
gate2_eval_umi_t1_4prb,10.0,6,0.0,0.3336367011070251,0.0234375,0.3904725611209869,proposed_uniform_mixture,-0.0234375,-0.05683586001396179
gate2_eval_umi_t1_4prb,10.0,7,0.015625,0.3305006325244903,0.0546875,0.3891551792621612,proposed_uniform_mixture,-0.0390625,-0.0586545467376709
gate2_eval_umi_t1_4prb,10.0,8,0.015625,0.3298006951808929,0.046875,0.3883537650108337,proposed_uniform_mixture,-0.03125,-0.058553069829940796
gate2_eval_umi_t1_4prb,10.0,9,0.015625,0.3307726979255676,0.078125,0.3888124525547027,proposed_uniform_mixture,-0.0625,-0.058039754629135076
gate2_eval_umi_t1_4prb,10.0,10,0.0,0.3301753103733063,0.0390625,0.387806236743927,proposed_uniform_mixture,-0.0390625,-0.05763092637062073
gate2_eval_umi_t1_4prb,10.0,11,0.0,0.3306123614311218,0.078125,0.3883913457393646,proposed_uniform_mixture,-0.078125,-0.0577789843082428
gate2_eval_umi_t1_4prb,14.0,0,0.0078125,0.3262061774730682,0.015625,0.3722855746746063,proposed_uniform_mixture,-0.0078125,-0.04607939720153814
gate2_eval_umi_t1_4prb,14.0,1,0.0,0.3266648054122925,0.015625,0.3730141818523407,proposed_uniform_mixture,-0.015625,-0.04634937644004822
gate2_eval_umi_t1_4prb,14.0,2,0.0,0.3237783312797546,0.0,0.3711200356483459,proposed_uniform_mixture,0.0,-0.04734170436859131
gate2_eval_umi_t1_4prb,14.0,3,0.0,0.3233704268932342,0.0234375,0.3711932301521301,proposed_uniform_mixture,-0.0234375,-0.04782280325889593
gate2_eval_umi_t1_4prb,14.0,4,0.0,0.3236236870288849,0.015625,0.3711017966270447,proposed_uniform_mixture,-0.015625,-0.04747810959815979
gate2_eval_umi_t1_4prb,14.0,5,0.0078125,0.3242103457450866,0.0234375,0.3721497356891632,proposed_uniform_mixture,-0.015625,-0.047939389944076594
gate2_eval_umi_t1_4prb,14.0,6,0.0,0.3237446546554565,0.03125,0.3722267746925354,proposed_uniform_mixture,-0.03125,-0.04848212003707891
gate2_eval_umi_t1_4prb,14.0,7,0.0078125,0.3245119154453277,0.03125,0.3724087178707123,proposed_uniform_mixture,-0.0234375,-0.04789680242538458
gate2_eval_umi_t1_4prb,14.0,8,0.0,0.3245207965373993,0.0078125,0.3719094693660736,proposed_uniform_mixture,-0.0078125,-0.047388672828674316
gate2_eval_umi_t1_4prb,14.0,9,0.0,0.3238528072834015,0.0,0.3706013262271881,proposed_uniform_mixture,0.0,-0.04674851894378662
gate2_eval_umi_t1_4prb,14.0,10,0.0078125,0.3251473307609558,0.03125,0.3724346756935119,proposed_uniform_mixture,-0.0234375,-0.0472873449325561
gate2_eval_umi_t1_4prb,14.0,11,0.0078125,0.3259384334087372,0.0390625,0.3728557527065277,proposed_uniform_mixture,-0.03125,-0.04691731929779053
gate2_eval_umi_t1_8prb,2.0,0,0.1796875,0.3556583225727081,0.6171875,0.4439753890037536,proposed_uniform_mixture,-0.4375,-0.08831706643104553
gate2_eval_umi_t1_8prb,2.0,1,0.140625,0.3586617112159729,0.5703125,0.4445640742778778,proposed_uniform_mixture,-0.4296875,-0.08590236306190491
gate2_eval_umi_t1_8prb,2.0,2,0.3125,0.355974793434143,0.609375,0.4431738257408142,proposed_uniform_mixture,-0.296875,-0.0871990323066712
gate2_eval_umi_t1_8prb,2.0,3,0.25,0.3564778864383697,0.625,0.444839209318161,proposed_uniform_mixture,-0.375,-0.08836132287979132
gate2_eval_umi_t1_8prb,2.0,4,0.2578125,0.356475681066513,0.640625,0.4446989297866821,proposed_uniform_mixture,-0.3828125,-0.08822324872016907
gate2_eval_umi_t1_8prb,2.0,5,0.265625,0.3558131754398346,0.640625,0.4444341659545898,proposed_uniform_mixture,-0.375,-0.0886209905147552
gate2_eval_umi_t1_8prb,2.0,6,0.2265625,0.3596271872520447,0.5546875,0.4458374381065368,proposed_uniform_mixture,-0.328125,-0.08621025085449213
gate2_eval_umi_t1_8prb,2.0,7,0.21875,0.3575693666934967,0.5078125,0.4427198469638824,proposed_uniform_mixture,-0.2890625,-0.08515048027038569
gate2_eval_umi_t1_8prb,2.0,8,0.1875,0.3603483736515045,0.5625,0.4467972815036773,proposed_uniform_mixture,-0.375,-0.0864489078521728
gate2_eval_umi_t1_8prb,2.0,9,0.2890625,0.3570557236671448,0.625,0.4445187747478485,proposed_uniform_mixture,-0.3359375,-0.08746305108070374
gate2_eval_umi_t1_8prb,2.0,10,0.234375,0.3591293692588806,0.578125,0.446133404970169,proposed_uniform_mixture,-0.34375,-0.0870040357112884
gate2_eval_umi_t1_8prb,2.0,11,0.1640625,0.3650213181972503,0.515625,0.4506551623344421,proposed_uniform_mixture,-0.3515625,-0.08563384413719177
gate2_eval_umi_t1_8prb,6.0,0,0.0,0.3356716334819793,0.1015625,0.3828466236591339,proposed_uniform_mixture,-0.1015625,-0.047174990177154597
gate2_eval_umi_t1_8prb,6.0,1,0.0546875,0.3359281122684479,0.1171875,0.3829840123653412,proposed_uniform_mixture,-0.0625,-0.04705590009689331
gate2_eval_umi_t1_8prb,6.0,2,0.046875,0.3365159928798675,0.109375,0.3822407722473144,proposed_uniform_mixture,-0.0625,-0.0457247793674469
gate2_eval_umi_t1_8prb,6.0,3,0.0390625,0.3379818499088287,0.0703125,0.3833332657814026,proposed_uniform_mixture,-0.03125,-0.04535141587257391
gate2_eval_umi_t1_8prb,6.0,4,0.0078125,0.3369633257389068,0.0625,0.3833583295345306,proposed_uniform_mixture,-0.0546875,-0.04639500379562378
gate2_eval_umi_t1_8prb,6.0,5,0.0703125,0.3369342684745788,0.1640625,0.3832018375396728,proposed_uniform_mixture,-0.09375,-0.046267569065093994
gate2_eval_umi_t1_8prb,6.0,6,0.0390625,0.3349859416484833,0.1015625,0.3817667961120605,proposed_uniform_mixture,-0.0625,-0.046780854463577215
gate2_eval_umi_t1_8prb,6.0,7,0.046875,0.3362280428409576,0.1015625,0.3832904994487762,proposed_uniform_mixture,-0.0546875,-0.047062456607818604
gate2_eval_umi_t1_8prb,6.0,8,0.0546875,0.3340400755405426,0.125,0.382107675075531,proposed_uniform_mixture,-0.0703125,-0.0480675995349884
gate2_eval_umi_t1_8prb,6.0,9,0.0390625,0.3348239958286285,0.1015625,0.3814511001110077,proposed_uniform_mixture,-0.0625,-0.046627104282379206
gate2_eval_umi_t1_8prb,6.0,10,0.0234375,0.3348026871681213,0.125,0.3823163509368896,proposed_uniform_mixture,-0.1015625,-0.04751366376876831
gate2_eval_umi_t1_8prb,6.0,11,0.0390625,0.3348188400268554,0.1484375,0.3817180693149566,proposed_uniform_mixture,-0.109375,-0.046899229288101196
gate2_eval_umi_t1_8prb,10.0,0,0.0,0.3258238732814789,0.0,0.3529350161552429,proposed_uniform_mixture,0.0,-0.027111142873764038
gate2_eval_umi_t1_8prb,10.0,1,0.0,0.3282859623432159,0.0078125,0.3539194464683532,proposed_uniform_mixture,-0.0078125,-0.02563348412513733
gate2_eval_umi_t1_8prb,10.0,2,0.015625,0.3263790309429168,0.0234375,0.3529250919818878,proposed_uniform_mixture,-0.0078125,-0.026546061038971003
gate2_eval_umi_t1_8prb,10.0,3,0.015625,0.3260295689105987,0.015625,0.3523095250129699,proposed_uniform_mixture,0.0,-0.026279956102371216
gate2_eval_umi_t1_8prb,10.0,4,0.0078125,0.325283944606781,0.015625,0.3518843352794647,proposed_uniform_mixture,-0.0078125,-0.026600390672683716
gate2_eval_umi_t1_8prb,10.0,5,0.0078125,0.3280014991760254,0.0234375,0.3544809222221374,proposed_uniform_mixture,-0.015625,-0.026479423046112005
gate2_eval_umi_t1_8prb,10.0,6,0.015625,0.3277365565299988,0.03125,0.3537757694721222,proposed_uniform_mixture,-0.015625,-0.026039212942123413
gate2_eval_umi_t1_8prb,10.0,7,0.0,0.326195478439331,0.0234375,0.3521872758865356,proposed_uniform_mixture,-0.0234375,-0.02599179744720459
gate2_eval_umi_t1_8prb,10.0,8,0.0078125,0.3271113932132721,0.0078125,0.3535655438899994,proposed_uniform_mixture,0.0,-0.026454150676727295
gate2_eval_umi_t1_8prb,10.0,9,0.015625,0.3288066685199737,0.046875,0.3549143075942993,proposed_uniform_mixture,-0.03125,-0.026107639074325617
gate2_eval_umi_t1_8prb,10.0,10,0.0234375,0.3282223641872406,0.0390625,0.3539223670959472,proposed_uniform_mixture,-0.015625,-0.02570000290870661
gate2_eval_umi_t1_8prb,10.0,11,0.0,0.3258869051933288,0.015625,0.3514016270637512,proposed_uniform_mixture,-0.015625,-0.02551472187042242
gate2_eval_umi_t1_8prb,14.0,0,0.0,0.3213265836238861,0.0,0.3402890861034393,proposed_uniform_mixture,0.0,-0.018962502479553167
gate2_eval_umi_t1_8prb,14.0,1,0.0,0.3237995207309723,0.0,0.3422266542911529,proposed_uniform_mixture,0.0,-0.01842713356018061
gate2_eval_umi_t1_8prb,14.0,2,0.0,0.3215589523315429,0.0,0.3406745493412018,proposed_uniform_mixture,0.0,-0.01911559700965887
gate2_eval_umi_t1_8prb,14.0,3,0.0,0.3217091560363769,0.0,0.3405006825923919,proposed_uniform_mixture,0.0,-0.018791526556015015
gate2_eval_umi_t1_8prb,14.0,4,0.0,0.3215715587139129,0.0,0.3402698934078216,proposed_uniform_mixture,0.0,-0.01869833469390869
gate2_eval_umi_t1_8prb,14.0,5,0.0234375,0.3230951428413391,0.0234375,0.3414869904518127,proposed_uniform_mixture,0.0,-0.018391847610473577
gate2_eval_umi_t1_8prb,14.0,6,0.0078125,0.322456806898117,0.0078125,0.3408547937870025,proposed_uniform_mixture,0.0,-0.018397986888885498
gate2_eval_umi_t1_8prb,14.0,7,0.0,0.322434663772583,0.0,0.340931087732315,proposed_uniform_mixture,0.0,-0.018496423959732
gate2_eval_umi_t1_8prb,14.0,8,0.0,0.3223743140697479,0.0,0.3404442965984344,proposed_uniform_mixture,0.0,-0.018069982528686468
gate2_eval_umi_t1_8prb,14.0,9,0.0,0.3232451975345611,0.0,0.3416065573692322,proposed_uniform_mixture,0.0,-0.018361359834671076
gate2_eval_umi_t1_8prb,14.0,10,0.0078125,0.3219196796417236,0.015625,0.3404324948787689,proposed_uniform_mixture,-0.0078125,-0.018512815237045344
gate2_eval_umi_t1_8prb,14.0,11,0.015625,0.3213679790496826,0.03125,0.3397970497608185,proposed_uniform_mixture,-0.015625,-0.018429070711135864
gate2_eval_umi_t1_12prb,2.0,0,0.25,0.3551358580589294,0.4375,0.4220233559608459,proposed_uniform_mixture,-0.1875,-0.0668874979019165
gate2_eval_umi_t1_12prb,2.0,1,0.2578125,0.3586999475955963,0.5390625,0.4239043295383453,proposed_uniform_mixture,-0.28125,-0.06520438194274897
gate2_eval_umi_t1_12prb,2.0,2,0.203125,0.3616426289081573,0.4296875,0.4262061417102813,proposed_uniform_mixture,-0.2265625,-0.06456351280212402
gate2_eval_umi_t1_12prb,2.0,3,0.1328125,0.3579322397708893,0.3828125,0.4243544042110443,proposed_uniform_mixture,-0.25,-0.06642216444015503
gate2_eval_umi_t1_12prb,2.0,4,0.171875,0.3567405641078949,0.453125,0.4221746325492859,proposed_uniform_mixture,-0.28125,-0.06543406844139099
gate2_eval_umi_t1_12prb,2.0,5,0.3203125,0.363380879163742,0.5625,0.4277174770832062,proposed_uniform_mixture,-0.2421875,-0.06433659791946417
gate2_eval_umi_t1_12prb,2.0,6,0.203125,0.3557489216327667,0.453125,0.4224641919136047,proposed_uniform_mixture,-0.25,-0.06671527028083796
gate2_eval_umi_t1_12prb,2.0,7,0.2265625,0.3539649844169616,0.4453125,0.4213788211345672,proposed_uniform_mixture,-0.21875,-0.06741383671760559
gate2_eval_umi_t1_12prb,2.0,8,0.1640625,0.3547913432121277,0.3984375,0.4219359159469604,proposed_uniform_mixture,-0.234375,-0.06714457273483271
gate2_eval_umi_t1_12prb,2.0,9,0.25,0.3604941070079803,0.46875,0.4246414601802826,proposed_uniform_mixture,-0.21875,-0.0641473531723023
gate2_eval_umi_t1_12prb,2.0,10,0.25,0.3539092242717743,0.53125,0.421079009771347,proposed_uniform_mixture,-0.28125,-0.0671697854995727
gate2_eval_umi_t1_12prb,2.0,11,0.1953125,0.3554483652114868,0.4765625,0.4216625690460205,proposed_uniform_mixture,-0.28125,-0.06621420383453369
gate2_eval_umi_t1_12prb,6.0,0,0.015625,0.3387770354747772,0.015625,0.3662658333778381,proposed_uniform_mixture,0.0,-0.027488797903060858
gate2_eval_umi_t1_12prb,6.0,1,0.0390625,0.3394127488136291,0.046875,0.3675916790962219,proposed_uniform_mixture,-0.0078125,-0.02817893028259283
gate2_eval_umi_t1_12prb,6.0,2,0.0859375,0.3392004072666168,0.1171875,0.3675072491168976,proposed_uniform_mixture,-0.03125,-0.02830684185028076
gate2_eval_umi_t1_12prb,6.0,3,0.015625,0.3396529853343963,0.046875,0.3684493005275726,proposed_uniform_mixture,-0.03125,-0.02879631519317627
gate2_eval_umi_t1_12prb,6.0,4,0.03125,0.3387100100517273,0.0546875,0.3674619197845459,proposed_uniform_mixture,-0.0234375,-0.028751909732818604
gate2_eval_umi_t1_12prb,6.0,5,0.0390625,0.3436420857906341,0.0703125,0.369724690914154,proposed_uniform_mixture,-0.03125,-0.026082605123519897
gate2_eval_umi_t1_12prb,6.0,6,0.0234375,0.3373515009880066,0.046875,0.3662503957748413,proposed_uniform_mixture,-0.0234375,-0.028898894786834717
gate2_eval_umi_t1_12prb,6.0,7,0.0546875,0.3408214151859283,0.0859375,0.3686754107475281,proposed_uniform_mixture,-0.03125,-0.027853995561599787
gate2_eval_umi_t1_12prb,6.0,8,0.0703125,0.3372685015201568,0.1171875,0.3659825325012207,proposed_uniform_mixture,-0.046875,-0.0287140309810639
gate2_eval_umi_t1_12prb,6.0,9,0.0390625,0.3416226208209991,0.0546875,0.3697011768817901,proposed_uniform_mixture,-0.015625,-0.028078556060791016
gate2_eval_umi_t1_12prb,6.0,10,0.0703125,0.3384945690631866,0.1015625,0.3657077848911285,proposed_uniform_mixture,-0.03125,-0.027213215827941895
gate2_eval_umi_t1_12prb,6.0,11,0.0390625,0.3378393054008484,0.046875,0.3667158782482147,proposed_uniform_mixture,-0.0078125,-0.028876572847366333
gate2_eval_umi_t1_12prb,10.0,0,0.03125,0.3298732936382293,0.03125,0.3407983779907226,proposed_uniform_mixture,0.0,-0.010925084352493286
gate2_eval_umi_t1_12prb,10.0,1,0.0,0.3307638168334961,0.0078125,0.341548889875412,proposed_uniform_mixture,-0.0078125,-0.010785073041915894
gate2_eval_umi_t1_12prb,10.0,2,0.0234375,0.3342710435390472,0.03125,0.3446134328842163,proposed_uniform_mixture,-0.0078125,-0.010342389345169123
gate2_eval_umi_t1_12prb,10.0,3,0.0,0.3293550610542297,0.0,0.3407996594905853,proposed_uniform_mixture,0.0,-0.011444598436355646
gate2_eval_umi_t1_12prb,10.0,4,0.03125,0.3323526680469513,0.03125,0.3432394862174988,proposed_uniform_mixture,0.0,-0.010886818170547485
gate2_eval_umi_t1_12prb,10.0,5,0.0,0.3299656808376312,0.0,0.3402214348316192,proposed_uniform_mixture,0.0,-0.010255753993987982
gate2_eval_umi_t1_12prb,10.0,6,0.0078125,0.3306187987327575,0.0078125,0.3414273858070373,proposed_uniform_mixture,0.0,-0.010808587074279785
gate2_eval_umi_t1_12prb,10.0,7,0.03125,0.3317309319972992,0.03125,0.3422257006168365,proposed_uniform_mixture,0.0,-0.010494768619537298
gate2_eval_umi_t1_12prb,10.0,8,0.015625,0.3320735692977905,0.015625,0.3429096639156341,proposed_uniform_mixture,0.0,-0.010836094617843572
gate2_eval_umi_t1_12prb,10.0,9,0.0,0.3299783766269684,0.0,0.3404003083705902,proposed_uniform_mixture,0.0,-0.010421931743621826
gate2_eval_umi_t1_12prb,10.0,10,0.015625,0.332959234714508,0.0234375,0.3439804315567016,proposed_uniform_mixture,-0.0078125,-0.011021196842193604
gate2_eval_umi_t1_12prb,10.0,11,0.0,0.3314605355262756,0.0,0.3422811925411224,proposed_uniform_mixture,0.0,-0.010820657014846802
gate2_eval_umi_t1_12prb,14.0,0,0.0,0.3270788192749023,0.0,0.3309291303157806,proposed_uniform_mixture,0.0,-0.003850311040878296
gate2_eval_umi_t1_12prb,14.0,1,0.015625,0.3261520266532898,0.015625,0.3305414617061615,proposed_uniform_mixture,0.0,-0.004389435052871704
gate2_eval_umi_t1_12prb,14.0,2,0.0,0.3273680806159973,0.0,0.3315729796886444,proposed_uniform_mixture,0.0,-0.004204899072647095
gate2_eval_umi_t1_12prb,14.0,3,0.015625,0.3282110393047333,0.015625,0.3321099579334259,proposed_uniform_mixture,0.0,-0.003898918628692627
gate2_eval_umi_t1_12prb,14.0,4,0.0,0.3285421133041382,0.0,0.3328317403793335,proposed_uniform_mixture,0.0,-0.0042896270751953125
gate2_eval_umi_t1_12prb,14.0,5,0.0078125,0.3281838893890381,0.0078125,0.3324329257011413,proposed_uniform_mixture,0.0,-0.004249036312103216
gate2_eval_umi_t1_12prb,14.0,6,0.0078125,0.3276529610157013,0.0,0.3320109844207763,proposed_uniform_mixture,0.0078125,-0.004358023405075018
gate2_eval_umi_t1_12prb,14.0,7,0.0,0.32771697640419,0.0,0.3321288526058197,proposed_uniform_mixture,0.0,-0.004411876201629694
gate2_eval_umi_t1_12prb,14.0,8,0.0,0.3263029456138611,0.0,0.3306574523448944,proposed_uniform_mixture,0.0,-0.004354506731033325
gate2_eval_umi_t1_12prb,14.0,9,0.03125,0.3276196420192718,0.0234375,0.3315998911857605,proposed_uniform_mixture,0.0078125,-0.003980249166488703
gate2_eval_umi_t1_12prb,14.0,10,0.015625,0.3267768621444702,0.015625,0.3307913541793823,proposed_uniform_mixture,0.0,-0.004014492034912109
gate2_eval_umi_t1_12prb,14.0,11,0.0,0.3286768496036529,0.0,0.332945317029953,proposed_uniform_mixture,0.0,-0.004268467426300104
gate2_eval_umi_t2_12prb,2.0,0,0.234375,0.3591345250606537,0.6015625,0.4310736060142517,proposed_uniform_mixture,-0.3671875,-0.07193908095359802
gate2_eval_umi_t2_12prb,2.0,1,0.2734375,0.36900195479393,0.5078125,0.4394244849681854,proposed_uniform_mixture,-0.234375,-0.07042253017425543
gate2_eval_umi_t2_12prb,2.0,2,0.3046875,0.357501208782196,0.578125,0.4302696585655212,proposed_uniform_mixture,-0.2734375,-0.0727684497833252
gate2_eval_umi_t2_12prb,2.0,3,0.1640625,0.3552250266075134,0.4609375,0.4290277659893036,proposed_uniform_mixture,-0.296875,-0.07380273938179016
gate2_eval_umi_t2_12prb,2.0,4,0.265625,0.3569256961345672,0.5546875,0.429372638463974,proposed_uniform_mixture,-0.2890625,-0.0724469423294068
gate2_eval_umi_t2_12prb,2.0,5,0.1953125,0.3579161763191223,0.4375,0.4298104345798492,proposed_uniform_mixture,-0.2421875,-0.07189425826072687
gate2_eval_umi_t2_12prb,2.0,6,0.21875,0.3588736355304718,0.578125,0.4305833280086517,proposed_uniform_mixture,-0.359375,-0.07170969247817988
gate2_eval_umi_t2_12prb,2.0,7,0.1640625,0.3577133119106293,0.4921875,0.4294060468673706,proposed_uniform_mixture,-0.328125,-0.07169273495674133
gate2_eval_umi_t2_12prb,2.0,8,0.296875,0.364828497171402,0.6171875,0.4341698884963989,proposed_uniform_mixture,-0.3203125,-0.06934139132499695
gate2_eval_umi_t2_12prb,2.0,9,0.203125,0.355652242898941,0.53125,0.4288055598735809,proposed_uniform_mixture,-0.328125,-0.07315331697463989
gate2_eval_umi_t2_12prb,2.0,10,0.203125,0.3545415997505188,0.578125,0.4280553758144378,proposed_uniform_mixture,-0.375,-0.07351377606391901
gate2_eval_umi_t2_12prb,2.0,11,0.265625,0.3604139983654022,0.546875,0.4327606558799743,proposed_uniform_mixture,-0.28125,-0.07234665751457209
gate2_eval_umi_t2_12prb,6.0,0,0.03125,0.3378174304962158,0.1015625,0.3737747967243194,proposed_uniform_mixture,-0.0703125,-0.03595736622810358
gate2_eval_umi_t2_12prb,6.0,1,0.078125,0.3366887867450714,0.125,0.374029129743576,proposed_uniform_mixture,-0.046875,-0.03734034299850458
gate2_eval_umi_t2_12prb,6.0,2,0.046875,0.3399249613285064,0.1015625,0.3757323324680328,proposed_uniform_mixture,-0.0546875,-0.03580737113952637
gate2_eval_umi_t2_12prb,6.0,3,0.0390625,0.3431165516376495,0.109375,0.3784665763378143,proposed_uniform_mixture,-0.0703125,-0.035350024700164795
gate2_eval_umi_t2_12prb,6.0,4,0.03125,0.3393706679344177,0.078125,0.3752194046974182,proposed_uniform_mixture,-0.046875,-0.03584873676300049
gate2_eval_umi_t2_12prb,6.0,5,0.015625,0.3401094079017639,0.03125,0.3769344687461853,proposed_uniform_mixture,-0.015625,-0.03682506084442139
gate2_eval_umi_t2_12prb,6.0,6,0.015625,0.3373118937015533,0.0546875,0.3738023936748504,proposed_uniform_mixture,-0.0390625,-0.03649049997329712
gate2_eval_umi_t2_12prb,6.0,7,0.0703125,0.3421521782875061,0.0859375,0.3770767450332641,proposed_uniform_mixture,-0.015625,-0.034924566745758
gate2_eval_umi_t2_12prb,6.0,8,0.0,0.3380789756774902,0.0390625,0.3748630583286285,proposed_uniform_mixture,-0.0390625,-0.036784082651138306
gate2_eval_umi_t2_12prb,6.0,9,0.078125,0.337603211402893,0.109375,0.3740274906158447,proposed_uniform_mixture,-0.03125,-0.036424279212951716
gate2_eval_umi_t2_12prb,6.0,10,0.0234375,0.3369071185588836,0.078125,0.3735917806625366,proposed_uniform_mixture,-0.0546875,-0.03668466210365301
gate2_eval_umi_t2_12prb,6.0,11,0.03125,0.3376055955886841,0.046875,0.3741246163845062,proposed_uniform_mixture,-0.015625,-0.036519020795822144
gate2_eval_umi_t2_12prb,10.0,0,0.0,0.3319580256938934,0.0078125,0.3499511182308197,proposed_uniform_mixture,-0.0078125,-0.017993092536926325
gate2_eval_umi_t2_12prb,10.0,1,0.0,0.331357330083847,0.0,0.3503002524375915,proposed_uniform_mixture,0.0,-0.018942922353744507
gate2_eval_umi_t2_12prb,10.0,2,0.0390625,0.3346019387245178,0.0390625,0.3531824350357055,proposed_uniform_mixture,0.0,-0.01858049631118769
gate2_eval_umi_t2_12prb,10.0,3,0.0078125,0.3296501636505127,0.0234375,0.3487467169761657,proposed_uniform_mixture,-0.015625,-0.01909655332565302
gate2_eval_umi_t2_12prb,10.0,4,0.0078125,0.3312384486198425,0.015625,0.3504107296466827,proposed_uniform_mixture,-0.0078125,-0.01917228102684021
gate2_eval_umi_t2_12prb,10.0,5,0.046875,0.3385703563690185,0.0546875,0.3568243980407715,proposed_uniform_mixture,-0.0078125,-0.018254041671752985
gate2_eval_umi_t2_12prb,10.0,6,0.0,0.3317091464996338,0.0,0.3507364392280578,proposed_uniform_mixture,0.0,-0.019027292728424017
gate2_eval_umi_t2_12prb,10.0,7,0.0,0.3304662108421325,0.015625,0.3496417701244354,proposed_uniform_mixture,-0.015625,-0.019175559282302912
gate2_eval_umi_t2_12prb,10.0,8,0.0078125,0.3303627371788025,0.0078125,0.349232405424118,proposed_uniform_mixture,0.0,-0.018869668245315496
gate2_eval_umi_t2_12prb,10.0,9,0.0234375,0.3337270617485046,0.0234375,0.3527479767799377,proposed_uniform_mixture,0.0,-0.019020915031433105
gate2_eval_umi_t2_12prb,10.0,10,0.03125,0.3353981673717499,0.03125,0.3546747863292694,proposed_uniform_mixture,0.0,-0.01927661895751953
gate2_eval_umi_t2_12prb,10.0,11,0.0,0.3317853808403015,0.015625,0.350145012140274,proposed_uniform_mixture,-0.015625,-0.01835963129997248
gate2_eval_umi_t2_12prb,14.0,0,0.0,0.3283167481422424,0.0,0.3406679332256317,proposed_uniform_mixture,0.0,-0.012351185083389338
gate2_eval_umi_t2_12prb,14.0,1,0.0,0.3277494311332702,0.0,0.3402974009513855,proposed_uniform_mixture,0.0,-0.01254796981811529
gate2_eval_umi_t2_12prb,14.0,2,0.015625,0.3269025683403015,0.015625,0.3387537598609924,proposed_uniform_mixture,0.0,-0.011851191520690862
gate2_eval_umi_t2_12prb,14.0,3,0.0,0.3284701406955719,0.0,0.3404358029365539,proposed_uniform_mixture,0.0,-0.011965662240982
gate2_eval_umi_t2_12prb,14.0,4,0.0,0.3277665078639984,0.0,0.3397526443004608,proposed_uniform_mixture,0.0,-0.011986136436462402
gate2_eval_umi_t2_12prb,14.0,5,0.015625,0.3286454975605011,0.015625,0.3411665856838226,proposed_uniform_mixture,0.0,-0.012521088123321478
gate2_eval_umi_t2_12prb,14.0,6,0.0078125,0.3278971314430237,0.0078125,0.3401136100292206,proposed_uniform_mixture,0.0,-0.0122164785861969
gate2_eval_umi_t2_12prb,14.0,7,0.0,0.3258240818977356,0.0,0.3380918204784393,proposed_uniform_mixture,0.0,-0.01226773858070368
gate2_eval_umi_t2_12prb,14.0,8,0.015625,0.3279393017292022,0.015625,0.3390915095806122,proposed_uniform_mixture,0.0,-0.011152207851409968
gate2_eval_umi_t2_12prb,14.0,9,0.015625,0.3271286487579345,0.015625,0.3391792178153991,proposed_uniform_mixture,0.0,-0.0120505690574646
gate2_eval_umi_t2_12prb,14.0,10,0.015625,0.3274550437927246,0.015625,0.3390350639820099,proposed_uniform_mixture,0.0,-0.011580020189285278
gate2_eval_umi_t2_12prb,14.0,11,0.0078125,0.3269616067409515,0.0078125,0.3394218385219574,proposed_uniform_mixture,0.0,-0.012460231781005915
gate2_eval_uma_t1_12prb,2.0,0,0.328125,0.3671538829803467,0.5703125,0.4306200742721557,proposed_uniform_mixture,-0.2421875,-0.06346619129180903
gate2_eval_uma_t1_12prb,2.0,1,0.3359375,0.3658041059970855,0.5234375,0.4292847514152527,proposed_uniform_mixture,-0.1875,-0.06348064541816717
gate2_eval_uma_t1_12prb,2.0,2,0.3359375,0.369980901479721,0.578125,0.4322861433029175,proposed_uniform_mixture,-0.2421875,-0.06230524182319647
gate2_eval_uma_t1_12prb,2.0,3,0.40625,0.3758096992969513,0.6015625,0.4361945390701294,proposed_uniform_mixture,-0.1953125,-0.0603848397731781
gate2_eval_uma_t1_12prb,2.0,4,0.3125,0.3619460165500641,0.578125,0.4278933703899383,proposed_uniform_mixture,-0.265625,-0.06594735383987421
gate2_eval_uma_t1_12prb,2.0,5,0.2265625,0.366641491651535,0.4921875,0.4293068945407867,proposed_uniform_mixture,-0.265625,-0.06266540288925171
gate2_eval_uma_t1_12prb,2.0,6,0.4375,0.3703979253768921,0.65625,0.4336386322975158,proposed_uniform_mixture,-0.21875,-0.06324070692062372
gate2_eval_uma_t1_12prb,2.0,7,0.3828125,0.3685601055622101,0.640625,0.4319891333580017,proposed_uniform_mixture,-0.2578125,-0.06342902779579163
gate2_eval_uma_t1_12prb,2.0,8,0.4296875,0.3611660003662109,0.65625,0.4271011352539062,proposed_uniform_mixture,-0.2265625,-0.06593513488769531
gate2_eval_uma_t1_12prb,2.0,9,0.3359375,0.3649418354034424,0.6484375,0.4297469556331634,proposed_uniform_mixture,-0.3125,-0.06480512022972101
gate2_eval_uma_t1_12prb,2.0,10,0.25,0.3652617037296295,0.5078125,0.4294650554656982,proposed_uniform_mixture,-0.2578125,-0.06420335173606867
gate2_eval_uma_t1_12prb,2.0,11,0.3671875,0.3618486821651459,0.578125,0.4259040355682373,proposed_uniform_mixture,-0.2109375,-0.06405535340309143
gate2_eval_uma_t1_12prb,6.0,0,0.0234375,0.3451856970787048,0.1328125,0.37370166182518,proposed_uniform_mixture,-0.109375,-0.02851596474647522
gate2_eval_uma_t1_12prb,6.0,1,0.0390625,0.347574383020401,0.09375,0.3744309246540069,proposed_uniform_mixture,-0.0546875,-0.0268565416336059
gate2_eval_uma_t1_12prb,6.0,2,0.1171875,0.3478786051273346,0.1640625,0.3751883506774902,proposed_uniform_mixture,-0.046875,-0.027309745550155584
gate2_eval_uma_t1_12prb,6.0,3,0.1015625,0.3467830121517181,0.140625,0.3747385442256927,proposed_uniform_mixture,-0.0390625,-0.02795553207397461
gate2_eval_uma_t1_12prb,6.0,4,0.0546875,0.3442664742469787,0.0859375,0.3722264766693115,proposed_uniform_mixture,-0.03125,-0.02796000242233282
gate2_eval_uma_t1_12prb,6.0,5,0.109375,0.3484220206737518,0.15625,0.3758701682090759,proposed_uniform_mixture,-0.046875,-0.027448147535324152
gate2_eval_uma_t1_12prb,6.0,6,0.0859375,0.346605509519577,0.140625,0.3739486038684845,proposed_uniform_mixture,-0.0546875,-0.02734309434890747
gate2_eval_uma_t1_12prb,6.0,7,0.0234375,0.3451900780200958,0.0390625,0.3734140694141388,proposed_uniform_mixture,-0.015625,-0.02822399139404297
gate2_eval_uma_t1_12prb,6.0,8,0.1328125,0.3511173725128174,0.15625,0.3776182532310486,proposed_uniform_mixture,-0.0234375,-0.0265008807182312
gate2_eval_uma_t1_12prb,6.0,9,0.0625,0.3501570224761963,0.1171875,0.3765017986297607,proposed_uniform_mixture,-0.0546875,-0.026344776153564398
gate2_eval_uma_t1_12prb,6.0,10,0.0390625,0.348058819770813,0.046875,0.3748890459537506,proposed_uniform_mixture,-0.0078125,-0.026830226182937622
gate2_eval_uma_t1_12prb,6.0,11,0.0625,0.3496768176555633,0.0859375,0.3763280808925628,proposed_uniform_mixture,-0.0234375,-0.02665126323699951
gate2_eval_uma_t1_12prb,10.0,0,0.015625,0.3425329625606537,0.015625,0.3529992997646332,proposed_uniform_mixture,0.0,-0.010466337203979492
gate2_eval_uma_t1_12prb,10.0,1,0.046875,0.3402387201786041,0.0625,0.3510635793209076,proposed_uniform_mixture,-0.015625,-0.010824859142303467
gate2_eval_uma_t1_12prb,10.0,2,0.0234375,0.340305358171463,0.03125,0.3508356809616089,proposed_uniform_mixture,-0.0078125,-0.010530322790145874
gate2_eval_uma_t1_12prb,10.0,3,0.0546875,0.34231036901474,0.0546875,0.3527876734733581,proposed_uniform_mixture,0.0,-0.010477304458618109
gate2_eval_uma_t1_12prb,10.0,4,0.015625,0.3367910385131836,0.015625,0.3473581671714782,proposed_uniform_mixture,0.0,-0.010567128658294622
gate2_eval_uma_t1_12prb,10.0,5,0.0234375,0.340169757604599,0.015625,0.3505347967147827,proposed_uniform_mixture,0.0078125,-0.010365039110183716
gate2_eval_uma_t1_12prb,10.0,6,0.03125,0.3384817838668823,0.0390625,0.3488426506519317,proposed_uniform_mixture,-0.0078125,-0.010360866785049383
gate2_eval_uma_t1_12prb,10.0,7,0.0390625,0.340868204832077,0.0390625,0.3503571450710296,proposed_uniform_mixture,0.0,-0.009488940238952581
gate2_eval_uma_t1_12prb,10.0,8,0.015625,0.3413787186145782,0.0546875,0.3512729704380035,proposed_uniform_mixture,-0.0390625,-0.009894251823425293
gate2_eval_uma_t1_12prb,10.0,9,0.0078125,0.3381344676017761,0.015625,0.3487842082977295,proposed_uniform_mixture,-0.0078125,-0.01064974069595337
gate2_eval_uma_t1_12prb,10.0,10,0.0546875,0.3426938951015472,0.0546875,0.3529173135757446,proposed_uniform_mixture,0.0,-0.010223418474197388
gate2_eval_uma_t1_12prb,10.0,11,0.0078125,0.3367581367492676,0.0078125,0.3474400341510772,proposed_uniform_mixture,0.0,-0.010681897401809637
gate2_eval_uma_t1_12prb,14.0,0,0.0,0.3356157839298248,0.0,0.3393365442752838,proposed_uniform_mixture,0.0,-0.00372076034545904
gate2_eval_uma_t1_12prb,14.0,1,0.0078125,0.3358109891414642,0.0078125,0.339742362499237,proposed_uniform_mixture,0.0,-0.003931373357772827
gate2_eval_uma_t1_12prb,14.0,2,0.0,0.3333867192268371,0.0,0.3375195860862732,proposed_uniform_mixture,0.0,-0.004132866859436091
gate2_eval_uma_t1_12prb,14.0,3,0.015625,0.3366665840148926,0.0234375,0.3410862684249878,proposed_uniform_mixture,-0.0078125,-0.004419684410095215
gate2_eval_uma_t1_12prb,14.0,4,0.0,0.3342215418815613,0.0,0.3385131359100342,proposed_uniform_mixture,0.0,-0.0042915940284729
gate2_eval_uma_t1_12prb,14.0,5,0.0078125,0.3343288600444793,0.0078125,0.3385880291461944,proposed_uniform_mixture,0.0,-0.004259169101715088
gate2_eval_uma_t1_12prb,14.0,6,0.0390625,0.3418453633785248,0.0390625,0.3460861146450043,proposed_uniform_mixture,0.0,-0.004240751266479492
gate2_eval_uma_t1_12prb,14.0,7,0.03125,0.3418145477771759,0.015625,0.3458711206912994,proposed_uniform_mixture,0.015625,-0.00405657291412348
gate2_eval_uma_t1_12prb,14.0,8,0.0078125,0.3383358120918274,0.0078125,0.3427225947380066,proposed_uniform_mixture,0.0,-0.004386782646179199
gate2_eval_uma_t1_12prb,14.0,9,0.015625,0.3393886983394623,0.015625,0.3437062203884125,proposed_uniform_mixture,0.0,-0.004317522048950195
gate2_eval_uma_t1_12prb,14.0,10,0.0,0.3355222344398498,0.0,0.339480996131897,proposed_uniform_mixture,0.0,-0.003958761692047175
gate2_eval_uma_t1_12prb,14.0,11,0.03125,0.3437651693820953,0.03125,0.3479287922382355,proposed_uniform_mixture,0.0,-0.004163622856140192
gate2_eval_cdl_c_2layer_12prb,2.0,0,0.15625,0.3379448354244232,0.25,0.3749200403690338,proposed_uniform_mixture,-0.09375,-0.036975204944610596
gate2_eval_cdl_c_2layer_12prb,2.0,1,0.34375,0.3378407955169678,0.40625,0.3742783367633819,proposed_uniform_mixture,-0.0625,-0.03643754124641413
gate2_eval_cdl_c_2layer_12prb,2.0,2,0.25,0.3379166424274444,0.375,0.3752857446670532,proposed_uniform_mixture,-0.125,-0.03736910223960882
gate2_eval_cdl_c_2layer_12prb,2.0,3,0.28125,0.3376278579235077,0.40625,0.3740540146827698,proposed_uniform_mixture,-0.125,-0.036426156759262085
gate2_eval_cdl_c_2layer_12prb,2.0,4,0.21875,0.3380329310894012,0.375,0.3743298053741455,proposed_uniform_mixture,-0.15625,-0.03629687428474432
gate2_eval_cdl_c_2layer_12prb,2.0,5,0.34375,0.3386436402797699,0.40625,0.3754909336566925,proposed_uniform_mixture,-0.0625,-0.03684729337692261
gate2_eval_cdl_c_2layer_12prb,2.0,6,0.25,0.3382577300071716,0.46875,0.3758526146411896,proposed_uniform_mixture,-0.21875,-0.037594884634018
gate2_eval_cdl_c_2layer_12prb,2.0,7,0.15625,0.338217169046402,0.21875,0.375262975692749,proposed_uniform_mixture,-0.0625,-0.037045806646347046
gate2_eval_cdl_c_2layer_12prb,2.0,8,0.375,0.3382196426391601,0.46875,0.3761447966098785,proposed_uniform_mixture,-0.09375,-0.037925153970718384
gate2_eval_cdl_c_2layer_12prb,2.0,9,0.28125,0.3382576107978821,0.46875,0.3751865923404693,proposed_uniform_mixture,-0.1875,-0.036928981542587225
gate2_eval_cdl_c_2layer_12prb,2.0,10,0.21875,0.3377248048782348,0.34375,0.3753972351551056,proposed_uniform_mixture,-0.125,-0.03767243027687078
gate2_eval_cdl_c_2layer_12prb,2.0,11,0.34375,0.3382733166217804,0.4375,0.3751518428325653,proposed_uniform_mixture,-0.09375,-0.03687852621078491
gate2_eval_cdl_c_2layer_12prb,6.0,0,0.125,0.329144150018692,0.15625,0.3440156579017639,proposed_uniform_mixture,-0.03125,-0.0148715078830719
gate2_eval_cdl_c_2layer_12prb,6.0,1,0.0625,0.3289800584316253,0.0625,0.3437473773956299,proposed_uniform_mixture,0.0,-0.014767318964004572
gate2_eval_cdl_c_2layer_12prb,6.0,2,0.09375,0.3290789127349853,0.125,0.3437823951244354,proposed_uniform_mixture,-0.03125,-0.014703482389450129
gate2_eval_cdl_c_2layer_12prb,6.0,3,0.125,0.3292041420936584,0.15625,0.3432882130146026,proposed_uniform_mixture,-0.03125,-0.014084070920944214
gate2_eval_cdl_c_2layer_12prb,6.0,4,0.0625,0.3292043507099151,0.0625,0.3442297875881195,proposed_uniform_mixture,0.0,-0.015025436878204401
gate2_eval_cdl_c_2layer_12prb,6.0,5,0.15625,0.3292889595031738,0.15625,0.3446255326271057,proposed_uniform_mixture,0.0,-0.01533657312393194
gate2_eval_cdl_c_2layer_12prb,6.0,6,0.0625,0.3290709853172302,0.0625,0.3435270190238952,proposed_uniform_mixture,0.0,-0.014456033706664984
gate2_eval_cdl_c_2layer_12prb,6.0,7,0.125,0.3291950523853302,0.15625,0.3441696763038635,proposed_uniform_mixture,-0.03125,-0.014974623918533325
gate2_eval_cdl_c_2layer_12prb,6.0,8,0.03125,0.3291181325912475,0.0625,0.343668133020401,proposed_uniform_mixture,-0.03125,-0.014550000429153498
gate2_eval_cdl_c_2layer_12prb,6.0,9,0.09375,0.3288373947143554,0.09375,0.3433288633823395,proposed_uniform_mixture,0.0,-0.014491468667984064
gate2_eval_cdl_c_2layer_12prb,6.0,10,0.09375,0.3293953239917755,0.09375,0.3436495661735534,proposed_uniform_mixture,0.0,-0.014254242181777899
gate2_eval_cdl_c_2layer_12prb,6.0,11,0.09375,0.3290949463844299,0.125,0.3442126810550689,proposed_uniform_mixture,-0.03125,-0.015117734670639038
gate2_eval_cdl_c_2layer_12prb,10.0,0,0.03125,0.3260044157505035,0.0,0.331298291683197,proposed_uniform_mixture,0.03125,-0.005293875932693537
gate2_eval_cdl_c_2layer_12prb,10.0,1,0.0,0.3256060481071472,0.0,0.3311532437801361,proposed_uniform_mixture,0.0,-0.005547195672988892
gate2_eval_cdl_c_2layer_12prb,10.0,2,0.03125,0.3254602253437042,0.03125,0.3310541212558746,proposed_uniform_mixture,0.0,-0.005593895912170355
gate2_eval_cdl_c_2layer_12prb,10.0,3,0.0,0.3257013261318207,0.0,0.3309925496578216,proposed_uniform_mixture,0.0,-0.005291223526000921
gate2_eval_cdl_c_2layer_12prb,10.0,4,0.0625,0.3253392875194549,0.0625,0.3311023712158203,proposed_uniform_mixture,0.0,-0.005763083696365412
gate2_eval_cdl_c_2layer_12prb,10.0,5,0.0,0.3256416320800781,0.0,0.3310915231704712,proposed_uniform_mixture,0.0,-0.005449891090393066
gate2_eval_cdl_c_2layer_12prb,10.0,6,0.0625,0.3255946040153503,0.0625,0.3308798670768738,proposed_uniform_mixture,0.0,-0.005285263061523493
gate2_eval_cdl_c_2layer_12prb,10.0,7,0.03125,0.3254032433032989,0.03125,0.3308649957180023,proposed_uniform_mixture,0.0,-0.005461752414703425
gate2_eval_cdl_c_2layer_12prb,10.0,8,0.0,0.3256157338619232,0.0,0.3310546576976776,proposed_uniform_mixture,0.0,-0.0054389238357543945
gate2_eval_cdl_c_2layer_12prb,10.0,9,0.0,0.3254485726356506,0.0,0.3310269713401794,proposed_uniform_mixture,0.0,-0.005578398704528809
gate2_eval_cdl_c_2layer_12prb,10.0,10,0.0625,0.3253084719181061,0.0625,0.3313107490539551,proposed_uniform_mixture,0.0,-0.006002277135848999
gate2_eval_cdl_c_2layer_12prb,10.0,11,0.03125,0.3257743716239929,0.03125,0.3312300145626068,proposed_uniform_mixture,0.0,-0.005455642938613892
gate2_eval_cdl_c_2layer_12prb,14.0,0,0.0,0.3238243758678436,0.0,0.3263885080814361,proposed_uniform_mixture,0.0,-0.0025641322135925293
gate2_eval_cdl_c_2layer_12prb,14.0,1,0.03125,0.3240006268024444,0.03125,0.3262475430965423,proposed_uniform_mixture,0.0,-0.0022469162940979004
gate2_eval_cdl_c_2layer_12prb,14.0,2,0.0,0.3239416778087616,0.0,0.3267008364200592,proposed_uniform_mixture,0.0,-0.0027591586112976074
gate2_eval_cdl_c_2layer_12prb,14.0,3,0.0,0.3237289190292358,0.0,0.3265281021595001,proposed_uniform_mixture,0.0,-0.0027991831302643377
gate2_eval_cdl_c_2layer_12prb,14.0,4,0.0,0.3240986764431,0.0,0.3260698020458221,proposed_uniform_mixture,0.0,-0.0019711256027221125
gate2_eval_cdl_c_2layer_12prb,14.0,5,0.0,0.3239333629608154,0.0,0.326446533203125,proposed_uniform_mixture,0.0,-0.002513170242309626
gate2_eval_cdl_c_2layer_12prb,14.0,6,0.0,0.3238000273704529,0.0,0.3264690339565277,proposed_uniform_mixture,0.0,-0.002669006586074829
gate2_eval_cdl_c_2layer_12prb,14.0,7,0.0,0.3240884244441986,0.0,0.3260359168052673,proposed_uniform_mixture,0.0,-0.00194749236106867
gate2_eval_cdl_c_2layer_12prb,14.0,8,0.0,0.3239464163780212,0.0,0.3263882398605346,proposed_uniform_mixture,0.0,-0.0024418234825134277
gate2_eval_cdl_c_2layer_12prb,14.0,9,0.03125,0.32406085729599,0.03125,0.3260359764099121,proposed_uniform_mixture,0.0,-0.001975119113922119
gate2_eval_cdl_c_2layer_12prb,14.0,10,0.03125,0.3239560425281524,0.03125,0.3263152837753296,proposed_uniform_mixture,0.0,-0.0023592412471771795
gate2_eval_cdl_c_2layer_12prb,14.0,11,0.03125,0.3238861262798309,0.03125,0.3260970711708069,proposed_uniform_mixture,0.0,-0.0022109448909760077
gate2_eval_umi_t1_4prb,2.0,0,0.328125,0.3753907680511474,0.328125,0.3753907680511474,proposed_hard_evidence,0.0,0.0
gate2_eval_umi_t1_4prb,2.0,1,0.3203125,0.3761095106601715,0.3203125,0.3761095106601715,proposed_hard_evidence,0.0,0.0
gate2_eval_umi_t1_4prb,2.0,2,0.28125,0.3764191269874573,0.28125,0.3764191269874573,proposed_hard_evidence,0.0,0.0
gate2_eval_umi_t1_4prb,2.0,3,0.3671875,0.3780931234359741,0.3671875,0.3784866333007812,proposed_hard_evidence,0.0,-0.0003935098648070734
gate2_eval_umi_t1_4prb,2.0,4,0.2890625,0.3738680779933929,0.2890625,0.3738680779933929,proposed_hard_evidence,0.0,0.0
gate2_eval_umi_t1_4prb,2.0,5,0.2734375,0.3749798834323883,0.2734375,0.3749798834323883,proposed_hard_evidence,0.0,0.0
gate2_eval_umi_t1_4prb,2.0,6,0.21875,0.3752351999282837,0.21875,0.3752351999282837,proposed_hard_evidence,0.0,0.0
gate2_eval_umi_t1_4prb,2.0,7,0.2578125,0.3774138689041137,0.2578125,0.3774138689041137,proposed_hard_evidence,0.0,0.0
gate2_eval_umi_t1_4prb,2.0,8,0.296875,0.3762175440788269,0.296875,0.3762175440788269,proposed_hard_evidence,0.0,0.0
gate2_eval_umi_t1_4prb,2.0,9,0.1640625,0.3750481903553009,0.1640625,0.3750481903553009,proposed_hard_evidence,0.0,0.0
gate2_eval_umi_t1_4prb,2.0,10,0.3046875,0.3761340379714966,0.3046875,0.3761340379714966,proposed_hard_evidence,0.0,0.0
gate2_eval_umi_t1_4prb,2.0,11,0.2890625,0.3760125339031219,0.2890625,0.3760125339031219,proposed_hard_evidence,0.0,0.0
gate2_eval_umi_t1_4prb,6.0,0,0.015625,0.3447855114936828,0.015625,0.3447855114936828,proposed_hard_evidence,0.0,0.0
gate2_eval_umi_t1_4prb,6.0,1,0.09375,0.3458015322685241,0.09375,0.3458015918731689,proposed_hard_evidence,0.0,-5.960464477539063e-08
gate2_eval_umi_t1_4prb,6.0,2,0.0625,0.3441872000694275,0.0625,0.3441872000694275,proposed_hard_evidence,0.0,0.0
gate2_eval_umi_t1_4prb,6.0,3,0.125,0.3484185934066772,0.125,0.3484185934066772,proposed_hard_evidence,0.0,0.0
gate2_eval_umi_t1_4prb,6.0,4,0.0859375,0.343820184469223,0.0859375,0.343820184469223,proposed_hard_evidence,0.0,0.0
gate2_eval_umi_t1_4prb,6.0,5,0.0703125,0.3451153039932251,0.0703125,0.3451153039932251,proposed_hard_evidence,0.0,0.0
gate2_eval_umi_t1_4prb,6.0,6,0.0625,0.35007244348526,0.0625,0.3500913977622986,proposed_hard_evidence,0.0,-1.895427703857422e-05
gate2_eval_umi_t1_4prb,6.0,7,0.0625,0.3440407514572143,0.0625,0.3440407514572143,proposed_hard_evidence,0.0,0.0
gate2_eval_umi_t1_4prb,6.0,8,0.0625,0.3447377383708954,0.0625,0.3447377383708954,proposed_hard_evidence,0.0,0.0
gate2_eval_umi_t1_4prb,6.0,9,0.0546875,0.3445774912834167,0.0546875,0.3445774912834167,proposed_hard_evidence,0.0,0.0
gate2_eval_umi_t1_4prb,6.0,10,0.1328125,0.3478724360466003,0.1328125,0.3478724360466003,proposed_hard_evidence,0.0,0.0
gate2_eval_umi_t1_4prb,6.0,11,0.0703125,0.3441671729087829,0.0703125,0.3441671729087829,proposed_hard_evidence,0.0,0.0
gate2_eval_umi_t1_4prb,10.0,0,0.0,0.3310819268226623,0.0,0.3310819268226623,proposed_hard_evidence,0.0,0.0
gate2_eval_umi_t1_4prb,10.0,1,0.015625,0.3302342295646667,0.015625,0.3302342295646667,proposed_hard_evidence,0.0,0.0
gate2_eval_umi_t1_4prb,10.0,2,0.0390625,0.3335365056991577,0.0390625,0.3335365056991577,proposed_hard_evidence,0.0,0.0
gate2_eval_umi_t1_4prb,10.0,3,0.0390625,0.3315321803092956,0.0390625,0.3315321803092956,proposed_hard_evidence,0.0,0.0
gate2_eval_umi_t1_4prb,10.0,4,0.015625,0.3305273354053497,0.015625,0.3305273354053497,proposed_hard_evidence,0.0,0.0
gate2_eval_umi_t1_4prb,10.0,5,0.0078125,0.3306478857994079,0.0078125,0.3306478857994079,proposed_hard_evidence,0.0,0.0
gate2_eval_umi_t1_4prb,10.0,6,0.0,0.3336367011070251,0.0,0.3336367011070251,proposed_hard_evidence,0.0,0.0
gate2_eval_umi_t1_4prb,10.0,7,0.015625,0.3305006325244903,0.015625,0.3305006325244903,proposed_hard_evidence,0.0,0.0
gate2_eval_umi_t1_4prb,10.0,8,0.015625,0.3298006951808929,0.015625,0.3298006951808929,proposed_hard_evidence,0.0,0.0
gate2_eval_umi_t1_4prb,10.0,9,0.015625,0.3307726979255676,0.015625,0.3307726979255676,proposed_hard_evidence,0.0,0.0
gate2_eval_umi_t1_4prb,10.0,10,0.0,0.3301753103733063,0.0,0.3301753103733063,proposed_hard_evidence,0.0,0.0
gate2_eval_umi_t1_4prb,10.0,11,0.0,0.3306123614311218,0.0,0.3306123614311218,proposed_hard_evidence,0.0,0.0
gate2_eval_umi_t1_4prb,14.0,0,0.0078125,0.3262061774730682,0.0078125,0.3262061774730682,proposed_hard_evidence,0.0,0.0
gate2_eval_umi_t1_4prb,14.0,1,0.0,0.3266648054122925,0.0,0.3266648054122925,proposed_hard_evidence,0.0,0.0
gate2_eval_umi_t1_4prb,14.0,2,0.0,0.3237783312797546,0.0,0.3237783312797546,proposed_hard_evidence,0.0,0.0
gate2_eval_umi_t1_4prb,14.0,3,0.0,0.3233704268932342,0.0,0.3233704268932342,proposed_hard_evidence,0.0,0.0
gate2_eval_umi_t1_4prb,14.0,4,0.0,0.3236236870288849,0.0,0.3236236870288849,proposed_hard_evidence,0.0,0.0
gate2_eval_umi_t1_4prb,14.0,5,0.0078125,0.3242103457450866,0.0078125,0.3242103457450866,proposed_hard_evidence,0.0,0.0
gate2_eval_umi_t1_4prb,14.0,6,0.0,0.3237446546554565,0.0,0.3237446546554565,proposed_hard_evidence,0.0,0.0
gate2_eval_umi_t1_4prb,14.0,7,0.0078125,0.3245119154453277,0.0078125,0.3245119154453277,proposed_hard_evidence,0.0,0.0
gate2_eval_umi_t1_4prb,14.0,8,0.0,0.3245207965373993,0.0,0.3245207965373993,proposed_hard_evidence,0.0,0.0
gate2_eval_umi_t1_4prb,14.0,9,0.0,0.3238528072834015,0.0,0.3238528072834015,proposed_hard_evidence,0.0,0.0
gate2_eval_umi_t1_4prb,14.0,10,0.0078125,0.3251473307609558,0.0078125,0.3251473307609558,proposed_hard_evidence,0.0,0.0
gate2_eval_umi_t1_4prb,14.0,11,0.0078125,0.3259384334087372,0.0078125,0.3259384334087372,proposed_hard_evidence,0.0,0.0
gate2_eval_umi_t1_8prb,2.0,0,0.1796875,0.3556583225727081,0.1796875,0.3556583225727081,proposed_hard_evidence,0.0,0.0
gate2_eval_umi_t1_8prb,2.0,1,0.140625,0.3586617112159729,0.140625,0.3586617112159729,proposed_hard_evidence,0.0,0.0
gate2_eval_umi_t1_8prb,2.0,2,0.3125,0.355974793434143,0.3125,0.355974793434143,proposed_hard_evidence,0.0,0.0
gate2_eval_umi_t1_8prb,2.0,3,0.25,0.3564778864383697,0.25,0.3564778864383697,proposed_hard_evidence,0.0,0.0
gate2_eval_umi_t1_8prb,2.0,4,0.2578125,0.356475681066513,0.2578125,0.356475681066513,proposed_hard_evidence,0.0,0.0
gate2_eval_umi_t1_8prb,2.0,5,0.265625,0.3558131754398346,0.265625,0.3558131754398346,proposed_hard_evidence,0.0,0.0
gate2_eval_umi_t1_8prb,2.0,6,0.2265625,0.3596271872520447,0.2265625,0.359627217054367,proposed_hard_evidence,0.0,-2.980232233218416e-08
gate2_eval_umi_t1_8prb,2.0,7,0.21875,0.3575693666934967,0.21875,0.3575693666934967,proposed_hard_evidence,0.0,0.0
gate2_eval_umi_t1_8prb,2.0,8,0.1875,0.3603483736515045,0.1875,0.3603483736515045,proposed_hard_evidence,0.0,0.0
gate2_eval_umi_t1_8prb,2.0,9,0.2890625,0.3570557236671448,0.2890625,0.3570557236671448,proposed_hard_evidence,0.0,0.0
gate2_eval_umi_t1_8prb,2.0,10,0.234375,0.3591293692588806,0.234375,0.3591293692588806,proposed_hard_evidence,0.0,0.0
gate2_eval_umi_t1_8prb,2.0,11,0.1640625,0.3650213181972503,0.1640625,0.3650213181972503,proposed_hard_evidence,0.0,0.0
gate2_eval_umi_t1_8prb,6.0,0,0.0,0.3356716334819793,0.0,0.3356716334819793,proposed_hard_evidence,0.0,0.0
gate2_eval_umi_t1_8prb,6.0,1,0.0546875,0.3359281122684479,0.0546875,0.3359281122684479,proposed_hard_evidence,0.0,0.0
gate2_eval_umi_t1_8prb,6.0,2,0.046875,0.3365159928798675,0.046875,0.3365159928798675,proposed_hard_evidence,0.0,0.0
gate2_eval_umi_t1_8prb,6.0,3,0.0390625,0.3379818499088287,0.0390625,0.3379818499088287,proposed_hard_evidence,0.0,0.0
gate2_eval_umi_t1_8prb,6.0,4,0.0078125,0.3369633257389068,0.0078125,0.3369633257389068,proposed_hard_evidence,0.0,0.0
gate2_eval_umi_t1_8prb,6.0,5,0.0703125,0.3369342684745788,0.0703125,0.3369342684745788,proposed_hard_evidence,0.0,0.0
gate2_eval_umi_t1_8prb,6.0,6,0.0390625,0.3349859416484833,0.0390625,0.3349859416484833,proposed_hard_evidence,0.0,0.0
gate2_eval_umi_t1_8prb,6.0,7,0.046875,0.3362280428409576,0.046875,0.3362280428409576,proposed_hard_evidence,0.0,0.0
gate2_eval_umi_t1_8prb,6.0,8,0.0546875,0.3340400755405426,0.0546875,0.3340400755405426,proposed_hard_evidence,0.0,0.0
gate2_eval_umi_t1_8prb,6.0,9,0.0390625,0.3348239958286285,0.0390625,0.3348239958286285,proposed_hard_evidence,0.0,0.0
gate2_eval_umi_t1_8prb,6.0,10,0.0234375,0.3348026871681213,0.0234375,0.3348026871681213,proposed_hard_evidence,0.0,0.0
gate2_eval_umi_t1_8prb,6.0,11,0.0390625,0.3348188400268554,0.0390625,0.3348188400268554,proposed_hard_evidence,0.0,0.0
gate2_eval_umi_t1_8prb,10.0,0,0.0,0.3258238732814789,0.0,0.3258238732814789,proposed_hard_evidence,0.0,0.0
gate2_eval_umi_t1_8prb,10.0,1,0.0,0.3282859623432159,0.0,0.3282859623432159,proposed_hard_evidence,0.0,0.0
gate2_eval_umi_t1_8prb,10.0,2,0.015625,0.3263790309429168,0.015625,0.3263790309429168,proposed_hard_evidence,0.0,0.0
gate2_eval_umi_t1_8prb,10.0,3,0.015625,0.3260295689105987,0.015625,0.3260295689105987,proposed_hard_evidence,0.0,0.0
gate2_eval_umi_t1_8prb,10.0,4,0.0078125,0.325283944606781,0.0078125,0.325283944606781,proposed_hard_evidence,0.0,0.0
gate2_eval_umi_t1_8prb,10.0,5,0.0078125,0.3280014991760254,0.0078125,0.3280014991760254,proposed_hard_evidence,0.0,0.0
gate2_eval_umi_t1_8prb,10.0,6,0.015625,0.3277365565299988,0.015625,0.3277365565299988,proposed_hard_evidence,0.0,0.0
gate2_eval_umi_t1_8prb,10.0,7,0.0,0.326195478439331,0.0,0.326195478439331,proposed_hard_evidence,0.0,0.0
gate2_eval_umi_t1_8prb,10.0,8,0.0078125,0.3271113932132721,0.0078125,0.3271113932132721,proposed_hard_evidence,0.0,0.0
gate2_eval_umi_t1_8prb,10.0,9,0.015625,0.3288066685199737,0.015625,0.3288066685199737,proposed_hard_evidence,0.0,0.0
gate2_eval_umi_t1_8prb,10.0,10,0.0234375,0.3282223641872406,0.0234375,0.3282223641872406,proposed_hard_evidence,0.0,0.0
gate2_eval_umi_t1_8prb,10.0,11,0.0,0.3258869051933288,0.0,0.3258869051933288,proposed_hard_evidence,0.0,0.0
gate2_eval_umi_t1_8prb,14.0,0,0.0,0.3213265836238861,0.0,0.3213265836238861,proposed_hard_evidence,0.0,0.0
gate2_eval_umi_t1_8prb,14.0,1,0.0,0.3237995207309723,0.0,0.3237995207309723,proposed_hard_evidence,0.0,0.0
gate2_eval_umi_t1_8prb,14.0,2,0.0,0.3215589523315429,0.0,0.3215589523315429,proposed_hard_evidence,0.0,0.0
gate2_eval_umi_t1_8prb,14.0,3,0.0,0.3217091560363769,0.0,0.3217091560363769,proposed_hard_evidence,0.0,0.0
gate2_eval_umi_t1_8prb,14.0,4,0.0,0.3215715587139129,0.0,0.3215715587139129,proposed_hard_evidence,0.0,0.0
gate2_eval_umi_t1_8prb,14.0,5,0.0234375,0.3230951428413391,0.0234375,0.3230951428413391,proposed_hard_evidence,0.0,0.0
gate2_eval_umi_t1_8prb,14.0,6,0.0078125,0.322456806898117,0.0078125,0.322456806898117,proposed_hard_evidence,0.0,0.0
gate2_eval_umi_t1_8prb,14.0,7,0.0,0.322434663772583,0.0,0.322434663772583,proposed_hard_evidence,0.0,0.0
gate2_eval_umi_t1_8prb,14.0,8,0.0,0.3223743140697479,0.0,0.3223743140697479,proposed_hard_evidence,0.0,0.0
gate2_eval_umi_t1_8prb,14.0,9,0.0,0.3232451975345611,0.0,0.3232451975345611,proposed_hard_evidence,0.0,0.0
gate2_eval_umi_t1_8prb,14.0,10,0.0078125,0.3219196796417236,0.0078125,0.3219196796417236,proposed_hard_evidence,0.0,0.0
gate2_eval_umi_t1_8prb,14.0,11,0.015625,0.3213679790496826,0.015625,0.3213679790496826,proposed_hard_evidence,0.0,0.0
gate2_eval_umi_t1_12prb,2.0,0,0.25,0.3551358580589294,0.25,0.3551358580589294,proposed_hard_evidence,0.0,0.0
gate2_eval_umi_t1_12prb,2.0,1,0.2578125,0.3586999475955963,0.2578125,0.3586999475955963,proposed_hard_evidence,0.0,0.0
gate2_eval_umi_t1_12prb,2.0,2,0.203125,0.3616426289081573,0.203125,0.3616426289081573,proposed_hard_evidence,0.0,0.0
gate2_eval_umi_t1_12prb,2.0,3,0.1328125,0.3579322397708893,0.1328125,0.3579322397708893,proposed_hard_evidence,0.0,0.0
gate2_eval_umi_t1_12prb,2.0,4,0.171875,0.3567405641078949,0.171875,0.3567405641078949,proposed_hard_evidence,0.0,0.0
gate2_eval_umi_t1_12prb,2.0,5,0.3203125,0.363380879163742,0.3203125,0.363380879163742,proposed_hard_evidence,0.0,0.0
gate2_eval_umi_t1_12prb,2.0,6,0.203125,0.3557489216327667,0.203125,0.3557489216327667,proposed_hard_evidence,0.0,0.0
gate2_eval_umi_t1_12prb,2.0,7,0.2265625,0.3539649844169616,0.2265625,0.3539649844169616,proposed_hard_evidence,0.0,0.0
gate2_eval_umi_t1_12prb,2.0,8,0.1640625,0.3547913432121277,0.1640625,0.3547913432121277,proposed_hard_evidence,0.0,0.0
gate2_eval_umi_t1_12prb,2.0,9,0.25,0.3604941070079803,0.25,0.3604941070079803,proposed_hard_evidence,0.0,0.0
gate2_eval_umi_t1_12prb,2.0,10,0.25,0.3539092242717743,0.25,0.3539092242717743,proposed_hard_evidence,0.0,0.0
gate2_eval_umi_t1_12prb,2.0,11,0.1953125,0.3554483652114868,0.1953125,0.3554483652114868,proposed_hard_evidence,0.0,0.0
gate2_eval_umi_t1_12prb,6.0,0,0.015625,0.3387770354747772,0.015625,0.3387770354747772,proposed_hard_evidence,0.0,0.0
gate2_eval_umi_t1_12prb,6.0,1,0.0390625,0.3394127488136291,0.0390625,0.3394127488136291,proposed_hard_evidence,0.0,0.0
gate2_eval_umi_t1_12prb,6.0,2,0.0859375,0.3392004072666168,0.0859375,0.3392004072666168,proposed_hard_evidence,0.0,0.0
gate2_eval_umi_t1_12prb,6.0,3,0.015625,0.3396529853343963,0.015625,0.3396529853343963,proposed_hard_evidence,0.0,0.0
gate2_eval_umi_t1_12prb,6.0,4,0.03125,0.3387100100517273,0.03125,0.3387100100517273,proposed_hard_evidence,0.0,0.0
gate2_eval_umi_t1_12prb,6.0,5,0.0390625,0.3436420857906341,0.0390625,0.3436420857906341,proposed_hard_evidence,0.0,0.0
gate2_eval_umi_t1_12prb,6.0,6,0.0234375,0.3373515009880066,0.0234375,0.3373515009880066,proposed_hard_evidence,0.0,0.0
gate2_eval_umi_t1_12prb,6.0,7,0.0546875,0.3408214151859283,0.0546875,0.3408214151859283,proposed_hard_evidence,0.0,0.0
gate2_eval_umi_t1_12prb,6.0,8,0.0703125,0.3372685015201568,0.0703125,0.3372685015201568,proposed_hard_evidence,0.0,0.0
gate2_eval_umi_t1_12prb,6.0,9,0.0390625,0.3416226208209991,0.0390625,0.3416226208209991,proposed_hard_evidence,0.0,0.0
gate2_eval_umi_t1_12prb,6.0,10,0.0703125,0.3384945690631866,0.0703125,0.3384945690631866,proposed_hard_evidence,0.0,0.0
gate2_eval_umi_t1_12prb,6.0,11,0.0390625,0.3378393054008484,0.0390625,0.3378393054008484,proposed_hard_evidence,0.0,0.0
gate2_eval_umi_t1_12prb,10.0,0,0.03125,0.3298732936382293,0.03125,0.3298732936382293,proposed_hard_evidence,0.0,0.0
gate2_eval_umi_t1_12prb,10.0,1,0.0,0.3307638168334961,0.0,0.3307638168334961,proposed_hard_evidence,0.0,0.0
gate2_eval_umi_t1_12prb,10.0,2,0.0234375,0.3342710435390472,0.0234375,0.3342710435390472,proposed_hard_evidence,0.0,0.0
gate2_eval_umi_t1_12prb,10.0,3,0.0,0.3293550610542297,0.0,0.3293550610542297,proposed_hard_evidence,0.0,0.0
gate2_eval_umi_t1_12prb,10.0,4,0.03125,0.3323526680469513,0.03125,0.3323526680469513,proposed_hard_evidence,0.0,0.0
gate2_eval_umi_t1_12prb,10.0,5,0.0,0.3299656808376312,0.0,0.3299656808376312,proposed_hard_evidence,0.0,0.0
gate2_eval_umi_t1_12prb,10.0,6,0.0078125,0.3306187987327575,0.0078125,0.3306187987327575,proposed_hard_evidence,0.0,0.0
gate2_eval_umi_t1_12prb,10.0,7,0.03125,0.3317309319972992,0.03125,0.3317309319972992,proposed_hard_evidence,0.0,0.0
gate2_eval_umi_t1_12prb,10.0,8,0.015625,0.3320735692977905,0.015625,0.3320735692977905,proposed_hard_evidence,0.0,0.0
gate2_eval_umi_t1_12prb,10.0,9,0.0,0.3299783766269684,0.0,0.3299783766269684,proposed_hard_evidence,0.0,0.0
gate2_eval_umi_t1_12prb,10.0,10,0.015625,0.332959234714508,0.015625,0.332959234714508,proposed_hard_evidence,0.0,0.0
gate2_eval_umi_t1_12prb,10.0,11,0.0,0.3314605355262756,0.0,0.3314605355262756,proposed_hard_evidence,0.0,0.0
gate2_eval_umi_t1_12prb,14.0,0,0.0,0.3270788192749023,0.0,0.3270788192749023,proposed_hard_evidence,0.0,0.0
gate2_eval_umi_t1_12prb,14.0,1,0.015625,0.3261520266532898,0.015625,0.3261520266532898,proposed_hard_evidence,0.0,0.0
gate2_eval_umi_t1_12prb,14.0,2,0.0,0.3273680806159973,0.0,0.3273680806159973,proposed_hard_evidence,0.0,0.0
gate2_eval_umi_t1_12prb,14.0,3,0.015625,0.3282110393047333,0.015625,0.3282110393047333,proposed_hard_evidence,0.0,0.0
gate2_eval_umi_t1_12prb,14.0,4,0.0,0.3285421133041382,0.0,0.3285421133041382,proposed_hard_evidence,0.0,0.0
gate2_eval_umi_t1_12prb,14.0,5,0.0078125,0.3281838893890381,0.0078125,0.3281838893890381,proposed_hard_evidence,0.0,0.0
gate2_eval_umi_t1_12prb,14.0,6,0.0078125,0.3276529610157013,0.0078125,0.3276529610157013,proposed_hard_evidence,0.0,0.0
gate2_eval_umi_t1_12prb,14.0,7,0.0,0.32771697640419,0.0,0.32771697640419,proposed_hard_evidence,0.0,0.0
gate2_eval_umi_t1_12prb,14.0,8,0.0,0.3263029456138611,0.0,0.3263029456138611,proposed_hard_evidence,0.0,0.0
gate2_eval_umi_t1_12prb,14.0,9,0.03125,0.3276196420192718,0.03125,0.3276196420192718,proposed_hard_evidence,0.0,0.0
gate2_eval_umi_t1_12prb,14.0,10,0.015625,0.3267768621444702,0.015625,0.3267768621444702,proposed_hard_evidence,0.0,0.0
gate2_eval_umi_t1_12prb,14.0,11,0.0,0.3286768496036529,0.0,0.3286768496036529,proposed_hard_evidence,0.0,0.0
gate2_eval_umi_t2_12prb,2.0,0,0.234375,0.3591345250606537,0.234375,0.3591345250606537,proposed_hard_evidence,0.0,0.0
gate2_eval_umi_t2_12prb,2.0,1,0.2734375,0.36900195479393,0.2734375,0.36900195479393,proposed_hard_evidence,0.0,0.0
gate2_eval_umi_t2_12prb,2.0,2,0.3046875,0.357501208782196,0.3046875,0.357501208782196,proposed_hard_evidence,0.0,0.0
gate2_eval_umi_t2_12prb,2.0,3,0.1640625,0.3552250266075134,0.1640625,0.3552250266075134,proposed_hard_evidence,0.0,0.0
gate2_eval_umi_t2_12prb,2.0,4,0.265625,0.3569256961345672,0.265625,0.3569256961345672,proposed_hard_evidence,0.0,0.0
gate2_eval_umi_t2_12prb,2.0,5,0.1953125,0.3579161763191223,0.1953125,0.3579161763191223,proposed_hard_evidence,0.0,0.0
gate2_eval_umi_t2_12prb,2.0,6,0.21875,0.3588736355304718,0.21875,0.3588736355304718,proposed_hard_evidence,0.0,0.0
gate2_eval_umi_t2_12prb,2.0,7,0.1640625,0.3577133119106293,0.1640625,0.3577133119106293,proposed_hard_evidence,0.0,0.0
gate2_eval_umi_t2_12prb,2.0,8,0.296875,0.364828497171402,0.296875,0.364828497171402,proposed_hard_evidence,0.0,0.0
gate2_eval_umi_t2_12prb,2.0,9,0.203125,0.355652242898941,0.203125,0.355652242898941,proposed_hard_evidence,0.0,0.0
gate2_eval_umi_t2_12prb,2.0,10,0.203125,0.3545415997505188,0.203125,0.3545415997505188,proposed_hard_evidence,0.0,0.0
gate2_eval_umi_t2_12prb,2.0,11,0.265625,0.3604139983654022,0.265625,0.3604139983654022,proposed_hard_evidence,0.0,0.0
gate2_eval_umi_t2_12prb,6.0,0,0.03125,0.3378174304962158,0.03125,0.3378174304962158,proposed_hard_evidence,0.0,0.0
gate2_eval_umi_t2_12prb,6.0,1,0.078125,0.3366887867450714,0.078125,0.3366887867450714,proposed_hard_evidence,0.0,0.0
gate2_eval_umi_t2_12prb,6.0,2,0.046875,0.3399249613285064,0.046875,0.3399249613285064,proposed_hard_evidence,0.0,0.0
gate2_eval_umi_t2_12prb,6.0,3,0.0390625,0.3431165516376495,0.0390625,0.3431165516376495,proposed_hard_evidence,0.0,0.0
gate2_eval_umi_t2_12prb,6.0,4,0.03125,0.3393706679344177,0.03125,0.3393706679344177,proposed_hard_evidence,0.0,0.0
gate2_eval_umi_t2_12prb,6.0,5,0.015625,0.3401094079017639,0.015625,0.3401094079017639,proposed_hard_evidence,0.0,0.0
gate2_eval_umi_t2_12prb,6.0,6,0.015625,0.3373118937015533,0.015625,0.3373118937015533,proposed_hard_evidence,0.0,0.0
gate2_eval_umi_t2_12prb,6.0,7,0.0703125,0.3421521782875061,0.0703125,0.3421521782875061,proposed_hard_evidence,0.0,0.0
gate2_eval_umi_t2_12prb,6.0,8,0.0,0.3380789756774902,0.0,0.3380789756774902,proposed_hard_evidence,0.0,0.0
gate2_eval_umi_t2_12prb,6.0,9,0.078125,0.337603211402893,0.078125,0.337603211402893,proposed_hard_evidence,0.0,0.0
gate2_eval_umi_t2_12prb,6.0,10,0.0234375,0.3369071185588836,0.0234375,0.3369071185588836,proposed_hard_evidence,0.0,0.0
gate2_eval_umi_t2_12prb,6.0,11,0.03125,0.3376055955886841,0.03125,0.3376055955886841,proposed_hard_evidence,0.0,0.0
gate2_eval_umi_t2_12prb,10.0,0,0.0,0.3319580256938934,0.0,0.3319580256938934,proposed_hard_evidence,0.0,0.0
gate2_eval_umi_t2_12prb,10.0,1,0.0,0.331357330083847,0.0,0.331357330083847,proposed_hard_evidence,0.0,0.0
gate2_eval_umi_t2_12prb,10.0,2,0.0390625,0.3346019387245178,0.0390625,0.3346019387245178,proposed_hard_evidence,0.0,0.0
gate2_eval_umi_t2_12prb,10.0,3,0.0078125,0.3296501636505127,0.0078125,0.3296501636505127,proposed_hard_evidence,0.0,0.0
gate2_eval_umi_t2_12prb,10.0,4,0.0078125,0.3312384486198425,0.0078125,0.3312384486198425,proposed_hard_evidence,0.0,0.0
gate2_eval_umi_t2_12prb,10.0,5,0.046875,0.3385703563690185,0.046875,0.3385703563690185,proposed_hard_evidence,0.0,0.0
gate2_eval_umi_t2_12prb,10.0,6,0.0,0.3317091464996338,0.0,0.3317091464996338,proposed_hard_evidence,0.0,0.0
gate2_eval_umi_t2_12prb,10.0,7,0.0,0.3304662108421325,0.0,0.3304662108421325,proposed_hard_evidence,0.0,0.0
gate2_eval_umi_t2_12prb,10.0,8,0.0078125,0.3303627371788025,0.0078125,0.3303627371788025,proposed_hard_evidence,0.0,0.0
gate2_eval_umi_t2_12prb,10.0,9,0.0234375,0.3337270617485046,0.0234375,0.3337270617485046,proposed_hard_evidence,0.0,0.0
gate2_eval_umi_t2_12prb,10.0,10,0.03125,0.3353981673717499,0.03125,0.3353981673717499,proposed_hard_evidence,0.0,0.0
gate2_eval_umi_t2_12prb,10.0,11,0.0,0.3317853808403015,0.0,0.3317853808403015,proposed_hard_evidence,0.0,0.0
gate2_eval_umi_t2_12prb,14.0,0,0.0,0.3283167481422424,0.0,0.3283167481422424,proposed_hard_evidence,0.0,0.0
gate2_eval_umi_t2_12prb,14.0,1,0.0,0.3277494311332702,0.0,0.3277494311332702,proposed_hard_evidence,0.0,0.0
gate2_eval_umi_t2_12prb,14.0,2,0.015625,0.3269025683403015,0.015625,0.3269025683403015,proposed_hard_evidence,0.0,0.0
gate2_eval_umi_t2_12prb,14.0,3,0.0,0.3284701406955719,0.0,0.3284724950790405,proposed_hard_evidence,0.0,-2.3543834686279297e-06
gate2_eval_umi_t2_12prb,14.0,4,0.0,0.3277665078639984,0.0,0.3277665078639984,proposed_hard_evidence,0.0,0.0
gate2_eval_umi_t2_12prb,14.0,5,0.015625,0.3286454975605011,0.015625,0.3286454975605011,proposed_hard_evidence,0.0,0.0
gate2_eval_umi_t2_12prb,14.0,6,0.0078125,0.3278971314430237,0.0078125,0.3278971314430237,proposed_hard_evidence,0.0,0.0
gate2_eval_umi_t2_12prb,14.0,7,0.0,0.3258240818977356,0.0,0.3258240818977356,proposed_hard_evidence,0.0,0.0
gate2_eval_umi_t2_12prb,14.0,8,0.015625,0.3279393017292022,0.015625,0.3279393017292022,proposed_hard_evidence,0.0,0.0
gate2_eval_umi_t2_12prb,14.0,9,0.015625,0.3271286487579345,0.015625,0.3271286487579345,proposed_hard_evidence,0.0,0.0
gate2_eval_umi_t2_12prb,14.0,10,0.015625,0.3274550437927246,0.015625,0.3274550437927246,proposed_hard_evidence,0.0,0.0
gate2_eval_umi_t2_12prb,14.0,11,0.0078125,0.3269616067409515,0.0078125,0.3269616067409515,proposed_hard_evidence,0.0,0.0
gate2_eval_uma_t1_12prb,2.0,0,0.328125,0.3671538829803467,0.328125,0.3671538829803467,proposed_hard_evidence,0.0,0.0
gate2_eval_uma_t1_12prb,2.0,1,0.3359375,0.3658041059970855,0.3359375,0.3658041059970855,proposed_hard_evidence,0.0,0.0
gate2_eval_uma_t1_12prb,2.0,2,0.3359375,0.369980901479721,0.3359375,0.369980901479721,proposed_hard_evidence,0.0,0.0
gate2_eval_uma_t1_12prb,2.0,3,0.40625,0.3758096992969513,0.40625,0.3758096992969513,proposed_hard_evidence,0.0,0.0
gate2_eval_uma_t1_12prb,2.0,4,0.3125,0.3619460165500641,0.3125,0.3619460165500641,proposed_hard_evidence,0.0,0.0
gate2_eval_uma_t1_12prb,2.0,5,0.2265625,0.366641491651535,0.2265625,0.366641491651535,proposed_hard_evidence,0.0,0.0
gate2_eval_uma_t1_12prb,2.0,6,0.4375,0.3703979253768921,0.4375,0.3703979253768921,proposed_hard_evidence,0.0,0.0
gate2_eval_uma_t1_12prb,2.0,7,0.3828125,0.3685601055622101,0.3828125,0.3685601055622101,proposed_hard_evidence,0.0,0.0
gate2_eval_uma_t1_12prb,2.0,8,0.4296875,0.3611660003662109,0.4296875,0.3611660003662109,proposed_hard_evidence,0.0,0.0
gate2_eval_uma_t1_12prb,2.0,9,0.3359375,0.3649418354034424,0.3359375,0.3649418354034424,proposed_hard_evidence,0.0,0.0
gate2_eval_uma_t1_12prb,2.0,10,0.25,0.3652617037296295,0.25,0.3652617037296295,proposed_hard_evidence,0.0,0.0
gate2_eval_uma_t1_12prb,2.0,11,0.3671875,0.3618486821651459,0.3671875,0.3618486821651459,proposed_hard_evidence,0.0,0.0
gate2_eval_uma_t1_12prb,6.0,0,0.0234375,0.3451856970787048,0.0234375,0.3451856970787048,proposed_hard_evidence,0.0,0.0
gate2_eval_uma_t1_12prb,6.0,1,0.0390625,0.347574383020401,0.0390625,0.347574383020401,proposed_hard_evidence,0.0,0.0
gate2_eval_uma_t1_12prb,6.0,2,0.1171875,0.3478786051273346,0.1171875,0.3478786051273346,proposed_hard_evidence,0.0,0.0
gate2_eval_uma_t1_12prb,6.0,3,0.1015625,0.3467830121517181,0.1015625,0.3467830121517181,proposed_hard_evidence,0.0,0.0
gate2_eval_uma_t1_12prb,6.0,4,0.0546875,0.3442664742469787,0.0546875,0.3442664742469787,proposed_hard_evidence,0.0,0.0
gate2_eval_uma_t1_12prb,6.0,5,0.109375,0.3484220206737518,0.109375,0.3484220206737518,proposed_hard_evidence,0.0,0.0
gate2_eval_uma_t1_12prb,6.0,6,0.0859375,0.346605509519577,0.0859375,0.346605509519577,proposed_hard_evidence,0.0,0.0
gate2_eval_uma_t1_12prb,6.0,7,0.0234375,0.3451900780200958,0.0234375,0.3451900780200958,proposed_hard_evidence,0.0,0.0
gate2_eval_uma_t1_12prb,6.0,8,0.1328125,0.3511173725128174,0.1328125,0.3511173725128174,proposed_hard_evidence,0.0,0.0
gate2_eval_uma_t1_12prb,6.0,9,0.0625,0.3501570224761963,0.0625,0.3501570224761963,proposed_hard_evidence,0.0,0.0
gate2_eval_uma_t1_12prb,6.0,10,0.0390625,0.348058819770813,0.0390625,0.348058819770813,proposed_hard_evidence,0.0,0.0
gate2_eval_uma_t1_12prb,6.0,11,0.0625,0.3496768176555633,0.0625,0.3496768176555633,proposed_hard_evidence,0.0,0.0
gate2_eval_uma_t1_12prb,10.0,0,0.015625,0.3425329625606537,0.015625,0.3425329625606537,proposed_hard_evidence,0.0,0.0
gate2_eval_uma_t1_12prb,10.0,1,0.046875,0.3402387201786041,0.046875,0.3402387201786041,proposed_hard_evidence,0.0,0.0
gate2_eval_uma_t1_12prb,10.0,2,0.0234375,0.340305358171463,0.0234375,0.340305358171463,proposed_hard_evidence,0.0,0.0
gate2_eval_uma_t1_12prb,10.0,3,0.0546875,0.34231036901474,0.0546875,0.34231036901474,proposed_hard_evidence,0.0,0.0
gate2_eval_uma_t1_12prb,10.0,4,0.015625,0.3367910385131836,0.015625,0.3367910385131836,proposed_hard_evidence,0.0,0.0
gate2_eval_uma_t1_12prb,10.0,5,0.0234375,0.340169757604599,0.0234375,0.340169757604599,proposed_hard_evidence,0.0,0.0
gate2_eval_uma_t1_12prb,10.0,6,0.03125,0.3384817838668823,0.03125,0.3384817838668823,proposed_hard_evidence,0.0,0.0
gate2_eval_uma_t1_12prb,10.0,7,0.0390625,0.340868204832077,0.0390625,0.340868204832077,proposed_hard_evidence,0.0,0.0
gate2_eval_uma_t1_12prb,10.0,8,0.015625,0.3413787186145782,0.015625,0.3413787186145782,proposed_hard_evidence,0.0,0.0
gate2_eval_uma_t1_12prb,10.0,9,0.0078125,0.3381344676017761,0.0078125,0.3381344676017761,proposed_hard_evidence,0.0,0.0
gate2_eval_uma_t1_12prb,10.0,10,0.0546875,0.3426938951015472,0.0546875,0.3426938951015472,proposed_hard_evidence,0.0,0.0
gate2_eval_uma_t1_12prb,10.0,11,0.0078125,0.3367581367492676,0.0078125,0.3367581367492676,proposed_hard_evidence,0.0,0.0
gate2_eval_uma_t1_12prb,14.0,0,0.0,0.3356157839298248,0.0,0.3356157839298248,proposed_hard_evidence,0.0,0.0
gate2_eval_uma_t1_12prb,14.0,1,0.0078125,0.3358109891414642,0.0078125,0.3358109891414642,proposed_hard_evidence,0.0,0.0
gate2_eval_uma_t1_12prb,14.0,2,0.0,0.3333867192268371,0.0,0.3333867192268371,proposed_hard_evidence,0.0,0.0
gate2_eval_uma_t1_12prb,14.0,3,0.015625,0.3366665840148926,0.015625,0.3366665840148926,proposed_hard_evidence,0.0,0.0
gate2_eval_uma_t1_12prb,14.0,4,0.0,0.3342215418815613,0.0,0.3342215418815613,proposed_hard_evidence,0.0,0.0
gate2_eval_uma_t1_12prb,14.0,5,0.0078125,0.3343288600444793,0.0078125,0.3343288600444793,proposed_hard_evidence,0.0,0.0
gate2_eval_uma_t1_12prb,14.0,6,0.0390625,0.3418453633785248,0.0390625,0.3418453633785248,proposed_hard_evidence,0.0,0.0
gate2_eval_uma_t1_12prb,14.0,7,0.03125,0.3418145477771759,0.03125,0.3418145477771759,proposed_hard_evidence,0.0,0.0
gate2_eval_uma_t1_12prb,14.0,8,0.0078125,0.3383358120918274,0.0078125,0.3383358120918274,proposed_hard_evidence,0.0,0.0
gate2_eval_uma_t1_12prb,14.0,9,0.015625,0.3393886983394623,0.015625,0.3393886983394623,proposed_hard_evidence,0.0,0.0
gate2_eval_uma_t1_12prb,14.0,10,0.0,0.3355222344398498,0.0,0.3355222344398498,proposed_hard_evidence,0.0,0.0
gate2_eval_uma_t1_12prb,14.0,11,0.03125,0.3437651693820953,0.03125,0.3437837064266205,proposed_hard_evidence,0.0,-1.8537044525201996e-05
gate2_eval_cdl_c_2layer_12prb,2.0,0,0.15625,0.3379448354244232,0.15625,0.3379448354244232,proposed_hard_evidence,0.0,0.0
gate2_eval_cdl_c_2layer_12prb,2.0,1,0.34375,0.3378407955169678,0.34375,0.3378407955169678,proposed_hard_evidence,0.0,0.0
gate2_eval_cdl_c_2layer_12prb,2.0,2,0.25,0.3379166424274444,0.25,0.3379166424274444,proposed_hard_evidence,0.0,0.0
gate2_eval_cdl_c_2layer_12prb,2.0,3,0.28125,0.3376278579235077,0.28125,0.3376278579235077,proposed_hard_evidence,0.0,0.0
gate2_eval_cdl_c_2layer_12prb,2.0,4,0.21875,0.3380329310894012,0.21875,0.3380329310894012,proposed_hard_evidence,0.0,0.0
gate2_eval_cdl_c_2layer_12prb,2.0,5,0.34375,0.3386436402797699,0.34375,0.3386436402797699,proposed_hard_evidence,0.0,0.0
gate2_eval_cdl_c_2layer_12prb,2.0,6,0.25,0.3382577300071716,0.25,0.3382577300071716,proposed_hard_evidence,0.0,0.0
gate2_eval_cdl_c_2layer_12prb,2.0,7,0.15625,0.338217169046402,0.15625,0.338217169046402,proposed_hard_evidence,0.0,0.0
gate2_eval_cdl_c_2layer_12prb,2.0,8,0.375,0.3382196426391601,0.375,0.3382196426391601,proposed_hard_evidence,0.0,0.0
gate2_eval_cdl_c_2layer_12prb,2.0,9,0.28125,0.3382576107978821,0.28125,0.3382576107978821,proposed_hard_evidence,0.0,0.0
gate2_eval_cdl_c_2layer_12prb,2.0,10,0.21875,0.3377248048782348,0.21875,0.3377248048782348,proposed_hard_evidence,0.0,0.0
gate2_eval_cdl_c_2layer_12prb,2.0,11,0.34375,0.3382733166217804,0.34375,0.3382733166217804,proposed_hard_evidence,0.0,0.0
gate2_eval_cdl_c_2layer_12prb,6.0,0,0.125,0.329144150018692,0.125,0.329144150018692,proposed_hard_evidence,0.0,0.0
gate2_eval_cdl_c_2layer_12prb,6.0,1,0.0625,0.3289800584316253,0.0625,0.3289800584316253,proposed_hard_evidence,0.0,0.0
gate2_eval_cdl_c_2layer_12prb,6.0,2,0.09375,0.3290789127349853,0.09375,0.3290789127349853,proposed_hard_evidence,0.0,0.0
gate2_eval_cdl_c_2layer_12prb,6.0,3,0.125,0.3292041420936584,0.125,0.3292041420936584,proposed_hard_evidence,0.0,0.0
gate2_eval_cdl_c_2layer_12prb,6.0,4,0.0625,0.3292043507099151,0.0625,0.3292043507099151,proposed_hard_evidence,0.0,0.0
gate2_eval_cdl_c_2layer_12prb,6.0,5,0.15625,0.3292889595031738,0.15625,0.3292889595031738,proposed_hard_evidence,0.0,0.0
gate2_eval_cdl_c_2layer_12prb,6.0,6,0.0625,0.3290709853172302,0.0625,0.3290709853172302,proposed_hard_evidence,0.0,0.0
gate2_eval_cdl_c_2layer_12prb,6.0,7,0.125,0.3291950523853302,0.125,0.3291950523853302,proposed_hard_evidence,0.0,0.0
gate2_eval_cdl_c_2layer_12prb,6.0,8,0.03125,0.3291181325912475,0.03125,0.3291181325912475,proposed_hard_evidence,0.0,0.0
gate2_eval_cdl_c_2layer_12prb,6.0,9,0.09375,0.3288373947143554,0.09375,0.3288373947143554,proposed_hard_evidence,0.0,0.0
gate2_eval_cdl_c_2layer_12prb,6.0,10,0.09375,0.3293953239917755,0.09375,0.3293953239917755,proposed_hard_evidence,0.0,0.0
gate2_eval_cdl_c_2layer_12prb,6.0,11,0.09375,0.3290949463844299,0.09375,0.3290949463844299,proposed_hard_evidence,0.0,0.0
gate2_eval_cdl_c_2layer_12prb,10.0,0,0.03125,0.3260044157505035,0.03125,0.3260044157505035,proposed_hard_evidence,0.0,0.0
gate2_eval_cdl_c_2layer_12prb,10.0,1,0.0,0.3256060481071472,0.0,0.3256060481071472,proposed_hard_evidence,0.0,0.0
gate2_eval_cdl_c_2layer_12prb,10.0,2,0.03125,0.3254602253437042,0.03125,0.3254602253437042,proposed_hard_evidence,0.0,0.0
gate2_eval_cdl_c_2layer_12prb,10.0,3,0.0,0.3257013261318207,0.0,0.3257013261318207,proposed_hard_evidence,0.0,0.0
gate2_eval_cdl_c_2layer_12prb,10.0,4,0.0625,0.3253392875194549,0.0625,0.3253392875194549,proposed_hard_evidence,0.0,0.0
gate2_eval_cdl_c_2layer_12prb,10.0,5,0.0,0.3256416320800781,0.0,0.3256416320800781,proposed_hard_evidence,0.0,0.0
gate2_eval_cdl_c_2layer_12prb,10.0,6,0.0625,0.3255946040153503,0.0625,0.3255946040153503,proposed_hard_evidence,0.0,0.0
gate2_eval_cdl_c_2layer_12prb,10.0,7,0.03125,0.3254032433032989,0.03125,0.3254032433032989,proposed_hard_evidence,0.0,0.0
gate2_eval_cdl_c_2layer_12prb,10.0,8,0.0,0.3256157338619232,0.0,0.3256157338619232,proposed_hard_evidence,0.0,0.0
gate2_eval_cdl_c_2layer_12prb,10.0,9,0.0,0.3254485726356506,0.0,0.3254485726356506,proposed_hard_evidence,0.0,0.0
gate2_eval_cdl_c_2layer_12prb,10.0,10,0.0625,0.3253084719181061,0.0625,0.3253084719181061,proposed_hard_evidence,0.0,0.0
gate2_eval_cdl_c_2layer_12prb,10.0,11,0.03125,0.3257743716239929,0.03125,0.3257743716239929,proposed_hard_evidence,0.0,0.0
gate2_eval_cdl_c_2layer_12prb,14.0,0,0.0,0.3238243758678436,0.0,0.3238243758678436,proposed_hard_evidence,0.0,0.0
gate2_eval_cdl_c_2layer_12prb,14.0,1,0.03125,0.3240006268024444,0.03125,0.3240006268024444,proposed_hard_evidence,0.0,0.0
gate2_eval_cdl_c_2layer_12prb,14.0,2,0.0,0.3239416778087616,0.0,0.3239416778087616,proposed_hard_evidence,0.0,0.0
gate2_eval_cdl_c_2layer_12prb,14.0,3,0.0,0.3237289190292358,0.0,0.3237289190292358,proposed_hard_evidence,0.0,0.0
gate2_eval_cdl_c_2layer_12prb,14.0,4,0.0,0.3240986764431,0.0,0.3240986764431,proposed_hard_evidence,0.0,0.0
gate2_eval_cdl_c_2layer_12prb,14.0,5,0.0,0.3239333629608154,0.0,0.3239333629608154,proposed_hard_evidence,0.0,0.0
gate2_eval_cdl_c_2layer_12prb,14.0,6,0.0,0.3238000273704529,0.0,0.3238000273704529,proposed_hard_evidence,0.0,0.0
gate2_eval_cdl_c_2layer_12prb,14.0,7,0.0,0.3240884244441986,0.0,0.3240884244441986,proposed_hard_evidence,0.0,0.0
gate2_eval_cdl_c_2layer_12prb,14.0,8,0.0,0.3239464163780212,0.0,0.3239464163780212,proposed_hard_evidence,0.0,0.0
gate2_eval_cdl_c_2layer_12prb,14.0,9,0.03125,0.32406085729599,0.03125,0.32406085729599,proposed_hard_evidence,0.0,0.0
gate2_eval_cdl_c_2layer_12prb,14.0,10,0.03125,0.3239560425281524,0.03125,0.3239560425281524,proposed_hard_evidence,0.0,0.0
gate2_eval_cdl_c_2layer_12prb,14.0,11,0.03125,0.3238861262798309,0.03125,0.3238861262798309,proposed_hard_evidence,0.0,0.0
