{"step": 0, "ebno_db": -2.0, "loss": 0.6374503970146179, "coded_bit_nll": 0.6243007779121399, "channel_nll": 0.6574814319610596, "coded_ber": 0.3458455502986908, "channel_nmse": 0.6522760391235352, "channel_coverage95": 0.868425190448761, "edge_density": 0.9220106601715088, "grad_norm": 0.1558474451303482, "validation_coded_bit_nll": 0.6684414744377136, "contract_signature": "5b650fb798b4b252ed5fb10eba8c524038aff05b9b7f05bfe9592b3a387788f6"}
{"step": 25, "ebno_db": 6.339314982055054, "loss": 0.7241740822792053, "coded_bit_nll": 0.702581524848938, "channel_nll": 1.079627275466919, "coded_ber": 0.3121812641620636, "channel_nmse": 0.748450517654419, "channel_coverage95": 0.7914191484451294, "edge_density": 0.8504322171211243, "grad_norm": 0.35616564750671387, "validation_coded_bit_nll": NaN, "contract_signature": "5b650fb798b4b252ed5fb10eba8c524038aff05b9b7f05bfe9592b3a387788f6"}
{"step": 50, "ebno_db": 2.6786299641101072, "loss": 0.5997539758682251, "coded_bit_nll": 0.5896357297897339, "channel_nll": 0.505911648273468, "coded_ber": 0.2958441972732544, "channel_nmse": 0.5554701685905457, "channel_coverage95": 0.869432270526886, "edge_density": 0.9072265625, "grad_norm": 0.22730176150798798, "validation_coded_bit_nll": 0.5915859937667847, "contract_signature": "5b650fb798b4b252ed5fb10eba8c524038aff05b9b7f05bfe9592b3a387788f6"}
{"step": 75, "ebno_db": -0.9820550538348385, "loss": 0.5461976528167725, "coded_bit_nll": 0.5439249873161316, "channel_nll": 0.11363305151462555, "coded_ber": 0.2843356728553772, "channel_nmse": 0.4256625175476074, "channel_coverage95": 0.9375678300857544, "edge_density": 0.9186740517616272, "grad_norm": 0.1442107856273651, "validation_coded_bit_nll": NaN, "contract_signature": "5b650fb798b4b252ed5fb10eba8c524038aff05b9b7f05bfe9592b3a387788f6"}
{"step": 100, "ebno_db": 7.3572599282202145, "loss": 0.6110926866531372, "coded_bit_nll": 0.6011619567871094, "channel_nll": 0.4965353012084961, "coded_ber": 0.2723117470741272, "channel_nmse": 0.5285013318061829, "channel_coverage95": 0.8497111201286316, "edge_density": 0.8560112714767456, "grad_norm": 0.3321782350540161, "validation_coded_bit_nll": 0.5236376523971558, "contract_signature": "5b650fb798b4b252ed5fb10eba8c524038aff05b9b7f05bfe9592b3a387788f6"}
{"step": 125, "ebno_db": 3.6965749102752685, "loss": 0.536420464515686, "coded_bit_nll": 0.5333485007286072, "channel_nll": 0.15359799563884735, "coded_ber": 0.25994873046875, "channel_nmse": 0.412498414516449, "channel_coverage95": 0.8997802734375, "edge_density": 0.8820258378982544, "grad_norm": 0.2001480907201767, "validation_coded_bit_nll": NaN, "contract_signature": "5b650fb798b4b252ed5fb10eba8c524038aff05b9b7f05bfe9592b3a387788f6"}
{"step": 150, "ebno_db": 0.035889892330323026, "loss": 0.5006207227706909, "coded_bit_nll": 0.5022614598274231, "channel_nll": -0.08203800022602081, "coded_ber": 0.2522379457950592, "channel_nmse": 0.3329359292984009, "channel_coverage95": 0.942138671875, "edge_density": 0.9068920016288757, "grad_norm": 0.1197485625743866, "validation_coded_bit_nll": 0.46892067790031433, "contract_signature": "5b650fb798b4b252ed5fb10eba8c524038aff05b9b7f05bfe9592b3a387788f6"}
{"step": 175, "ebno_db": 8.375204874385377, "loss": 0.5471188426017761, "coded_bit_nll": 0.543057382106781, "channel_nll": 0.20307165384292603, "coded_ber": 0.2396918386220932, "channel_nmse": 0.40697696805000305, "channel_coverage95": 0.8682522177696228, "edge_density": 0.8434063792228699, "grad_norm": 0.3140968382358551, "validation_coded_bit_nll": NaN, "contract_signature": "5b650fb798b4b252ed5fb10eba8c524038aff05b9b7f05bfe9592b3a387788f6"}
{"step": 200, "ebno_db": 4.714519856440431, "loss": 0.4315309226512909, "coded_bit_nll": 0.43657079339027405, "channel_nll": -0.2519933581352234, "coded_ber": 0.2072346955537796, "channel_nmse": 0.278556764125824, "channel_coverage95": 0.9267204999923706, "edge_density": 0.8680917024612427, "grad_norm": 0.16362741589546204, "validation_coded_bit_nll": 0.42584124207496643, "contract_signature": "5b650fb798b4b252ed5fb10eba8c524038aff05b9b7f05bfe9592b3a387788f6"}
{"step": 225, "ebno_db": 1.0538348384954848, "loss": 0.43230220675468445, "coded_bit_nll": 0.439688116312027, "channel_nll": -0.3692948818206787, "coded_ber": 0.2110053151845932, "channel_nmse": 0.2394545078277588, "channel_coverage95": 0.9507107138633728, "edge_density": 0.8847927451133728, "grad_norm": 0.09234815090894699, "validation_coded_bit_nll": NaN, "contract_signature": "5b650fb798b4b252ed5fb10eba8c524038aff05b9b7f05bfe9592b3a387788f6"}
{"step": 250, "ebno_db": 9.393149820550537, "loss": 0.4957990050315857, "coded_bit_nll": 0.4938625693321228, "channel_nll": 0.09682156145572662, "coded_ber": 0.2130669504404068, "channel_nmse": 0.3457619249820709, "channel_coverage95": 0.8621046543121338, "edge_density": 0.8030327558517456, "grad_norm": 0.30743885040283203, "validation_coded_bit_nll": 0.39151322841644287, "contract_signature": "5b650fb798b4b252ed5fb10eba8c524038aff05b9b7f05bfe9592b3a387788f6"}
{"step": 275, "ebno_db": 5.732464802605592, "loss": 0.45346957445144653, "coded_bit_nll": 0.4581705331802368, "channel_nll": -0.23504813015460968, "coded_ber": 0.2097913920879364, "channel_nmse": 0.2595106363296509, "channel_coverage95": 0.9023200273513794, "edge_density": 0.8436324596405029, "grad_norm": 0.11379552632570267, "validation_coded_bit_nll": NaN, "contract_signature": "5b650fb798b4b252ed5fb10eba8c524038aff05b9b7f05bfe9592b3a387788f6"}
{"step": 300, "ebno_db": 2.071779784660646, "loss": 0.399860143661499, "coded_bit_nll": 0.4095279276371002, "channel_nll": -0.48338890075683594, "coded_ber": 0.1889987587928772, "channel_nmse": 0.2090766876935959, "channel_coverage95": 0.9384663701057434, "edge_density": 0.8679922819137573, "grad_norm": 0.07432910054922104, "validation_coded_bit_nll": 0.36814606189727783, "contract_signature": "5b650fb798b4b252ed5fb10eba8c524038aff05b9b7f05bfe9592b3a387788f6"}
{"step": 325, "ebno_db": -1.5889052332843001, "loss": 0.45453351736068726, "coded_bit_nll": 0.4627770781517029, "channel_nll": -0.412178099155426, "coded_ber": 0.2263522744178772, "channel_nmse": 0.22764812409877777, "channel_coverage95": 0.9438374638557434, "edge_density": 0.8720884323120117, "grad_norm": 0.047585852444171906, "validation_coded_bit_nll": NaN, "contract_signature": "5b650fb798b4b252ed5fb10eba8c524038aff05b9b7f05bfe9592b3a387788f6"}
{"step": 350, "ebno_db": 6.750409748770753, "loss": 0.3812579810619354, "coded_bit_nll": 0.3931563198566437, "channel_nll": -0.5949176549911499, "coded_ber": 0.1716444194316864, "channel_nmse": 0.18452630937099457, "channel_coverage95": 0.9174872636795044, "edge_density": 0.7955096364021301, "grad_norm": 0.092533178627491, "validation_coded_bit_nll": 0.3521049916744232, "contract_signature": "5b650fb798b4b252ed5fb10eba8c524038aff05b9b7f05bfe9592b3a387788f6"}
{"step": 375, "ebno_db": 3.0897247308258073, "loss": 0.3762494921684265, "coded_bit_nll": 0.38643208146095276, "channel_nll": -0.5091294646263123, "coded_ber": 0.176662877202034, "channel_nmse": 0.20115028321743011, "channel_coverage95": 0.9189894199371338, "edge_density": 0.8434606790542603, "grad_norm": 0.06537508964538574, "validation_coded_bit_nll": NaN, "contract_signature": "5b650fb798b4b252ed5fb10eba8c524038aff05b9b7f05bfe9592b3a387788f6"}
{"step": 400, "ebno_db": -0.5709602871191386, "loss": 0.4378364384174347, "coded_bit_nll": 0.44701138138771057, "channel_nll": -0.4587477743625641, "coded_ber": 0.21612548828125, "channel_nmse": 0.21807514131069183, "channel_coverage95": 0.9310370683670044, "edge_density": 0.8677119612693787, "grad_norm": 0.041434209793806076, "validation_coded_bit_nll": 0.340326726436615, "contract_signature": "5b650fb798b4b252ed5fb10eba8c524038aff05b9b7f05bfe9592b3a387788f6"}
{"step": 425, "ebno_db": 7.7683546949359155, "loss": 0.33180394768714905, "coded_bit_nll": 0.34479182958602905, "channel_nll": -0.6493934988975525, "coded_ber": 0.1429511159658432, "channel_nmse": 0.17119573056697845, "channel_coverage95": 0.9070875644683838, "edge_density": 0.8284505009651184, "grad_norm": 0.09954395890235901, "validation_coded_bit_nll": NaN, "contract_signature": "5b650fb798b4b252ed5fb10eba8c524038aff05b9b7f05bfe9592b3a387788f6"}
{"step": 450, "ebno_db": 4.1076696769909695, "loss": 0.36018311977386475, "coded_bit_nll": 0.3754587173461914, "channel_nll": -0.763779878616333, "coded_ber": 0.1653374582529068, "channel_nmse": 0.15517006814479828, "channel_coverage95": 0.9302402138710022, "edge_density": 0.7874348759651184, "grad_norm": 0.0495629645884037, "validation_coded_bit_nll": 0.3314632773399353, "contract_signature": "5b650fb798b4b252ed5fb10eba8c524038aff05b9b7f05bfe9592b3a387788f6"}
{"step": 475, "ebno_db": 0.4469846590460227, "loss": 0.39476191997528076, "coded_bit_nll": 0.4072336256504059, "channel_nll": -0.6235858798027039, "coded_ber": 0.1900634765625, "channel_nmse": 0.18427830934524536, "channel_coverage95": 0.9233195185661316, "edge_density": 0.8431712985038757, "grad_norm": 0.03797484189271927, "validation_coded_bit_nll": NaN, "contract_signature": "5b650fb798b4b252ed5fb10eba8c524038aff05b9b7f05bfe9592b3a387788f6"}
{"step": 499, "ebno_db": 3.652727041818874, "loss": 0.36583083868026733, "coded_bit_nll": 0.37832820415496826, "channel_nll": -0.6248682737350464, "coded_ber": 0.1670600026845932, "channel_nmse": 0.17362870275974274, "channel_coverage95": 0.905412495136261, "edge_density": 0.7877513766288757, "grad_norm": 0.03637363389134407, "validation_coded_bit_nll": 0.3254220187664032, "contract_signature": "5b650fb798b4b252ed5fb10eba8c524038aff05b9b7f05bfe9592b3a387788f6"}
{"case": "eval_umi_type1_2user_2layer", "variant": "proposed", "ebno_db": -2.0, "rep": 0, "tbler": 0.71875}
{"case": "eval_umi_type1_2user_2layer", "variant": "uncertainty_off_fixed_graph", "ebno_db": -2.0, "rep": 0, "tbler": 0.71875}
{"case": "eval_umi_type1_2user_2layer", "variant": "diagonal_posterior_fixed_graph", "ebno_db": -2.0, "rep": 0, "tbler": 0.71875}
{"case": "eval_umi_type1_2user_2layer", "variant": "mean_only_graph_fixed_cardinality", "ebno_db": -2.0, "rep": 0, "tbler": 0.75}
{"case": "eval_umi_type1_2user_2layer", "variant": "random_graph_fixed_cardinality", "ebno_db": -2.0, "rep": 0, "tbler": 0.8125}
{"case": "eval_umi_type1_2user_2layer", "variant": "full_graph", "ebno_db": -2.0, "rep": 0, "tbler": 0.75}
{"case": "eval_umi_type1_2user_2layer", "variant": "ls_lmmse", "ebno_db": -2.0, "rep": 0, "tbler": 0.65625}
{"case": "eval_umi_type1_2user_2layer", "variant": "perfect_csi_lmmse", "ebno_db": -2.0, "rep": 0, "tbler": 0.25}
{"case": "eval_umi_type1_2user_2layer", "variant": "proposed", "ebno_db": -2.0, "rep": 1, "tbler": 0.6875}
{"case": "eval_umi_type1_2user_2layer", "variant": "uncertainty_off_fixed_graph", "ebno_db": -2.0, "rep": 1, "tbler": 0.71875}
{"case": "eval_umi_type1_2user_2layer", "variant": "diagonal_posterior_fixed_graph", "ebno_db": -2.0, "rep": 1, "tbler": 0.6875}
{"case": "eval_umi_type1_2user_2layer", "variant": "mean_only_graph_fixed_cardinality", "ebno_db": -2.0, "rep": 1, "tbler": 0.6875}
{"case": "eval_umi_type1_2user_2layer", "variant": "random_graph_fixed_cardinality", "ebno_db": -2.0, "rep": 1, "tbler": 0.71875}
{"case": "eval_umi_type1_2user_2layer", "variant": "full_graph", "ebno_db": -2.0, "rep": 1, "tbler": 0.65625}
{"case": "eval_umi_type1_2user_2layer", "variant": "ls_lmmse", "ebno_db": -2.0, "rep": 1, "tbler": 0.53125}
{"case": "eval_umi_type1_2user_2layer", "variant": "perfect_csi_lmmse", "ebno_db": -2.0, "rep": 1, "tbler": 0.25}
{"case": "eval_umi_type1_2user_2layer", "variant": "proposed", "ebno_db": -2.0, "rep": 2, "tbler": 0.71875}
{"case": "eval_umi_type1_2user_2layer", "variant": "uncertainty_off_fixed_graph", "ebno_db": -2.0, "rep": 2, "tbler": 0.71875}
{"case": "eval_umi_type1_2user_2layer", "variant": "diagonal_posterior_fixed_graph", "ebno_db": -2.0, "rep": 2, "tbler": 0.71875}
{"case": "eval_umi_type1_2user_2layer", "variant": "mean_only_graph_fixed_cardinality", "ebno_db": -2.0, "rep": 2, "tbler": 0.71875}
{"case": "eval_umi_type1_2user_2layer", "variant": "random_graph_fixed_cardinality", "ebno_db": -2.0, "rep": 2, "tbler": 0.8125}
{"case": "eval_umi_type1_2user_2layer", "variant": "full_graph", "ebno_db": -2.0, "rep": 2, "tbler": 0.71875}
{"case": "eval_umi_type1_2user_2layer", "variant": "ls_lmmse", "ebno_db": -2.0, "rep": 2, "tbler": 0.65625}
{"case": "eval_umi_type1_2user_2layer", "variant": "perfect_csi_lmmse", "ebno_db": -2.0, "rep": 2, "tbler": 0.25}
{"case": "eval_umi_type1_2user_2layer", "variant": "proposed", "ebno_db": -2.0, "rep": 3, "tbler": 0.78125}
{"case": "eval_umi_type1_2user_2layer", "variant": "uncertainty_off_fixed_graph", "ebno_db": -2.0, "rep": 3, "tbler": 0.78125}
{"case": "eval_umi_type1_2user_2layer", "variant": "diagonal_posterior_fixed_graph", "ebno_db": -2.0, "rep": 3, "tbler": 0.78125}
{"case": "eval_umi_type1_2user_2layer", "variant": "mean_only_graph_fixed_cardinality", "ebno_db": -2.0, "rep": 3, "tbler": 0.78125}
{"case": "eval_umi_type1_2user_2layer", "variant": "random_graph_fixed_cardinality", "ebno_db": -2.0, "rep": 3, "tbler": 0.8125}
{"case": "eval_umi_type1_2user_2layer", "variant": "full_graph", "ebno_db": -2.0, "rep": 3, "tbler": 0.78125}
{"case": "eval_umi_type1_2user_2layer", "variant": "ls_lmmse", "ebno_db": -2.0, "rep": 3, "tbler": 0.59375}
{"case": "eval_umi_type1_2user_2layer", "variant": "perfect_csi_lmmse", "ebno_db": -2.0, "rep": 3, "tbler": 0.21875}
{"case": "eval_umi_type1_2user_2layer", "variant": "proposed", "ebno_db": -2.0, "rep": 4, "tbler": 0.875}
{"case": "eval_umi_type1_2user_2layer", "variant": "uncertainty_off_fixed_graph", "ebno_db": -2.0, "rep": 4, "tbler": 0.875}
{"case": "eval_umi_type1_2user_2layer", "variant": "diagonal_posterior_fixed_graph", "ebno_db": -2.0, "rep": 4, "tbler": 0.875}
{"case": "eval_umi_type1_2user_2layer", "variant": "mean_only_graph_fixed_cardinality", "ebno_db": -2.0, "rep": 4, "tbler": 0.875}
{"case": "eval_umi_type1_2user_2layer", "variant": "random_graph_fixed_cardinality", "ebno_db": -2.0, "rep": 4, "tbler": 0.875}
{"case": "eval_umi_type1_2user_2layer", "variant": "full_graph", "ebno_db": -2.0, "rep": 4, "tbler": 0.875}
{"case": "eval_umi_type1_2user_2layer", "variant": "ls_lmmse", "ebno_db": -2.0, "rep": 4, "tbler": 0.71875}
{"case": "eval_umi_type1_2user_2layer", "variant": "perfect_csi_lmmse", "ebno_db": -2.0, "rep": 4, "tbler": 0.28125}
{"case": "eval_umi_type1_2user_2layer", "variant": "proposed", "ebno_db": 2.0, "rep": 0, "tbler": 0.75}
{"case": "eval_umi_type1_2user_2layer", "variant": "uncertainty_off_fixed_graph", "ebno_db": 2.0, "rep": 0, "tbler": 0.75}
{"case": "eval_umi_type1_2user_2layer", "variant": "diagonal_posterior_fixed_graph", "ebno_db": 2.0, "rep": 0, "tbler": 0.75}
{"case": "eval_umi_type1_2user_2layer", "variant": "mean_only_graph_fixed_cardinality", "ebno_db": 2.0, "rep": 0, "tbler": 0.75}
{"case": "eval_umi_type1_2user_2layer", "variant": "random_graph_fixed_cardinality", "ebno_db": 2.0, "rep": 0, "tbler": 0.75}
{"case": "eval_umi_type1_2user_2layer", "variant": "full_graph", "ebno_db": 2.0, "rep": 0, "tbler": 0.78125}
{"case": "eval_umi_type1_2user_2layer", "variant": "ls_lmmse", "ebno_db": 2.0, "rep": 0, "tbler": 0.3125}
{"case": "eval_umi_type1_2user_2layer", "variant": "perfect_csi_lmmse", "ebno_db": 2.0, "rep": 0, "tbler": 0.21875}
{"case": "eval_umi_type1_2user_2layer", "variant": "proposed", "ebno_db": 2.0, "rep": 1, "tbler": 0.71875}
{"case": "eval_umi_type1_2user_2layer", "variant": "uncertainty_off_fixed_graph", "ebno_db": 2.0, "rep": 1, "tbler": 0.75}
{"case": "eval_umi_type1_2user_2layer", "variant": "diagonal_posterior_fixed_graph", "ebno_db": 2.0, "rep": 1, "tbler": 0.71875}
{"case": "eval_umi_type1_2user_2layer", "variant": "mean_only_graph_fixed_cardinality", "ebno_db": 2.0, "rep": 1, "tbler": 0.71875}
{"case": "eval_umi_type1_2user_2layer", "variant": "random_graph_fixed_cardinality", "ebno_db": 2.0, "rep": 1, "tbler": 0.875}
{"case": "eval_umi_type1_2user_2layer", "variant": "full_graph", "ebno_db": 2.0, "rep": 1, "tbler": 0.75}
{"case": "eval_umi_type1_2user_2layer", "variant": "ls_lmmse", "ebno_db": 2.0, "rep": 1, "tbler": 0.1875}
{"case": "eval_umi_type1_2user_2layer", "variant": "perfect_csi_lmmse", "ebno_db": 2.0, "rep": 1, "tbler": 0.09375}
{"case": "eval_umi_type1_2user_2layer", "variant": "proposed", "ebno_db": 2.0, "rep": 2, "tbler": 0.5625}
{"case": "eval_umi_type1_2user_2layer", "variant": "uncertainty_off_fixed_graph", "ebno_db": 2.0, "rep": 2, "tbler": 0.5625}
{"case": "eval_umi_type1_2user_2layer", "variant": "diagonal_posterior_fixed_graph", "ebno_db": 2.0, "rep": 2, "tbler": 0.5625}
{"case": "eval_umi_type1_2user_2layer", "variant": "mean_only_graph_fixed_cardinality", "ebno_db": 2.0, "rep": 2, "tbler": 0.5625}
{"case": "eval_umi_type1_2user_2layer", "variant": "random_graph_fixed_cardinality", "ebno_db": 2.0, "rep": 2, "tbler": 0.75}
{"case": "eval_umi_type1_2user_2layer", "variant": "full_graph", "ebno_db": 2.0, "rep": 2, "tbler": 0.71875}
{"case": "eval_umi_type1_2user_2layer", "variant": "ls_lmmse", "ebno_db": 2.0, "rep": 2, "tbler": 0.1875}
{"case": "eval_umi_type1_2user_2layer", "variant": "perfect_csi_lmmse", "ebno_db": 2.0, "rep": 2, "tbler": 0.09375}
{"case": "eval_umi_type1_2user_2layer", "variant": "proposed", "ebno_db": 2.0, "rep": 3, "tbler": 0.75}
{"case": "eval_umi_type1_2user_2layer", "variant": "uncertainty_off_fixed_graph", "ebno_db": 2.0, "rep": 3, "tbler": 0.78125}
{"case": "eval_umi_type1_2user_2layer", "variant": "diagonal_posterior_fixed_graph", "ebno_db": 2.0, "rep": 3, "tbler": 0.75}
{"case": "eval_umi_type1_2user_2layer", "variant": "mean_only_graph_fixed_cardinality", "ebno_db": 2.0, "rep": 3, "tbler": 0.71875}
{"case": "eval_umi_type1_2user_2layer", "variant": "random_graph_fixed_cardinality", "ebno_db": 2.0, "rep": 3, "tbler": 0.84375}
{"case": "eval_umi_type1_2user_2layer", "variant": "full_graph", "ebno_db": 2.0, "rep": 3, "tbler": 0.78125}
{"case": "eval_umi_type1_2user_2layer", "variant": "ls_lmmse", "ebno_db": 2.0, "rep": 3, "tbler": 0.375}
{"case": "eval_umi_type1_2user_2layer", "variant": "perfect_csi_lmmse", "ebno_db": 2.0, "rep": 3, "tbler": 0.09375}
{"case": "eval_umi_type1_2user_2layer", "variant": "proposed", "ebno_db": 2.0, "rep": 4, "tbler": 0.59375}
{"case": "eval_umi_type1_2user_2layer", "variant": "uncertainty_off_fixed_graph", "ebno_db": 2.0, "rep": 4, "tbler": 0.625}
{"case": "eval_umi_type1_2user_2layer", "variant": "diagonal_posterior_fixed_graph", "ebno_db": 2.0, "rep": 4, "tbler": 0.59375}
{"case": "eval_umi_type1_2user_2layer", "variant": "mean_only_graph_fixed_cardinality", "ebno_db": 2.0, "rep": 4, "tbler": 0.59375}
{"case": "eval_umi_type1_2user_2layer", "variant": "random_graph_fixed_cardinality", "ebno_db": 2.0, "rep": 4, "tbler": 0.625}
{"case": "eval_umi_type1_2user_2layer", "variant": "full_graph", "ebno_db": 2.0, "rep": 4, "tbler": 0.625}
{"case": "eval_umi_type1_2user_2layer", "variant": "ls_lmmse", "ebno_db": 2.0, "rep": 4, "tbler": 0.15625}
{"case": "eval_umi_type1_2user_2layer", "variant": "perfect_csi_lmmse", "ebno_db": 2.0, "rep": 4, "tbler": 0.09375}
{"case": "eval_umi_type1_2user_2layer", "variant": "proposed", "ebno_db": 6.0, "rep": 0, "tbler": 0.5625}
{"case": "eval_umi_type1_2user_2layer", "variant": "uncertainty_off_fixed_graph", "ebno_db": 6.0, "rep": 0, "tbler": 0.5625}
{"case": "eval_umi_type1_2user_2layer", "variant": "diagonal_posterior_fixed_graph", "ebno_db": 6.0, "rep": 0, "tbler": 0.5625}
{"case": "eval_umi_type1_2user_2layer", "variant": "mean_only_graph_fixed_cardinality", "ebno_db": 6.0, "rep": 0, "tbler": 0.5625}
{"case": "eval_umi_type1_2user_2layer", "variant": "random_graph_fixed_cardinality", "ebno_db": 6.0, "rep": 0, "tbler": 0.71875}
{"case": "eval_umi_type1_2user_2layer", "variant": "full_graph", "ebno_db": 6.0, "rep": 0, "tbler": 0.53125}
{"case": "eval_umi_type1_2user_2layer", "variant": "ls_lmmse", "ebno_db": 6.0, "rep": 0, "tbler": 0.0625}
{"case": "eval_umi_type1_2user_2layer", "variant": "perfect_csi_lmmse", "ebno_db": 6.0, "rep": 0, "tbler": 0.03125}
{"case": "eval_umi_type1_2user_2layer", "variant": "proposed", "ebno_db": 6.0, "rep": 1, "tbler": 0.46875}
{"case": "eval_umi_type1_2user_2layer", "variant": "uncertainty_off_fixed_graph", "ebno_db": 6.0, "rep": 1, "tbler": 0.5}
{"case": "eval_umi_type1_2user_2layer", "variant": "diagonal_posterior_fixed_graph", "ebno_db": 6.0, "rep": 1, "tbler": 0.46875}
{"case": "eval_umi_type1_2user_2layer", "variant": "mean_only_graph_fixed_cardinality", "ebno_db": 6.0, "rep": 1, "tbler": 0.46875}
{"case": "eval_umi_type1_2user_2layer", "variant": "random_graph_fixed_cardinality", "ebno_db": 6.0, "rep": 1, "tbler": 0.59375}
{"case": "eval_umi_type1_2user_2layer", "variant": "full_graph", "ebno_db": 6.0, "rep": 1, "tbler": 0.53125}
{"case": "eval_umi_type1_2user_2layer", "variant": "ls_lmmse", "ebno_db": 6.0, "rep": 1, "tbler": 0.0625}
{"case": "eval_umi_type1_2user_2layer", "variant": "perfect_csi_lmmse", "ebno_db": 6.0, "rep": 1, "tbler": 0.0}
{"case": "eval_umi_type1_2user_2layer", "variant": "proposed", "ebno_db": 6.0, "rep": 2, "tbler": 0.5625}
{"case": "eval_umi_type1_2user_2layer", "variant": "uncertainty_off_fixed_graph", "ebno_db": 6.0, "rep": 2, "tbler": 0.625}
{"case": "eval_umi_type1_2user_2layer", "variant": "diagonal_posterior_fixed_graph", "ebno_db": 6.0, "rep": 2, "tbler": 0.5625}
{"case": "eval_umi_type1_2user_2layer", "variant": "mean_only_graph_fixed_cardinality", "ebno_db": 6.0, "rep": 2, "tbler": 0.5625}
{"case": "eval_umi_type1_2user_2layer", "variant": "random_graph_fixed_cardinality", "ebno_db": 6.0, "rep": 2, "tbler": 0.59375}
{"case": "eval_umi_type1_2user_2layer", "variant": "full_graph", "ebno_db": 6.0, "rep": 2, "tbler": 0.59375}
{"case": "eval_umi_type1_2user_2layer", "variant": "ls_lmmse", "ebno_db": 6.0, "rep": 2, "tbler": 0.1875}
{"case": "eval_umi_type1_2user_2layer", "variant": "perfect_csi_lmmse", "ebno_db": 6.0, "rep": 2, "tbler": 0.0625}
{"case": "eval_umi_type1_2user_2layer", "variant": "proposed", "ebno_db": 6.0, "rep": 3, "tbler": 0.5625}
{"case": "eval_umi_type1_2user_2layer", "variant": "uncertainty_off_fixed_graph", "ebno_db": 6.0, "rep": 3, "tbler": 0.65625}
{"case": "eval_umi_type1_2user_2layer", "variant": "diagonal_posterior_fixed_graph", "ebno_db": 6.0, "rep": 3, "tbler": 0.5625}
{"case": "eval_umi_type1_2user_2layer", "variant": "mean_only_graph_fixed_cardinality", "ebno_db": 6.0, "rep": 3, "tbler": 0.5625}
{"case": "eval_umi_type1_2user_2layer", "variant": "random_graph_fixed_cardinality", "ebno_db": 6.0, "rep": 3, "tbler": 0.71875}
{"case": "eval_umi_type1_2user_2layer", "variant": "full_graph", "ebno_db": 6.0, "rep": 3, "tbler": 0.65625}
{"case": "eval_umi_type1_2user_2layer", "variant": "ls_lmmse", "ebno_db": 6.0, "rep": 3, "tbler": 0.0625}
{"case": "eval_umi_type1_2user_2layer", "variant": "perfect_csi_lmmse", "ebno_db": 6.0, "rep": 3, "tbler": 0.03125}
{"case": "eval_umi_type1_2user_2layer", "variant": "proposed", "ebno_db": 6.0, "rep": 4, "tbler": 0.5625}
{"case": "eval_umi_type1_2user_2layer", "variant": "uncertainty_off_fixed_graph", "ebno_db": 6.0, "rep": 4, "tbler": 0.59375}
{"case": "eval_umi_type1_2user_2layer", "variant": "diagonal_posterior_fixed_graph", "ebno_db": 6.0, "rep": 4, "tbler": 0.5625}
{"case": "eval_umi_type1_2user_2layer", "variant": "mean_only_graph_fixed_cardinality", "ebno_db": 6.0, "rep": 4, "tbler": 0.5625}
{"case": "eval_umi_type1_2user_2layer", "variant": "random_graph_fixed_cardinality", "ebno_db": 6.0, "rep": 4, "tbler": 0.65625}
{"case": "eval_umi_type1_2user_2layer", "variant": "full_graph", "ebno_db": 6.0, "rep": 4, "tbler": 0.625}
{"case": "eval_umi_type1_2user_2layer", "variant": "ls_lmmse", "ebno_db": 6.0, "rep": 4, "tbler": 0.03125}
{"case": "eval_umi_type1_2user_2layer", "variant": "perfect_csi_lmmse", "ebno_db": 6.0, "rep": 4, "tbler": 0.0}
{"case": "eval_umi_type1_2user_2layer", "variant": "proposed", "ebno_db": 10.0, "rep": 0, "tbler": 0.65625}
{"case": "eval_umi_type1_2user_2layer", "variant": "uncertainty_off_fixed_graph", "ebno_db": 10.0, "rep": 0, "tbler": 0.78125}
{"case": "eval_umi_type1_2user_2layer", "variant": "diagonal_posterior_fixed_graph", "ebno_db": 10.0, "rep": 0, "tbler": 0.6875}
{"case": "eval_umi_type1_2user_2layer", "variant": "mean_only_graph_fixed_cardinality", "ebno_db": 10.0, "rep": 0, "tbler": 0.6875}
{"case": "eval_umi_type1_2user_2layer", "variant": "random_graph_fixed_cardinality", "ebno_db": 10.0, "rep": 0, "tbler": 0.78125}
{"case": "eval_umi_type1_2user_2layer", "variant": "full_graph", "ebno_db": 10.0, "rep": 0, "tbler": 0.71875}
{"case": "eval_umi_type1_2user_2layer", "variant": "ls_lmmse", "ebno_db": 10.0, "rep": 0, "tbler": 0.125}
{"case": "eval_umi_type1_2user_2layer", "variant": "perfect_csi_lmmse", "ebno_db": 10.0, "rep": 0, "tbler": 0.0625}
{"case": "eval_umi_type1_2user_2layer", "variant": "proposed", "ebno_db": 10.0, "rep": 1, "tbler": 0.75}
{"case": "eval_umi_type1_2user_2layer", "variant": "uncertainty_off_fixed_graph", "ebno_db": 10.0, "rep": 1, "tbler": 0.8125}
{"case": "eval_umi_type1_2user_2layer", "variant": "diagonal_posterior_fixed_graph", "ebno_db": 10.0, "rep": 1, "tbler": 0.75}
{"case": "eval_umi_type1_2user_2layer", "variant": "mean_only_graph_fixed_cardinality", "ebno_db": 10.0, "rep": 1, "tbler": 0.75}
{"case": "eval_umi_type1_2user_2layer", "variant": "random_graph_fixed_cardinality", "ebno_db": 10.0, "rep": 1, "tbler": 0.75}
{"case": "eval_umi_type1_2user_2layer", "variant": "full_graph", "ebno_db": 10.0, "rep": 1, "tbler": 0.78125}
{"case": "eval_umi_type1_2user_2layer", "variant": "ls_lmmse", "ebno_db": 10.0, "rep": 1, "tbler": 0.125}
{"case": "eval_umi_type1_2user_2layer", "variant": "perfect_csi_lmmse", "ebno_db": 10.0, "rep": 1, "tbler": 0.03125}
{"case": "eval_umi_type1_2user_2layer", "variant": "proposed", "ebno_db": 10.0, "rep": 2, "tbler": 0.5625}
{"case": "eval_umi_type1_2user_2layer", "variant": "uncertainty_off_fixed_graph", "ebno_db": 10.0, "rep": 2, "tbler": 0.75}
{"case": "eval_umi_type1_2user_2layer", "variant": "diagonal_posterior_fixed_graph", "ebno_db": 10.0, "rep": 2, "tbler": 0.5625}
{"case": "eval_umi_type1_2user_2layer", "variant": "mean_only_graph_fixed_cardinality", "ebno_db": 10.0, "rep": 2, "tbler": 0.5625}
{"case": "eval_umi_type1_2user_2layer", "variant": "random_graph_fixed_cardinality", "ebno_db": 10.0, "rep": 2, "tbler": 0.6875}
{"case": "eval_umi_type1_2user_2layer", "variant": "full_graph", "ebno_db": 10.0, "rep": 2, "tbler": 0.625}
{"case": "eval_umi_type1_2user_2layer", "variant": "ls_lmmse", "ebno_db": 10.0, "rep": 2, "tbler": 0.0}
{"case": "eval_umi_type1_2user_2layer", "variant": "perfect_csi_lmmse", "ebno_db": 10.0, "rep": 2, "tbler": 0.0}
{"case": "eval_umi_type1_2user_2layer", "variant": "proposed", "ebno_db": 10.0, "rep": 3, "tbler": 0.65625}
{"case": "eval_umi_type1_2user_2layer", "variant": "uncertainty_off_fixed_graph", "ebno_db": 10.0, "rep": 3, "tbler": 0.875}
{"case": "eval_umi_type1_2user_2layer", "variant": "diagonal_posterior_fixed_graph", "ebno_db": 10.0, "rep": 3, "tbler": 0.65625}
{"case": "eval_umi_type1_2user_2layer", "variant": "mean_only_graph_fixed_cardinality", "ebno_db": 10.0, "rep": 3, "tbler": 0.6875}
{"case": "eval_umi_type1_2user_2layer", "variant": "random_graph_fixed_cardinality", "ebno_db": 10.0, "rep": 3, "tbler": 0.875}
{"case": "eval_umi_type1_2user_2layer", "variant": "full_graph", "ebno_db": 10.0, "rep": 3, "tbler": 0.78125}
{"case": "eval_umi_type1_2user_2layer", "variant": "ls_lmmse", "ebno_db": 10.0, "rep": 3, "tbler": 0.0625}
{"case": "eval_umi_type1_2user_2layer", "variant": "perfect_csi_lmmse", "ebno_db": 10.0, "rep": 3, "tbler": 0.03125}
{"case": "eval_umi_type1_2user_2layer", "variant": "proposed", "ebno_db": 10.0, "rep": 4, "tbler": 0.8125}
{"case": "eval_umi_type1_2user_2layer", "variant": "uncertainty_off_fixed_graph", "ebno_db": 10.0, "rep": 4, "tbler": 0.84375}
{"case": "eval_umi_type1_2user_2layer", "variant": "diagonal_posterior_fixed_graph", "ebno_db": 10.0, "rep": 4, "tbler": 0.8125}
{"case": "eval_umi_type1_2user_2layer", "variant": "mean_only_graph_fixed_cardinality", "ebno_db": 10.0, "rep": 4, "tbler": 0.8125}
{"case": "eval_umi_type1_2user_2layer", "variant": "random_graph_fixed_cardinality", "ebno_db": 10.0, "rep": 4, "tbler": 0.875}
{"case": "eval_umi_type1_2user_2layer", "variant": "full_graph", "ebno_db": 10.0, "rep": 4, "tbler": 0.84375}
{"case": "eval_umi_type1_2user_2layer", "variant": "ls_lmmse", "ebno_db": 10.0, "rep": 4, "tbler": 0.0}
{"case": "eval_umi_type1_2user_2layer", "variant": "perfect_csi_lmmse", "ebno_db": 10.0, "rep": 4, "tbler": 0.0}
{"case": "eval_umi_type1_random_subset_2user", "variant": "proposed", "ebno_db": -2.0, "rep": 0, "tbler": 0.25}
{"case": "eval_umi_type1_random_subset_2user", "variant": "uncertainty_off_fixed_graph", "ebno_db": -2.0, "rep": 0, "tbler": 0.28125}
{"case": "eval_umi_type1_random_subset_2user", "variant": "diagonal_posterior_fixed_graph", "ebno_db": -2.0, "rep": 0, "tbler": 0.25}
{"case": "eval_umi_type1_random_subset_2user", "variant": "mean_only_graph_fixed_cardinality", "ebno_db": -2.0, "rep": 0, "tbler": 0.25}
{"case": "eval_umi_type1_random_subset_2user", "variant": "random_graph_fixed_cardinality", "ebno_db": -2.0, "rep": 0, "tbler": 0.25}
{"case": "eval_umi_type1_random_subset_2user", "variant": "full_graph", "ebno_db": -2.0, "rep": 0, "tbler": 0.25}
{"case": "eval_umi_type1_random_subset_2user", "variant": "ls_lmmse", "ebno_db": -2.0, "rep": 0, "tbler": 0.1875}
{"case": "eval_umi_type1_random_subset_2user", "variant": "perfect_csi_lmmse", "ebno_db": -2.0, "rep": 0, "tbler": 0.0}
{"case": "eval_umi_type1_random_subset_2user", "variant": "perfect_csi_kbest", "ebno_db": -2.0, "rep": 0, "tbler": 0.0625}
{"case": "eval_umi_type1_random_subset_2user", "variant": "proposed", "ebno_db": -2.0, "rep": 1, "tbler": 0.3125}
{"case": "eval_umi_type1_random_subset_2user", "variant": "uncertainty_off_fixed_graph", "ebno_db": -2.0, "rep": 1, "tbler": 0.34375}
{"case": "eval_umi_type1_random_subset_2user", "variant": "diagonal_posterior_fixed_graph", "ebno_db": -2.0, "rep": 1, "tbler": 0.3125}
{"case": "eval_umi_type1_random_subset_2user", "variant": "mean_only_graph_fixed_cardinality", "ebno_db": -2.0, "rep": 1, "tbler": 0.3125}
{"case": "eval_umi_type1_random_subset_2user", "variant": "random_graph_fixed_cardinality", "ebno_db": -2.0, "rep": 1, "tbler": 0.3125}
{"case": "eval_umi_type1_random_subset_2user", "variant": "full_graph", "ebno_db": -2.0, "rep": 1, "tbler": 0.3125}
{"case": "eval_umi_type1_random_subset_2user", "variant": "ls_lmmse", "ebno_db": -2.0, "rep": 1, "tbler": 0.25}
{"case": "eval_umi_type1_random_subset_2user", "variant": "perfect_csi_lmmse", "ebno_db": -2.0, "rep": 1, "tbler": 0.0}
{"case": "eval_umi_type1_random_subset_2user", "variant": "perfect_csi_kbest", "ebno_db": -2.0, "rep": 1, "tbler": 0.0625}
{"case": "eval_umi_type1_random_subset_2user", "variant": "proposed", "ebno_db": -2.0, "rep": 2, "tbler": 0.21875}
{"case": "eval_umi_type1_random_subset_2user", "variant": "uncertainty_off_fixed_graph", "ebno_db": -2.0, "rep": 2, "tbler": 0.21875}
{"case": "eval_umi_type1_random_subset_2user", "variant": "diagonal_posterior_fixed_graph", "ebno_db": -2.0, "rep": 2, "tbler": 0.21875}
{"case": "eval_umi_type1_random_subset_2user", "variant": "mean_only_graph_fixed_cardinality", "ebno_db": -2.0, "rep": 2, "tbler": 0.21875}
{"case": "eval_umi_type1_random_subset_2user", "variant": "random_graph_fixed_cardinality", "ebno_db": -2.0, "rep": 2, "tbler": 0.21875}
{"case": "eval_umi_type1_random_subset_2user", "variant": "full_graph", "ebno_db": -2.0, "rep": 2, "tbler": 0.21875}
{"case": "eval_umi_type1_random_subset_2user", "variant": "ls_lmmse", "ebno_db": -2.0, "rep": 2, "tbler": 0.25}
{"case": "eval_umi_type1_random_subset_2user", "variant": "perfect_csi_lmmse", "ebno_db": -2.0, "rep": 2, "tbler": 0.0}
{"case": "eval_umi_type1_random_subset_2user", "variant": "perfect_csi_kbest", "ebno_db": -2.0, "rep": 2, "tbler": 0.0}
{"case": "eval_umi_type1_random_subset_2user", "variant": "proposed", "ebno_db": -2.0, "rep": 3, "tbler": 0.28125}
{"case": "eval_umi_type1_random_subset_2user", "variant": "uncertainty_off_fixed_graph", "ebno_db": -2.0, "rep": 3, "tbler": 0.28125}
{"case": "eval_umi_type1_random_subset_2user", "variant": "diagonal_posterior_fixed_graph", "ebno_db": -2.0, "rep": 3, "tbler": 0.28125}
{"case": "eval_umi_type1_random_subset_2user", "variant": "mean_only_graph_fixed_cardinality", "ebno_db": -2.0, "rep": 3, "tbler": 0.28125}
{"case": "eval_umi_type1_random_subset_2user", "variant": "random_graph_fixed_cardinality", "ebno_db": -2.0, "rep": 3, "tbler": 0.28125}
{"case": "eval_umi_type1_random_subset_2user", "variant": "full_graph", "ebno_db": -2.0, "rep": 3, "tbler": 0.28125}
{"case": "eval_umi_type1_random_subset_2user", "variant": "ls_lmmse", "ebno_db": -2.0, "rep": 3, "tbler": 0.15625}
{"case": "eval_umi_type1_random_subset_2user", "variant": "perfect_csi_lmmse", "ebno_db": -2.0, "rep": 3, "tbler": 0.0}
{"case": "eval_umi_type1_random_subset_2user", "variant": "perfect_csi_kbest", "ebno_db": -2.0, "rep": 3, "tbler": 0.03125}
{"case": "eval_umi_type1_random_subset_2user", "variant": "proposed", "ebno_db": -2.0, "rep": 4, "tbler": 0.25}
{"case": "eval_umi_type1_random_subset_2user", "variant": "uncertainty_off_fixed_graph", "ebno_db": -2.0, "rep": 4, "tbler": 0.28125}
{"case": "eval_umi_type1_random_subset_2user", "variant": "diagonal_posterior_fixed_graph", "ebno_db": -2.0, "rep": 4, "tbler": 0.25}
{"case": "eval_umi_type1_random_subset_2user", "variant": "mean_only_graph_fixed_cardinality", "ebno_db": -2.0, "rep": 4, "tbler": 0.25}
{"case": "eval_umi_type1_random_subset_2user", "variant": "random_graph_fixed_cardinality", "ebno_db": -2.0, "rep": 4, "tbler": 0.25}
{"case": "eval_umi_type1_random_subset_2user", "variant": "full_graph", "ebno_db": -2.0, "rep": 4, "tbler": 0.25}
{"case": "eval_umi_type1_random_subset_2user", "variant": "ls_lmmse", "ebno_db": -2.0, "rep": 4, "tbler": 0.09375}
{"case": "eval_umi_type1_random_subset_2user", "variant": "perfect_csi_lmmse", "ebno_db": -2.0, "rep": 4, "tbler": 0.0}
{"case": "eval_umi_type1_random_subset_2user", "variant": "perfect_csi_kbest", "ebno_db": -2.0, "rep": 4, "tbler": 0.0}
{"case": "eval_umi_type1_random_subset_2user", "variant": "proposed", "ebno_db": 2.0, "rep": 0, "tbler": 0.03125}
{"case": "eval_umi_type1_random_subset_2user", "variant": "uncertainty_off_fixed_graph", "ebno_db": 2.0, "rep": 0, "tbler": 0.03125}
{"case": "eval_umi_type1_random_subset_2user", "variant": "diagonal_posterior_fixed_graph", "ebno_db": 2.0, "rep": 0, "tbler": 0.03125}
{"case": "eval_umi_type1_random_subset_2user", "variant": "mean_only_graph_fixed_cardinality", "ebno_db": 2.0, "rep": 0, "tbler": 0.03125}
{"case": "eval_umi_type1_random_subset_2user", "variant": "random_graph_fixed_cardinality", "ebno_db": 2.0, "rep": 0, "tbler": 0.03125}
{"case": "eval_umi_type1_random_subset_2user", "variant": "full_graph", "ebno_db": 2.0, "rep": 0, "tbler": 0.03125}
{"case": "eval_umi_type1_random_subset_2user", "variant": "ls_lmmse", "ebno_db": 2.0, "rep": 0, "tbler": 0.0}
{"case": "eval_umi_type1_random_subset_2user", "variant": "perfect_csi_lmmse", "ebno_db": 2.0, "rep": 0, "tbler": 0.0}
{"case": "eval_umi_type1_random_subset_2user", "variant": "perfect_csi_kbest", "ebno_db": 2.0, "rep": 0, "tbler": 0.0}
{"case": "eval_umi_type1_random_subset_2user", "variant": "proposed", "ebno_db": 2.0, "rep": 1, "tbler": 0.21875}
{"case": "eval_umi_type1_random_subset_2user", "variant": "uncertainty_off_fixed_graph", "ebno_db": 2.0, "rep": 1, "tbler": 0.25}
{"case": "eval_umi_type1_random_subset_2user", "variant": "diagonal_posterior_fixed_graph", "ebno_db": 2.0, "rep": 1, "tbler": 0.21875}
{"case": "eval_umi_type1_random_subset_2user", "variant": "mean_only_graph_fixed_cardinality", "ebno_db": 2.0, "rep": 1, "tbler": 0.21875}
{"case": "eval_umi_type1_random_subset_2user", "variant": "random_graph_fixed_cardinality", "ebno_db": 2.0, "rep": 1, "tbler": 0.21875}
{"case": "eval_umi_type1_random_subset_2user", "variant": "full_graph", "ebno_db": 2.0, "rep": 1, "tbler": 0.21875}
{"case": "eval_umi_type1_random_subset_2user", "variant": "ls_lmmse", "ebno_db": 2.0, "rep": 1, "tbler": 0.0}
{"case": "eval_umi_type1_random_subset_2user", "variant": "perfect_csi_lmmse", "ebno_db": 2.0, "rep": 1, "tbler": 0.0}
{"case": "eval_umi_type1_random_subset_2user", "variant": "perfect_csi_kbest", "ebno_db": 2.0, "rep": 1, "tbler": 0.0}
{"case": "eval_umi_type1_random_subset_2user", "variant": "proposed", "ebno_db": 2.0, "rep": 2, "tbler": 0.09375}
{"case": "eval_umi_type1_random_subset_2user", "variant": "uncertainty_off_fixed_graph", "ebno_db": 2.0, "rep": 2, "tbler": 0.125}
{"case": "eval_umi_type1_random_subset_2user", "variant": "diagonal_posterior_fixed_graph", "ebno_db": 2.0, "rep": 2, "tbler": 0.09375}
{"case": "eval_umi_type1_random_subset_2user", "variant": "mean_only_graph_fixed_cardinality", "ebno_db": 2.0, "rep": 2, "tbler": 0.09375}
{"case": "eval_umi_type1_random_subset_2user", "variant": "random_graph_fixed_cardinality", "ebno_db": 2.0, "rep": 2, "tbler": 0.09375}
{"case": "eval_umi_type1_random_subset_2user", "variant": "full_graph", "ebno_db": 2.0, "rep": 2, "tbler": 0.09375}
{"case": "eval_umi_type1_random_subset_2user", "variant": "ls_lmmse", "ebno_db": 2.0, "rep": 2, "tbler": 0.0}
{"case": "eval_umi_type1_random_subset_2user", "variant": "perfect_csi_lmmse", "ebno_db": 2.0, "rep": 2, "tbler": 0.0}
{"case": "eval_umi_type1_random_subset_2user", "variant": "perfect_csi_kbest", "ebno_db": 2.0, "rep": 2, "tbler": 0.0}
{"case": "eval_umi_type1_random_subset_2user", "variant": "proposed", "ebno_db": 2.0, "rep": 3, "tbler": 0.0625}
{"case": "eval_umi_type1_random_subset_2user", "variant": "uncertainty_off_fixed_graph", "ebno_db": 2.0, "rep": 3, "tbler": 0.125}
{"case": "eval_umi_type1_random_subset_2user", "variant": "diagonal_posterior_fixed_graph", "ebno_db": 2.0, "rep": 3, "tbler": 0.0625}
{"case": "eval_umi_type1_random_subset_2user", "variant": "mean_only_graph_fixed_cardinality", "ebno_db": 2.0, "rep": 3, "tbler": 0.0625}
{"case": "eval_umi_type1_random_subset_2user", "variant": "random_graph_fixed_cardinality", "ebno_db": 2.0, "rep": 3, "tbler": 0.0625}
{"case": "eval_umi_type1_random_subset_2user", "variant": "full_graph", "ebno_db": 2.0, "rep": 3, "tbler": 0.0625}
{"case": "eval_umi_type1_random_subset_2user", "variant": "ls_lmmse", "ebno_db": 2.0, "rep": 3, "tbler": 0.0}
{"case": "eval_umi_type1_random_subset_2user", "variant": "perfect_csi_lmmse", "ebno_db": 2.0, "rep": 3, "tbler": 0.0}
{"case": "eval_umi_type1_random_subset_2user", "variant": "perfect_csi_kbest", "ebno_db": 2.0, "rep": 3, "tbler": 0.0}
{"case": "eval_umi_type1_random_subset_2user", "variant": "proposed", "ebno_db": 2.0, "rep": 4, "tbler": 0.03125}
{"case": "eval_umi_type1_random_subset_2user", "variant": "uncertainty_off_fixed_graph", "ebno_db": 2.0, "rep": 4, "tbler": 0.03125}
{"case": "eval_umi_type1_random_subset_2user", "variant": "diagonal_posterior_fixed_graph", "ebno_db": 2.0, "rep": 4, "tbler": 0.03125}
{"case": "eval_umi_type1_random_subset_2user", "variant": "mean_only_graph_fixed_cardinality", "ebno_db": 2.0, "rep": 4, "tbler": 0.03125}
{"case": "eval_umi_type1_random_subset_2user", "variant": "random_graph_fixed_cardinality", "ebno_db": 2.0, "rep": 4, "tbler": 0.03125}
{"case": "eval_umi_type1_random_subset_2user", "variant": "full_graph", "ebno_db": 2.0, "rep": 4, "tbler": 0.03125}
{"case": "eval_umi_type1_random_subset_2user", "variant": "ls_lmmse", "ebno_db": 2.0, "rep": 4, "tbler": 0.0}
{"case": "eval_umi_type1_random_subset_2user", "variant": "perfect_csi_lmmse", "ebno_db": 2.0, "rep": 4, "tbler": 0.0}
{"case": "eval_umi_type1_random_subset_2user", "variant": "perfect_csi_kbest", "ebno_db": 2.0, "rep": 4, "tbler": 0.0}
{"case": "eval_umi_type1_random_subset_2user", "variant": "proposed", "ebno_db": 6.0, "rep": 0, "tbler": 0.15625}
{"case": "eval_umi_type1_random_subset_2user", "variant": "uncertainty_off_fixed_graph", "ebno_db": 6.0, "rep": 0, "tbler": 0.15625}
{"case": "eval_umi_type1_random_subset_2user", "variant": "diagonal_posterior_fixed_graph", "ebno_db": 6.0, "rep": 0, "tbler": 0.15625}
{"case": "eval_umi_type1_random_subset_2user", "variant": "mean_only_graph_fixed_cardinality", "ebno_db": 6.0, "rep": 0, "tbler": 0.15625}
{"case": "eval_umi_type1_random_subset_2user", "variant": "random_graph_fixed_cardinality", "ebno_db": 6.0, "rep": 0, "tbler": 0.15625}
{"case": "eval_umi_type1_random_subset_2user", "variant": "full_graph", "ebno_db": 6.0, "rep": 0, "tbler": 0.15625}
{"case": "eval_umi_type1_random_subset_2user", "variant": "ls_lmmse", "ebno_db": 6.0, "rep": 0, "tbler": 0.0}
{"case": "eval_umi_type1_random_subset_2user", "variant": "perfect_csi_lmmse", "ebno_db": 6.0, "rep": 0, "tbler": 0.0}
{"case": "eval_umi_type1_random_subset_2user", "variant": "perfect_csi_kbest", "ebno_db": 6.0, "rep": 0, "tbler": 0.0}
{"case": "eval_umi_type1_random_subset_2user", "variant": "proposed", "ebno_db": 6.0, "rep": 1, "tbler": 0.03125}
{"case": "eval_umi_type1_random_subset_2user", "variant": "uncertainty_off_fixed_graph", "ebno_db": 6.0, "rep": 1, "tbler": 0.03125}
{"case": "eval_umi_type1_random_subset_2user", "variant": "diagonal_posterior_fixed_graph", "ebno_db": 6.0, "rep": 1, "tbler": 0.03125}
{"case": "eval_umi_type1_random_subset_2user", "variant": "mean_only_graph_fixed_cardinality", "ebno_db": 6.0, "rep": 1, "tbler": 0.03125}
{"case": "eval_umi_type1_random_subset_2user", "variant": "random_graph_fixed_cardinality", "ebno_db": 6.0, "rep": 1, "tbler": 0.03125}
{"case": "eval_umi_type1_random_subset_2user", "variant": "full_graph", "ebno_db": 6.0, "rep": 1, "tbler": 0.03125}
{"case": "eval_umi_type1_random_subset_2user", "variant": "ls_lmmse", "ebno_db": 6.0, "rep": 1, "tbler": 0.0}
{"case": "eval_umi_type1_random_subset_2user", "variant": "perfect_csi_lmmse", "ebno_db": 6.0, "rep": 1, "tbler": 0.0}
{"case": "eval_umi_type1_random_subset_2user", "variant": "perfect_csi_kbest", "ebno_db": 6.0, "rep": 1, "tbler": 0.0}
{"case": "eval_umi_type1_random_subset_2user", "variant": "proposed", "ebno_db": 6.0, "rep": 2, "tbler": 0.0625}
{"case": "eval_umi_type1_random_subset_2user", "variant": "uncertainty_off_fixed_graph", "ebno_db": 6.0, "rep": 2, "tbler": 0.0625}
{"case": "eval_umi_type1_random_subset_2user", "variant": "diagonal_posterior_fixed_graph", "ebno_db": 6.0, "rep": 2, "tbler": 0.0625}
{"case": "eval_umi_type1_random_subset_2user", "variant": "mean_only_graph_fixed_cardinality", "ebno_db": 6.0, "rep": 2, "tbler": 0.0625}
{"case": "eval_umi_type1_random_subset_2user", "variant": "random_graph_fixed_cardinality", "ebno_db": 6.0, "rep": 2, "tbler": 0.0625}
{"case": "eval_umi_type1_random_subset_2user", "variant": "full_graph", "ebno_db": 6.0, "rep": 2, "tbler": 0.0625}
{"case": "eval_umi_type1_random_subset_2user", "variant": "ls_lmmse", "ebno_db": 6.0, "rep": 2, "tbler": 0.0}
{"case": "eval_umi_type1_random_subset_2user", "variant": "perfect_csi_lmmse", "ebno_db": 6.0, "rep": 2, "tbler": 0.0}
{"case": "eval_umi_type1_random_subset_2user", "variant": "perfect_csi_kbest", "ebno_db": 6.0, "rep": 2, "tbler": 0.0}
{"case": "eval_umi_type1_random_subset_2user", "variant": "proposed", "ebno_db": 6.0, "rep": 3, "tbler": 0.0625}
{"case": "eval_umi_type1_random_subset_2user", "variant": "uncertainty_off_fixed_graph", "ebno_db": 6.0, "rep": 3, "tbler": 0.0625}
{"case": "eval_umi_type1_random_subset_2user", "variant": "diagonal_posterior_fixed_graph", "ebno_db": 6.0, "rep": 3, "tbler": 0.0625}
{"case": "eval_umi_type1_random_subset_2user", "variant": "mean_only_graph_fixed_cardinality", "ebno_db": 6.0, "rep": 3, "tbler": 0.0625}
{"case": "eval_umi_type1_random_subset_2user", "variant": "random_graph_fixed_cardinality", "ebno_db": 6.0, "rep": 3, "tbler": 0.0625}
{"case": "eval_umi_type1_random_subset_2user", "variant": "full_graph", "ebno_db": 6.0, "rep": 3, "tbler": 0.0625}
{"case": "eval_umi_type1_random_subset_2user", "variant": "ls_lmmse", "ebno_db": 6.0, "rep": 3, "tbler": 0.0}
{"case": "eval_umi_type1_random_subset_2user", "variant": "perfect_csi_lmmse", "ebno_db": 6.0, "rep": 3, "tbler": 0.0}
{"case": "eval_umi_type1_random_subset_2user", "variant": "perfect_csi_kbest", "ebno_db": 6.0, "rep": 3, "tbler": 0.0}
{"case": "eval_umi_type1_random_subset_2user", "variant": "proposed", "ebno_db": 6.0, "rep": 4, "tbler": 0.1875}
{"case": "eval_umi_type1_random_subset_2user", "variant": "uncertainty_off_fixed_graph", "ebno_db": 6.0, "rep": 4, "tbler": 0.28125}
{"case": "eval_umi_type1_random_subset_2user", "variant": "diagonal_posterior_fixed_graph", "ebno_db": 6.0, "rep": 4, "tbler": 0.1875}
{"case": "eval_umi_type1_random_subset_2user", "variant": "mean_only_graph_fixed_cardinality", "ebno_db": 6.0, "rep": 4, "tbler": 0.1875}
{"case": "eval_umi_type1_random_subset_2user", "variant": "random_graph_fixed_cardinality", "ebno_db": 6.0, "rep": 4, "tbler": 0.1875}
{"case": "eval_umi_type1_random_subset_2user", "variant": "full_graph", "ebno_db": 6.0, "rep": 4, "tbler": 0.1875}
{"case": "eval_umi_type1_random_subset_2user", "variant": "ls_lmmse", "ebno_db": 6.0, "rep": 4, "tbler": 0.0}
{"case": "eval_umi_type1_random_subset_2user", "variant": "perfect_csi_lmmse", "ebno_db": 6.0, "rep": 4, "tbler": 0.0}
{"case": "eval_umi_type1_random_subset_2user", "variant": "perfect_csi_kbest", "ebno_db": 6.0, "rep": 4, "tbler": 0.0}
{"case": "eval_umi_type1_random_subset_2user", "variant": "proposed", "ebno_db": 10.0, "rep": 0, "tbler": 0.09375}
{"case": "eval_umi_type1_random_subset_2user", "variant": "uncertainty_off_fixed_graph", "ebno_db": 10.0, "rep": 0, "tbler": 0.125}
{"case": "eval_umi_type1_random_subset_2user", "variant": "diagonal_posterior_fixed_graph", "ebno_db": 10.0, "rep": 0, "tbler": 0.09375}
{"case": "eval_umi_type1_random_subset_2user", "variant": "mean_only_graph_fixed_cardinality", "ebno_db": 10.0, "rep": 0, "tbler": 0.09375}
{"case": "eval_umi_type1_random_subset_2user", "variant": "random_graph_fixed_cardinality", "ebno_db": 10.0, "rep": 0, "tbler": 0.09375}
{"case": "eval_umi_type1_random_subset_2user", "variant": "full_graph", "ebno_db": 10.0, "rep": 0, "tbler": 0.09375}
{"case": "eval_umi_type1_random_subset_2user", "variant": "ls_lmmse", "ebno_db": 10.0, "rep": 0, "tbler": 0.0}
{"case": "eval_umi_type1_random_subset_2user", "variant": "perfect_csi_lmmse", "ebno_db": 10.0, "rep": 0, "tbler": 0.0}
{"case": "eval_umi_type1_random_subset_2user", "variant": "perfect_csi_kbest", "ebno_db": 10.0, "rep": 0, "tbler": 0.0}
{"case": "eval_umi_type1_random_subset_2user", "variant": "proposed", "ebno_db": 10.0, "rep": 1, "tbler": 0.1875}
{"case": "eval_umi_type1_random_subset_2user", "variant": "uncertainty_off_fixed_graph", "ebno_db": 10.0, "rep": 1, "tbler": 0.25}
{"case": "eval_umi_type1_random_subset_2user", "variant": "diagonal_posterior_fixed_graph", "ebno_db": 10.0, "rep": 1, "tbler": 0.1875}
{"case": "eval_umi_type1_random_subset_2user", "variant": "mean_only_graph_fixed_cardinality", "ebno_db": 10.0, "rep": 1, "tbler": 0.1875}
{"case": "eval_umi_type1_random_subset_2user", "variant": "random_graph_fixed_cardinality", "ebno_db": 10.0, "rep": 1, "tbler": 0.1875}
{"case": "eval_umi_type1_random_subset_2user", "variant": "full_graph", "ebno_db": 10.0, "rep": 1, "tbler": 0.1875}
{"case": "eval_umi_type1_random_subset_2user", "variant": "ls_lmmse", "ebno_db": 10.0, "rep": 1, "tbler": 0.03125}
{"case": "eval_umi_type1_random_subset_2user", "variant": "perfect_csi_lmmse", "ebno_db": 10.0, "rep": 1, "tbler": 0.0}
{"case": "eval_umi_type1_random_subset_2user", "variant": "perfect_csi_kbest", "ebno_db": 10.0, "rep": 1, "tbler": 0.0}
{"case": "eval_umi_type1_random_subset_2user", "variant": "proposed", "ebno_db": 10.0, "rep": 2, "tbler": 0.1875}
{"case": "eval_umi_type1_random_subset_2user", "variant": "uncertainty_off_fixed_graph", "ebno_db": 10.0, "rep": 2, "tbler": 0.21875}
{"case": "eval_umi_type1_random_subset_2user", "variant": "diagonal_posterior_fixed_graph", "ebno_db": 10.0, "rep": 2, "tbler": 0.1875}
{"case": "eval_umi_type1_random_subset_2user", "variant": "mean_only_graph_fixed_cardinality", "ebno_db": 10.0, "rep": 2, "tbler": 0.1875}
{"case": "eval_umi_type1_random_subset_2user", "variant": "random_graph_fixed_cardinality", "ebno_db": 10.0, "rep": 2, "tbler": 0.1875}
{"case": "eval_umi_type1_random_subset_2user", "variant": "full_graph", "ebno_db": 10.0, "rep": 2, "tbler": 0.1875}
{"case": "eval_umi_type1_random_subset_2user", "variant": "ls_lmmse", "ebno_db": 10.0, "rep": 2, "tbler": 0.0}
{"case": "eval_umi_type1_random_subset_2user", "variant": "perfect_csi_lmmse", "ebno_db": 10.0, "rep": 2, "tbler": 0.0}
{"case": "eval_umi_type1_random_subset_2user", "variant": "perfect_csi_kbest", "ebno_db": 10.0, "rep": 2, "tbler": 0.0}
{"case": "eval_umi_type1_random_subset_2user", "variant": "proposed", "ebno_db": 10.0, "rep": 3, "tbler": 0.125}
{"case": "eval_umi_type1_random_subset_2user", "variant": "uncertainty_off_fixed_graph", "ebno_db": 10.0, "rep": 3, "tbler": 0.15625}
{"case": "eval_umi_type1_random_subset_2user", "variant": "diagonal_posterior_fixed_graph", "ebno_db": 10.0, "rep": 3, "tbler": 0.125}
{"case": "eval_umi_type1_random_subset_2user", "variant": "mean_only_graph_fixed_cardinality", "ebno_db": 10.0, "rep": 3, "tbler": 0.125}
{"case": "eval_umi_type1_random_subset_2user", "variant": "random_graph_fixed_cardinality", "ebno_db": 10.0, "rep": 3, "tbler": 0.125}
{"case": "eval_umi_type1_random_subset_2user", "variant": "full_graph", "ebno_db": 10.0, "rep": 3, "tbler": 0.125}
{"case": "eval_umi_type1_random_subset_2user", "variant": "ls_lmmse", "ebno_db": 10.0, "rep": 3, "tbler": 0.0}
{"case": "eval_umi_type1_random_subset_2user", "variant": "perfect_csi_lmmse", "ebno_db": 10.0, "rep": 3, "tbler": 0.0}
{"case": "eval_umi_type1_random_subset_2user", "variant": "perfect_csi_kbest", "ebno_db": 10.0, "rep": 3, "tbler": 0.0}
{"case": "eval_umi_type1_random_subset_2user", "variant": "proposed", "ebno_db": 10.0, "rep": 4, "tbler": 0.0}
{"case": "eval_umi_type1_random_subset_2user", "variant": "uncertainty_off_fixed_graph", "ebno_db": 10.0, "rep": 4, "tbler": 0.0625}
{"case": "eval_umi_type1_random_subset_2user", "variant": "diagonal_posterior_fixed_graph", "ebno_db": 10.0, "rep": 4, "tbler": 0.0}
{"case": "eval_umi_type1_random_subset_2user", "variant": "mean_only_graph_fixed_cardinality", "ebno_db": 10.0, "rep": 4, "tbler": 0.0}
{"case": "eval_umi_type1_random_subset_2user", "variant": "random_graph_fixed_cardinality", "ebno_db": 10.0, "rep": 4, "tbler": 0.0}
{"case": "eval_umi_type1_random_subset_2user", "variant": "full_graph", "ebno_db": 10.0, "rep": 4, "tbler": 0.0}
{"case": "eval_umi_type1_random_subset_2user", "variant": "ls_lmmse", "ebno_db": 10.0, "rep": 4, "tbler": 0.0}
{"case": "eval_umi_type1_random_subset_2user", "variant": "perfect_csi_lmmse", "ebno_db": 10.0, "rep": 4, "tbler": 0.0}
{"case": "eval_umi_type1_random_subset_2user", "variant": "perfect_csi_kbest", "ebno_db": 10.0, "rep": 4, "tbler": 0.0}
{"case": "eval_uma_type1_port_permutation_4user", "variant": "proposed", "ebno_db": -2.0, "rep": 0, "tbler": 0.765625}
{"case": "eval_uma_type1_port_permutation_4user", "variant": "uncertainty_off_fixed_graph", "ebno_db": -2.0, "rep": 0, "tbler": 0.765625}
{"case": "eval_uma_type1_port_permutation_4user", "variant": "diagonal_posterior_fixed_graph", "ebno_db": -2.0, "rep": 0, "tbler": 0.765625}
{"case": "eval_uma_type1_port_permutation_4user", "variant": "mean_only_graph_fixed_cardinality", "ebno_db": -2.0, "rep": 0, "tbler": 0.765625}
{"case": "eval_uma_type1_port_permutation_4user", "variant": "random_graph_fixed_cardinality", "ebno_db": -2.0, "rep": 0, "tbler": 0.78125}
{"case": "eval_uma_type1_port_permutation_4user", "variant": "full_graph", "ebno_db": -2.0, "rep": 0, "tbler": 0.765625}
{"case": "eval_uma_type1_port_permutation_4user", "variant": "ls_lmmse", "ebno_db": -2.0, "rep": 0, "tbler": 0.875}
{"case": "eval_uma_type1_port_permutation_4user", "variant": "perfect_csi_lmmse", "ebno_db": -2.0, "rep": 0, "tbler": 0.140625}
{"case": "eval_uma_type1_port_permutation_4user", "variant": "proposed", "ebno_db": -2.0, "rep": 1, "tbler": 0.671875}
{"case": "eval_uma_type1_port_permutation_4user", "variant": "uncertainty_off_fixed_graph", "ebno_db": -2.0, "rep": 1, "tbler": 0.671875}
{"case": "eval_uma_type1_port_permutation_4user", "variant": "diagonal_posterior_fixed_graph", "ebno_db": -2.0, "rep": 1, "tbler": 0.671875}
{"case": "eval_uma_type1_port_permutation_4user", "variant": "mean_only_graph_fixed_cardinality", "ebno_db": -2.0, "rep": 1, "tbler": 0.671875}
{"case": "eval_uma_type1_port_permutation_4user", "variant": "random_graph_fixed_cardinality", "ebno_db": -2.0, "rep": 1, "tbler": 0.75}
{"case": "eval_uma_type1_port_permutation_4user", "variant": "full_graph", "ebno_db": -2.0, "rep": 1, "tbler": 0.671875}
{"case": "eval_uma_type1_port_permutation_4user", "variant": "ls_lmmse", "ebno_db": -2.0, "rep": 1, "tbler": 0.875}
{"case": "eval_uma_type1_port_permutation_4user", "variant": "perfect_csi_lmmse", "ebno_db": -2.0, "rep": 1, "tbler": 0.078125}
{"case": "eval_uma_type1_port_permutation_4user", "variant": "proposed", "ebno_db": -2.0, "rep": 2, "tbler": 0.625}
{"case": "eval_uma_type1_port_permutation_4user", "variant": "uncertainty_off_fixed_graph", "ebno_db": -2.0, "rep": 2, "tbler": 0.6875}
{"case": "eval_uma_type1_port_permutation_4user", "variant": "diagonal_posterior_fixed_graph", "ebno_db": -2.0, "rep": 2, "tbler": 0.625}
{"case": "eval_uma_type1_port_permutation_4user", "variant": "mean_only_graph_fixed_cardinality", "ebno_db": -2.0, "rep": 2, "tbler": 0.625}
{"case": "eval_uma_type1_port_permutation_4user", "variant": "random_graph_fixed_cardinality", "ebno_db": -2.0, "rep": 2, "tbler": 0.6875}
{"case": "eval_uma_type1_port_permutation_4user", "variant": "full_graph", "ebno_db": -2.0, "rep": 2, "tbler": 0.625}
{"case": "eval_uma_type1_port_permutation_4user", "variant": "ls_lmmse", "ebno_db": -2.0, "rep": 2, "tbler": 0.921875}
{"case": "eval_uma_type1_port_permutation_4user", "variant": "perfect_csi_lmmse", "ebno_db": -2.0, "rep": 2, "tbler": 0.1875}
{"case": "eval_uma_type1_port_permutation_4user", "variant": "proposed", "ebno_db": -2.0, "rep": 3, "tbler": 0.75}
{"case": "eval_uma_type1_port_permutation_4user", "variant": "uncertainty_off_fixed_graph", "ebno_db": -2.0, "rep": 3, "tbler": 0.734375}
{"case": "eval_uma_type1_port_permutation_4user", "variant": "diagonal_posterior_fixed_graph", "ebno_db": -2.0, "rep": 3, "tbler": 0.75}
{"case": "eval_uma_type1_port_permutation_4user", "variant": "mean_only_graph_fixed_cardinality", "ebno_db": -2.0, "rep": 3, "tbler": 0.75}
{"case": "eval_uma_type1_port_permutation_4user", "variant": "random_graph_fixed_cardinality", "ebno_db": -2.0, "rep": 3, "tbler": 0.765625}
{"case": "eval_uma_type1_port_permutation_4user", "variant": "full_graph", "ebno_db": -2.0, "rep": 3, "tbler": 0.71875}
{"case": "eval_uma_type1_port_permutation_4user", "variant": "ls_lmmse", "ebno_db": -2.0, "rep": 3, "tbler": 0.828125}
{"case": "eval_uma_type1_port_permutation_4user", "variant": "perfect_csi_lmmse", "ebno_db": -2.0, "rep": 3, "tbler": 0.125}
{"case": "eval_uma_type1_port_permutation_4user", "variant": "proposed", "ebno_db": -2.0, "rep": 4, "tbler": 0.65625}
{"case": "eval_uma_type1_port_permutation_4user", "variant": "uncertainty_off_fixed_graph", "ebno_db": -2.0, "rep": 4, "tbler": 0.65625}
{"case": "eval_uma_type1_port_permutation_4user", "variant": "diagonal_posterior_fixed_graph", "ebno_db": -2.0, "rep": 4, "tbler": 0.65625}
{"case": "eval_uma_type1_port_permutation_4user", "variant": "mean_only_graph_fixed_cardinality", "ebno_db": -2.0, "rep": 4, "tbler": 0.65625}
{"case": "eval_uma_type1_port_permutation_4user", "variant": "random_graph_fixed_cardinality", "ebno_db": -2.0, "rep": 4, "tbler": 0.6875}
{"case": "eval_uma_type1_port_permutation_4user", "variant": "full_graph", "ebno_db": -2.0, "rep": 4, "tbler": 0.625}
{"case": "eval_uma_type1_port_permutation_4user", "variant": "ls_lmmse", "ebno_db": -2.0, "rep": 4, "tbler": 0.859375}
{"case": "eval_uma_type1_port_permutation_4user", "variant": "perfect_csi_lmmse", "ebno_db": -2.0, "rep": 4, "tbler": 0.09375}
{"case": "eval_uma_type1_port_permutation_4user", "variant": "proposed", "ebno_db": 2.0, "rep": 0, "tbler": 0.296875}
{"case": "eval_uma_type1_port_permutation_4user", "variant": "uncertainty_off_fixed_graph", "ebno_db": 2.0, "rep": 0, "tbler": 0.3125}
{"case": "eval_uma_type1_port_permutation_4user", "variant": "diagonal_posterior_fixed_graph", "ebno_db": 2.0, "rep": 0, "tbler": 0.296875}
{"case": "eval_uma_type1_port_permutation_4user", "variant": "mean_only_graph_fixed_cardinality", "ebno_db": 2.0, "rep": 0, "tbler": 0.296875}
{"case": "eval_uma_type1_port_permutation_4user", "variant": "random_graph_fixed_cardinality", "ebno_db": 2.0, "rep": 0, "tbler": 0.390625}
{"case": "eval_uma_type1_port_permutation_4user", "variant": "full_graph", "ebno_db": 2.0, "rep": 0, "tbler": 0.265625}
{"case": "eval_uma_type1_port_permutation_4user", "variant": "ls_lmmse", "ebno_db": 2.0, "rep": 0, "tbler": 0.125}
{"case": "eval_uma_type1_port_permutation_4user", "variant": "perfect_csi_lmmse", "ebno_db": 2.0, "rep": 0, "tbler": 0.0}
{"case": "eval_uma_type1_port_permutation_4user", "variant": "proposed", "ebno_db": 2.0, "rep": 1, "tbler": 0.359375}
{"case": "eval_uma_type1_port_permutation_4user", "variant": "uncertainty_off_fixed_graph", "ebno_db": 2.0, "rep": 1, "tbler": 0.375}
{"case": "eval_uma_type1_port_permutation_4user", "variant": "diagonal_posterior_fixed_graph", "ebno_db": 2.0, "rep": 1, "tbler": 0.359375}
{"case": "eval_uma_type1_port_permutation_4user", "variant": "mean_only_graph_fixed_cardinality", "ebno_db": 2.0, "rep": 1, "tbler": 0.34375}
{"case": "eval_uma_type1_port_permutation_4user", "variant": "random_graph_fixed_cardinality", "ebno_db": 2.0, "rep": 1, "tbler": 0.421875}
{"case": "eval_uma_type1_port_permutation_4user", "variant": "full_graph", "ebno_db": 2.0, "rep": 1, "tbler": 0.265625}
{"case": "eval_uma_type1_port_permutation_4user", "variant": "ls_lmmse", "ebno_db": 2.0, "rep": 1, "tbler": 0.09375}
{"case": "eval_uma_type1_port_permutation_4user", "variant": "perfect_csi_lmmse", "ebno_db": 2.0, "rep": 1, "tbler": 0.0}
{"case": "eval_uma_type1_port_permutation_4user", "variant": "proposed", "ebno_db": 2.0, "rep": 2, "tbler": 0.28125}
{"case": "eval_uma_type1_port_permutation_4user", "variant": "uncertainty_off_fixed_graph", "ebno_db": 2.0, "rep": 2, "tbler": 0.3125}
{"case": "eval_uma_type1_port_permutation_4user", "variant": "diagonal_posterior_fixed_graph", "ebno_db": 2.0, "rep": 2, "tbler": 0.28125}
{"case": "eval_uma_type1_port_permutation_4user", "variant": "mean_only_graph_fixed_cardinality", "ebno_db": 2.0, "rep": 2, "tbler": 0.28125}
{"case": "eval_uma_type1_port_permutation_4user", "variant": "random_graph_fixed_cardinality", "ebno_db": 2.0, "rep": 2, "tbler": 0.40625}
{"case": "eval_uma_type1_port_permutation_4user", "variant": "full_graph", "ebno_db": 2.0, "rep": 2, "tbler": 0.296875}
{"case": "eval_uma_type1_port_permutation_4user", "variant": "ls_lmmse", "ebno_db": 2.0, "rep": 2, "tbler": 0.046875}
{"case": "eval_uma_type1_port_permutation_4user", "variant": "perfect_csi_lmmse", "ebno_db": 2.0, "rep": 2, "tbler": 0.0}
{"case": "eval_uma_type1_port_permutation_4user", "variant": "proposed", "ebno_db": 2.0, "rep": 3, "tbler": 0.421875}
{"case": "eval_uma_type1_port_permutation_4user", "variant": "uncertainty_off_fixed_graph", "ebno_db": 2.0, "rep": 3, "tbler": 0.46875}
{"case": "eval_uma_type1_port_permutation_4user", "variant": "diagonal_posterior_fixed_graph", "ebno_db": 2.0, "rep": 3, "tbler": 0.421875}
{"case": "eval_uma_type1_port_permutation_4user", "variant": "mean_only_graph_fixed_cardinality", "ebno_db": 2.0, "rep": 3, "tbler": 0.4375}
{"case": "eval_uma_type1_port_permutation_4user", "variant": "random_graph_fixed_cardinality", "ebno_db": 2.0, "rep": 3, "tbler": 0.484375}
{"case": "eval_uma_type1_port_permutation_4user", "variant": "full_graph", "ebno_db": 2.0, "rep": 3, "tbler": 0.421875}
{"case": "eval_uma_type1_port_permutation_4user", "variant": "ls_lmmse", "ebno_db": 2.0, "rep": 3, "tbler": 0.109375}
{"case": "eval_uma_type1_port_permutation_4user", "variant": "perfect_csi_lmmse", "ebno_db": 2.0, "rep": 3, "tbler": 0.0}
{"case": "eval_uma_type1_port_permutation_4user", "variant": "proposed", "ebno_db": 2.0, "rep": 4, "tbler": 0.40625}
{"case": "eval_uma_type1_port_permutation_4user", "variant": "uncertainty_off_fixed_graph", "ebno_db": 2.0, "rep": 4, "tbler": 0.421875}
{"case": "eval_uma_type1_port_permutation_4user", "variant": "diagonal_posterior_fixed_graph", "ebno_db": 2.0, "rep": 4, "tbler": 0.40625}
{"case": "eval_uma_type1_port_permutation_4user", "variant": "mean_only_graph_fixed_cardinality", "ebno_db": 2.0, "rep": 4, "tbler": 0.40625}
{"case": "eval_uma_type1_port_permutation_4user", "variant": "random_graph_fixed_cardinality", "ebno_db": 2.0, "rep": 4, "tbler": 0.4375}
{"case": "eval_uma_type1_port_permutation_4user", "variant": "full_graph", "ebno_db": 2.0, "rep": 4, "tbler": 0.40625}
{"case": "eval_uma_type1_port_permutation_4user", "variant": "ls_lmmse", "ebno_db": 2.0, "rep": 4, "tbler": 0.03125}
{"case": "eval_uma_type1_port_permutation_4user", "variant": "perfect_csi_lmmse", "ebno_db": 2.0, "rep": 4, "tbler": 0.0}
{"case": "eval_uma_type1_port_permutation_4user", "variant": "proposed", "ebno_db": 6.0, "rep": 0, "tbler": 0.359375}
{"case": "eval_uma_type1_port_permutation_4user", "variant": "uncertainty_off_fixed_graph", "ebno_db": 6.0, "rep": 0, "tbler": 0.390625}
{"case": "eval_uma_type1_port_permutation_4user", "variant": "diagonal_posterior_fixed_graph", "ebno_db": 6.0, "rep": 0, "tbler": 0.359375}
{"case": "eval_uma_type1_port_permutation_4user", "variant": "mean_only_graph_fixed_cardinality", "ebno_db": 6.0, "rep": 0, "tbler": 0.359375}
{"case": "eval_uma_type1_port_permutation_4user", "variant": "random_graph_fixed_cardinality", "ebno_db": 6.0, "rep": 0, "tbler": 0.46875}
{"case": "eval_uma_type1_port_permutation_4user", "variant": "full_graph", "ebno_db": 6.0, "rep": 0, "tbler": 0.34375}
{"case": "eval_uma_type1_port_permutation_4user", "variant": "ls_lmmse", "ebno_db": 6.0, "rep": 0, "tbler": 0.03125}
{"case": "eval_uma_type1_port_permutation_4user", "variant": "perfect_csi_lmmse", "ebno_db": 6.0, "rep": 0, "tbler": 0.0}
{"case": "eval_uma_type1_port_permutation_4user", "variant": "proposed", "ebno_db": 6.0, "rep": 1, "tbler": 0.15625}
{"case": "eval_uma_type1_port_permutation_4user", "variant": "uncertainty_off_fixed_graph", "ebno_db": 6.0, "rep": 1, "tbler": 0.15625}
{"case": "eval_uma_type1_port_permutation_4user", "variant": "diagonal_posterior_fixed_graph", "ebno_db": 6.0, "rep": 1, "tbler": 0.15625}
{"case": "eval_uma_type1_port_permutation_4user", "variant": "mean_only_graph_fixed_cardinality", "ebno_db": 6.0, "rep": 1, "tbler": 0.15625}
{"case": "eval_uma_type1_port_permutation_4user", "variant": "random_graph_fixed_cardinality", "ebno_db": 6.0, "rep": 1, "tbler": 0.265625}
{"case": "eval_uma_type1_port_permutation_4user", "variant": "full_graph", "ebno_db": 6.0, "rep": 1, "tbler": 0.171875}
{"case": "eval_uma_type1_port_permutation_4user", "variant": "ls_lmmse", "ebno_db": 6.0, "rep": 1, "tbler": 0.0}
{"case": "eval_uma_type1_port_permutation_4user", "variant": "perfect_csi_lmmse", "ebno_db": 6.0, "rep": 1, "tbler": 0.0}
{"case": "eval_uma_type1_port_permutation_4user", "variant": "proposed", "ebno_db": 6.0, "rep": 2, "tbler": 0.421875}
{"case": "eval_uma_type1_port_permutation_4user", "variant": "uncertainty_off_fixed_graph", "ebno_db": 6.0, "rep": 2, "tbler": 0.484375}
{"case": "eval_uma_type1_port_permutation_4user", "variant": "diagonal_posterior_fixed_graph", "ebno_db": 6.0, "rep": 2, "tbler": 0.421875}
{"case": "eval_uma_type1_port_permutation_4user", "variant": "mean_only_graph_fixed_cardinality", "ebno_db": 6.0, "rep": 2, "tbler": 0.421875}
{"case": "eval_uma_type1_port_permutation_4user", "variant": "random_graph_fixed_cardinality", "ebno_db": 6.0, "rep": 2, "tbler": 0.46875}
{"case": "eval_uma_type1_port_permutation_4user", "variant": "full_graph", "ebno_db": 6.0, "rep": 2, "tbler": 0.4375}
{"case": "eval_uma_type1_port_permutation_4user", "variant": "ls_lmmse", "ebno_db": 6.0, "rep": 2, "tbler": 0.0}
{"case": "eval_uma_type1_port_permutation_4user", "variant": "perfect_csi_lmmse", "ebno_db": 6.0, "rep": 2, "tbler": 0.0}
{"case": "eval_uma_type1_port_permutation_4user", "variant": "proposed", "ebno_db": 6.0, "rep": 3, "tbler": 0.296875}
{"case": "eval_uma_type1_port_permutation_4user", "variant": "uncertainty_off_fixed_graph", "ebno_db": 6.0, "rep": 3, "tbler": 0.328125}
{"case": "eval_uma_type1_port_permutation_4user", "variant": "diagonal_posterior_fixed_graph", "ebno_db": 6.0, "rep": 3, "tbler": 0.296875}
{"case": "eval_uma_type1_port_permutation_4user", "variant": "mean_only_graph_fixed_cardinality", "ebno_db": 6.0, "rep": 3, "tbler": 0.296875}
{"case": "eval_uma_type1_port_permutation_4user", "variant": "random_graph_fixed_cardinality", "ebno_db": 6.0, "rep": 3, "tbler": 0.359375}
{"case": "eval_uma_type1_port_permutation_4user", "variant": "full_graph", "ebno_db": 6.0, "rep": 3, "tbler": 0.296875}
{"case": "eval_uma_type1_port_permutation_4user", "variant": "ls_lmmse", "ebno_db": 6.0, "rep": 3, "tbler": 0.0}
{"case": "eval_uma_type1_port_permutation_4user", "variant": "perfect_csi_lmmse", "ebno_db": 6.0, "rep": 3, "tbler": 0.0}
{"case": "eval_uma_type1_port_permutation_4user", "variant": "proposed", "ebno_db": 6.0, "rep": 4, "tbler": 0.234375}
{"case": "eval_uma_type1_port_permutation_4user", "variant": "uncertainty_off_fixed_graph", "ebno_db": 6.0, "rep": 4, "tbler": 0.265625}
{"case": "eval_uma_type1_port_permutation_4user", "variant": "diagonal_posterior_fixed_graph", "ebno_db": 6.0, "rep": 4, "tbler": 0.234375}
{"case": "eval_uma_type1_port_permutation_4user", "variant": "mean_only_graph_fixed_cardinality", "ebno_db": 6.0, "rep": 4, "tbler": 0.234375}
{"case": "eval_uma_type1_port_permutation_4user", "variant": "random_graph_fixed_cardinality", "ebno_db": 6.0, "rep": 4, "tbler": 0.28125}
{"case": "eval_uma_type1_port_permutation_4user", "variant": "full_graph", "ebno_db": 6.0, "rep": 4, "tbler": 0.234375}
{"case": "eval_uma_type1_port_permutation_4user", "variant": "ls_lmmse", "ebno_db": 6.0, "rep": 4, "tbler": 0.03125}
{"case": "eval_uma_type1_port_permutation_4user", "variant": "perfect_csi_lmmse", "ebno_db": 6.0, "rep": 4, "tbler": 0.0}
{"case": "eval_uma_type1_port_permutation_4user", "variant": "proposed", "ebno_db": 10.0, "rep": 0, "tbler": 0.359375}
{"case": "eval_uma_type1_port_permutation_4user", "variant": "uncertainty_off_fixed_graph", "ebno_db": 10.0, "rep": 0, "tbler": 0.40625}
{"case": "eval_uma_type1_port_permutation_4user", "variant": "diagonal_posterior_fixed_graph", "ebno_db": 10.0, "rep": 0, "tbler": 0.359375}
{"case": "eval_uma_type1_port_permutation_4user", "variant": "mean_only_graph_fixed_cardinality", "ebno_db": 10.0, "rep": 0, "tbler": 0.359375}
{"case": "eval_uma_type1_port_permutation_4user", "variant": "random_graph_fixed_cardinality", "ebno_db": 10.0, "rep": 0, "tbler": 0.4375}
{"case": "eval_uma_type1_port_permutation_4user", "variant": "full_graph", "ebno_db": 10.0, "rep": 0, "tbler": 0.359375}
{"case": "eval_uma_type1_port_permutation_4user", "variant": "ls_lmmse", "ebno_db": 10.0, "rep": 0, "tbler": 0.0}
{"case": "eval_uma_type1_port_permutation_4user", "variant": "perfect_csi_lmmse", "ebno_db": 10.0, "rep": 0, "tbler": 0.0}
{"case": "eval_uma_type1_port_permutation_4user", "variant": "proposed", "ebno_db": 10.0, "rep": 1, "tbler": 0.296875}
{"case": "eval_uma_type1_port_permutation_4user", "variant": "uncertainty_off_fixed_graph", "ebno_db": 10.0, "rep": 1, "tbler": 0.421875}
{"case": "eval_uma_type1_port_permutation_4user", "variant": "diagonal_posterior_fixed_graph", "ebno_db": 10.0, "rep": 1, "tbler": 0.296875}
{"case": "eval_uma_type1_port_permutation_4user", "variant": "mean_only_graph_fixed_cardinality", "ebno_db": 10.0, "rep": 1, "tbler": 0.296875}
{"case": "eval_uma_type1_port_permutation_4user", "variant": "random_graph_fixed_cardinality", "ebno_db": 10.0, "rep": 1, "tbler": 0.359375}
{"case": "eval_uma_type1_port_permutation_4user", "variant": "full_graph", "ebno_db": 10.0, "rep": 1, "tbler": 0.3125}
{"case": "eval_uma_type1_port_permutation_4user", "variant": "ls_lmmse", "ebno_db": 10.0, "rep": 1, "tbler": 0.0}
{"case": "eval_uma_type1_port_permutation_4user", "variant": "perfect_csi_lmmse", "ebno_db": 10.0, "rep": 1, "tbler": 0.0}
{"case": "eval_uma_type1_port_permutation_4user", "variant": "proposed", "ebno_db": 10.0, "rep": 2, "tbler": 0.234375}
{"case": "eval_uma_type1_port_permutation_4user", "variant": "uncertainty_off_fixed_graph", "ebno_db": 10.0, "rep": 2, "tbler": 0.265625}
{"case": "eval_uma_type1_port_permutation_4user", "variant": "diagonal_posterior_fixed_graph", "ebno_db": 10.0, "rep": 2, "tbler": 0.234375}
{"case": "eval_uma_type1_port_permutation_4user", "variant": "mean_only_graph_fixed_cardinality", "ebno_db": 10.0, "rep": 2, "tbler": 0.234375}
{"case": "eval_uma_type1_port_permutation_4user", "variant": "random_graph_fixed_cardinality", "ebno_db": 10.0, "rep": 2, "tbler": 0.28125}
{"case": "eval_uma_type1_port_permutation_4user", "variant": "full_graph", "ebno_db": 10.0, "rep": 2, "tbler": 0.234375}
{"case": "eval_uma_type1_port_permutation_4user", "variant": "ls_lmmse", "ebno_db": 10.0, "rep": 2, "tbler": 0.0}
{"case": "eval_uma_type1_port_permutation_4user", "variant": "perfect_csi_lmmse", "ebno_db": 10.0, "rep": 2, "tbler": 0.0}
{"case": "eval_uma_type1_port_permutation_4user", "variant": "proposed", "ebno_db": 10.0, "rep": 3, "tbler": 0.15625}
{"case": "eval_uma_type1_port_permutation_4user", "variant": "uncertainty_off_fixed_graph", "ebno_db": 10.0, "rep": 3, "tbler": 0.296875}
{"case": "eval_uma_type1_port_permutation_4user", "variant": "diagonal_posterior_fixed_graph", "ebno_db": 10.0, "rep": 3, "tbler": 0.15625}
{"case": "eval_uma_type1_port_permutation_4user", "variant": "mean_only_graph_fixed_cardinality", "ebno_db": 10.0, "rep": 3, "tbler": 0.15625}
{"case": "eval_uma_type1_port_permutation_4user", "variant": "random_graph_fixed_cardinality", "ebno_db": 10.0, "rep": 3, "tbler": 0.21875}
{"case": "eval_uma_type1_port_permutation_4user", "variant": "full_graph", "ebno_db": 10.0, "rep": 3, "tbler": 0.1875}
{"case": "eval_uma_type1_port_permutation_4user", "variant": "ls_lmmse", "ebno_db": 10.0, "rep": 3, "tbler": 0.0}
{"case": "eval_uma_type1_port_permutation_4user", "variant": "perfect_csi_lmmse", "ebno_db": 10.0, "rep": 3, "tbler": 0.0}
{"case": "eval_uma_type1_port_permutation_4user", "variant": "proposed", "ebno_db": 10.0, "rep": 4, "tbler": 0.21875}
{"case": "eval_uma_type1_port_permutation_4user", "variant": "uncertainty_off_fixed_graph", "ebno_db": 10.0, "rep": 4, "tbler": 0.390625}
{"case": "eval_uma_type1_port_permutation_4user", "variant": "diagonal_posterior_fixed_graph", "ebno_db": 10.0, "rep": 4, "tbler": 0.21875}
{"case": "eval_uma_type1_port_permutation_4user", "variant": "mean_only_graph_fixed_cardinality", "ebno_db": 10.0, "rep": 4, "tbler": 0.21875}
{"case": "eval_uma_type1_port_permutation_4user", "variant": "random_graph_fixed_cardinality", "ebno_db": 10.0, "rep": 4, "tbler": 0.28125}
{"case": "eval_uma_type1_port_permutation_4user", "variant": "full_graph", "ebno_db": 10.0, "rep": 4, "tbler": 0.234375}
{"case": "eval_uma_type1_port_permutation_4user", "variant": "ls_lmmse", "ebno_db": 10.0, "rep": 4, "tbler": 0.0}
{"case": "eval_uma_type1_port_permutation_4user", "variant": "perfect_csi_lmmse", "ebno_db": 10.0, "rep": 4, "tbler": 0.0}
{"case": "eval_umi_type2_2user_2layer", "variant": "proposed", "ebno_db": -2.0, "rep": 0, "tbler": 0.78125}
{"case": "eval_umi_type2_2user_2layer", "variant": "uncertainty_off_fixed_graph", "ebno_db": -2.0, "rep": 0, "tbler": 0.8125}
{"case": "eval_umi_type2_2user_2layer", "variant": "diagonal_posterior_fixed_graph", "ebno_db": -2.0, "rep": 0, "tbler": 0.78125}
{"case": "eval_umi_type2_2user_2layer", "variant": "mean_only_graph_fixed_cardinality", "ebno_db": -2.0, "rep": 0, "tbler": 0.78125}
{"case": "eval_umi_type2_2user_2layer", "variant": "random_graph_fixed_cardinality", "ebno_db": -2.0, "rep": 0, "tbler": 0.8125}
{"case": "eval_umi_type2_2user_2layer", "variant": "full_graph", "ebno_db": -2.0, "rep": 0, "tbler": 0.78125}
{"case": "eval_umi_type2_2user_2layer", "variant": "ls_lmmse", "ebno_db": -2.0, "rep": 0, "tbler": 0.53125}
{"case": "eval_umi_type2_2user_2layer", "variant": "perfect_csi_lmmse", "ebno_db": -2.0, "rep": 0, "tbler": 0.21875}
{"case": "eval_umi_type2_2user_2layer", "variant": "proposed", "ebno_db": -2.0, "rep": 1, "tbler": 0.8125}
{"case": "eval_umi_type2_2user_2layer", "variant": "uncertainty_off_fixed_graph", "ebno_db": -2.0, "rep": 1, "tbler": 0.8125}
{"case": "eval_umi_type2_2user_2layer", "variant": "diagonal_posterior_fixed_graph", "ebno_db": -2.0, "rep": 1, "tbler": 0.8125}
{"case": "eval_umi_type2_2user_2layer", "variant": "mean_only_graph_fixed_cardinality", "ebno_db": -2.0, "rep": 1, "tbler": 0.8125}
{"case": "eval_umi_type2_2user_2layer", "variant": "random_graph_fixed_cardinality", "ebno_db": -2.0, "rep": 1, "tbler": 0.8125}
{"case": "eval_umi_type2_2user_2layer", "variant": "full_graph", "ebno_db": -2.0, "rep": 1, "tbler": 0.8125}
{"case": "eval_umi_type2_2user_2layer", "variant": "ls_lmmse", "ebno_db": -2.0, "rep": 1, "tbler": 0.375}
{"case": "eval_umi_type2_2user_2layer", "variant": "perfect_csi_lmmse", "ebno_db": -2.0, "rep": 1, "tbler": 0.1875}
{"case": "eval_umi_type2_2user_2layer", "variant": "proposed", "ebno_db": -2.0, "rep": 2, "tbler": 0.8125}
{"case": "eval_umi_type2_2user_2layer", "variant": "uncertainty_off_fixed_graph", "ebno_db": -2.0, "rep": 2, "tbler": 0.8125}
{"case": "eval_umi_type2_2user_2layer", "variant": "diagonal_posterior_fixed_graph", "ebno_db": -2.0, "rep": 2, "tbler": 0.8125}
{"case": "eval_umi_type2_2user_2layer", "variant": "mean_only_graph_fixed_cardinality", "ebno_db": -2.0, "rep": 2, "tbler": 0.8125}
{"case": "eval_umi_type2_2user_2layer", "variant": "random_graph_fixed_cardinality", "ebno_db": -2.0, "rep": 2, "tbler": 0.90625}
{"case": "eval_umi_type2_2user_2layer", "variant": "full_graph", "ebno_db": -2.0, "rep": 2, "tbler": 0.84375}
{"case": "eval_umi_type2_2user_2layer", "variant": "ls_lmmse", "ebno_db": -2.0, "rep": 2, "tbler": 0.65625}
{"case": "eval_umi_type2_2user_2layer", "variant": "perfect_csi_lmmse", "ebno_db": -2.0, "rep": 2, "tbler": 0.3125}
{"case": "eval_umi_type2_2user_2layer", "variant": "proposed", "ebno_db": -2.0, "rep": 3, "tbler": 0.625}
{"case": "eval_umi_type2_2user_2layer", "variant": "uncertainty_off_fixed_graph", "ebno_db": -2.0, "rep": 3, "tbler": 0.625}
{"case": "eval_umi_type2_2user_2layer", "variant": "diagonal_posterior_fixed_graph", "ebno_db": -2.0, "rep": 3, "tbler": 0.625}
{"case": "eval_umi_type2_2user_2layer", "variant": "mean_only_graph_fixed_cardinality", "ebno_db": -2.0, "rep": 3, "tbler": 0.625}
{"case": "eval_umi_type2_2user_2layer", "variant": "random_graph_fixed_cardinality", "ebno_db": -2.0, "rep": 3, "tbler": 0.75}
{"case": "eval_umi_type2_2user_2layer", "variant": "full_graph", "ebno_db": -2.0, "rep": 3, "tbler": 0.625}
{"case": "eval_umi_type2_2user_2layer", "variant": "ls_lmmse", "ebno_db": -2.0, "rep": 3, "tbler": 0.34375}
{"case": "eval_umi_type2_2user_2layer", "variant": "perfect_csi_lmmse", "ebno_db": -2.0, "rep": 3, "tbler": 0.15625}
{"case": "eval_umi_type2_2user_2layer", "variant": "proposed", "ebno_db": -2.0, "rep": 4, "tbler": 0.6875}
{"case": "eval_umi_type2_2user_2layer", "variant": "uncertainty_off_fixed_graph", "ebno_db": -2.0, "rep": 4, "tbler": 0.65625}
{"case": "eval_umi_type2_2user_2layer", "variant": "diagonal_posterior_fixed_graph", "ebno_db": -2.0, "rep": 4, "tbler": 0.6875}
{"case": "eval_umi_type2_2user_2layer", "variant": "mean_only_graph_fixed_cardinality", "ebno_db": -2.0, "rep": 4, "tbler": 0.6875}
{"case": "eval_umi_type2_2user_2layer", "variant": "random_graph_fixed_cardinality", "ebno_db": -2.0, "rep": 4, "tbler": 0.75}
{"case": "eval_umi_type2_2user_2layer", "variant": "full_graph", "ebno_db": -2.0, "rep": 4, "tbler": 0.65625}
{"case": "eval_umi_type2_2user_2layer", "variant": "ls_lmmse", "ebno_db": -2.0, "rep": 4, "tbler": 0.46875}
{"case": "eval_umi_type2_2user_2layer", "variant": "perfect_csi_lmmse", "ebno_db": -2.0, "rep": 4, "tbler": 0.21875}
{"case": "eval_umi_type2_2user_2layer", "variant": "proposed", "ebno_db": 2.0, "rep": 0, "tbler": 0.6875}
{"case": "eval_umi_type2_2user_2layer", "variant": "uncertainty_off_fixed_graph", "ebno_db": 2.0, "rep": 0, "tbler": 0.71875}
{"case": "eval_umi_type2_2user_2layer", "variant": "diagonal_posterior_fixed_graph", "ebno_db": 2.0, "rep": 0, "tbler": 0.6875}
{"case": "eval_umi_type2_2user_2layer", "variant": "mean_only_graph_fixed_cardinality", "ebno_db": 2.0, "rep": 0, "tbler": 0.6875}
{"case": "eval_umi_type2_2user_2layer", "variant": "random_graph_fixed_cardinality", "ebno_db": 2.0, "rep": 0, "tbler": 0.78125}
{"case": "eval_umi_type2_2user_2layer", "variant": "full_graph", "ebno_db": 2.0, "rep": 0, "tbler": 0.75}
{"case": "eval_umi_type2_2user_2layer", "variant": "ls_lmmse", "ebno_db": 2.0, "rep": 0, "tbler": 0.3125}
{"case": "eval_umi_type2_2user_2layer", "variant": "perfect_csi_lmmse", "ebno_db": 2.0, "rep": 0, "tbler": 0.15625}
{"case": "eval_umi_type2_2user_2layer", "variant": "proposed", "ebno_db": 2.0, "rep": 1, "tbler": 0.65625}
{"case": "eval_umi_type2_2user_2layer", "variant": "uncertainty_off_fixed_graph", "ebno_db": 2.0, "rep": 1, "tbler": 0.65625}
{"case": "eval_umi_type2_2user_2layer", "variant": "diagonal_posterior_fixed_graph", "ebno_db": 2.0, "rep": 1, "tbler": 0.65625}
{"case": "eval_umi_type2_2user_2layer", "variant": "mean_only_graph_fixed_cardinality", "ebno_db": 2.0, "rep": 1, "tbler": 0.65625}
{"case": "eval_umi_type2_2user_2layer", "variant": "random_graph_fixed_cardinality", "ebno_db": 2.0, "rep": 1, "tbler": 0.78125}
{"case": "eval_umi_type2_2user_2layer", "variant": "full_graph", "ebno_db": 2.0, "rep": 1, "tbler": 0.65625}
{"case": "eval_umi_type2_2user_2layer", "variant": "ls_lmmse", "ebno_db": 2.0, "rep": 1, "tbler": 0.15625}
{"case": "eval_umi_type2_2user_2layer", "variant": "perfect_csi_lmmse", "ebno_db": 2.0, "rep": 1, "tbler": 0.125}
{"case": "eval_umi_type2_2user_2layer", "variant": "proposed", "ebno_db": 2.0, "rep": 2, "tbler": 0.59375}
{"case": "eval_umi_type2_2user_2layer", "variant": "uncertainty_off_fixed_graph", "ebno_db": 2.0, "rep": 2, "tbler": 0.59375}
{"case": "eval_umi_type2_2user_2layer", "variant": "diagonal_posterior_fixed_graph", "ebno_db": 2.0, "rep": 2, "tbler": 0.59375}
{"case": "eval_umi_type2_2user_2layer", "variant": "mean_only_graph_fixed_cardinality", "ebno_db": 2.0, "rep": 2, "tbler": 0.59375}
{"case": "eval_umi_type2_2user_2layer", "variant": "random_graph_fixed_cardinality", "ebno_db": 2.0, "rep": 2, "tbler": 0.6875}
{"case": "eval_umi_type2_2user_2layer", "variant": "full_graph", "ebno_db": 2.0, "rep": 2, "tbler": 0.59375}
{"case": "eval_umi_type2_2user_2layer", "variant": "ls_lmmse", "ebno_db": 2.0, "rep": 2, "tbler": 0.1875}
{"case": "eval_umi_type2_2user_2layer", "variant": "perfect_csi_lmmse", "ebno_db": 2.0, "rep": 2, "tbler": 0.125}
{"case": "eval_umi_type2_2user_2layer", "variant": "proposed", "ebno_db": 2.0, "rep": 3, "tbler": 0.5}
{"case": "eval_umi_type2_2user_2layer", "variant": "uncertainty_off_fixed_graph", "ebno_db": 2.0, "rep": 3, "tbler": 0.53125}
{"case": "eval_umi_type2_2user_2layer", "variant": "diagonal_posterior_fixed_graph", "ebno_db": 2.0, "rep": 3, "tbler": 0.5}
{"case": "eval_umi_type2_2user_2layer", "variant": "mean_only_graph_fixed_cardinality", "ebno_db": 2.0, "rep": 3, "tbler": 0.5}
{"case": "eval_umi_type2_2user_2layer", "variant": "random_graph_fixed_cardinality", "ebno_db": 2.0, "rep": 3, "tbler": 0.625}
{"case": "eval_umi_type2_2user_2layer", "variant": "full_graph", "ebno_db": 2.0, "rep": 3, "tbler": 0.5}
{"case": "eval_umi_type2_2user_2layer", "variant": "ls_lmmse", "ebno_db": 2.0, "rep": 3, "tbler": 0.125}
{"case": "eval_umi_type2_2user_2layer", "variant": "perfect_csi_lmmse", "ebno_db": 2.0, "rep": 3, "tbler": 0.0625}
{"case": "eval_umi_type2_2user_2layer", "variant": "proposed", "ebno_db": 2.0, "rep": 4, "tbler": 0.84375}
{"case": "eval_umi_type2_2user_2layer", "variant": "uncertainty_off_fixed_graph", "ebno_db": 2.0, "rep": 4, "tbler": 0.90625}
{"case": "eval_umi_type2_2user_2layer", "variant": "diagonal_posterior_fixed_graph", "ebno_db": 2.0, "rep": 4, "tbler": 0.84375}
{"case": "eval_umi_type2_2user_2layer", "variant": "mean_only_graph_fixed_cardinality", "ebno_db": 2.0, "rep": 4, "tbler": 0.84375}
{"case": "eval_umi_type2_2user_2layer", "variant": "random_graph_fixed_cardinality", "ebno_db": 2.0, "rep": 4, "tbler": 0.875}
{"case": "eval_umi_type2_2user_2layer", "variant": "full_graph", "ebno_db": 2.0, "rep": 4, "tbler": 0.875}
{"case": "eval_umi_type2_2user_2layer", "variant": "ls_lmmse", "ebno_db": 2.0, "rep": 4, "tbler": 0.375}
{"case": "eval_umi_type2_2user_2layer", "variant": "perfect_csi_lmmse", "ebno_db": 2.0, "rep": 4, "tbler": 0.21875}
{"case": "eval_umi_type2_2user_2layer", "variant": "proposed", "ebno_db": 6.0, "rep": 0, "tbler": 0.78125}
{"case": "eval_umi_type2_2user_2layer", "variant": "uncertainty_off_fixed_graph", "ebno_db": 6.0, "rep": 0, "tbler": 0.875}
{"case": "eval_umi_type2_2user_2layer", "variant": "diagonal_posterior_fixed_graph", "ebno_db": 6.0, "rep": 0, "tbler": 0.78125}
{"case": "eval_umi_type2_2user_2layer", "variant": "mean_only_graph_fixed_cardinality", "ebno_db": 6.0, "rep": 0, "tbler": 0.78125}
{"case": "eval_umi_type2_2user_2layer", "variant": "random_graph_fixed_cardinality", "ebno_db": 6.0, "rep": 0, "tbler": 0.78125}
{"case": "eval_umi_type2_2user_2layer", "variant": "full_graph", "ebno_db": 6.0, "rep": 0, "tbler": 0.84375}
{"case": "eval_umi_type2_2user_2layer", "variant": "ls_lmmse", "ebno_db": 6.0, "rep": 0, "tbler": 0.125}
{"case": "eval_umi_type2_2user_2layer", "variant": "perfect_csi_lmmse", "ebno_db": 6.0, "rep": 0, "tbler": 0.0625}
{"case": "eval_umi_type2_2user_2layer", "variant": "proposed", "ebno_db": 6.0, "rep": 1, "tbler": 0.53125}
{"case": "eval_umi_type2_2user_2layer", "variant": "uncertainty_off_fixed_graph", "ebno_db": 6.0, "rep": 1, "tbler": 0.59375}
{"case": "eval_umi_type2_2user_2layer", "variant": "diagonal_posterior_fixed_graph", "ebno_db": 6.0, "rep": 1, "tbler": 0.53125}
{"case": "eval_umi_type2_2user_2layer", "variant": "mean_only_graph_fixed_cardinality", "ebno_db": 6.0, "rep": 1, "tbler": 0.5625}
{"case": "eval_umi_type2_2user_2layer", "variant": "random_graph_fixed_cardinality", "ebno_db": 6.0, "rep": 1, "tbler": 0.53125}
{"case": "eval_umi_type2_2user_2layer", "variant": "full_graph", "ebno_db": 6.0, "rep": 1, "tbler": 0.5625}
{"case": "eval_umi_type2_2user_2layer", "variant": "ls_lmmse", "ebno_db": 6.0, "rep": 1, "tbler": 0.125}
{"case": "eval_umi_type2_2user_2layer", "variant": "perfect_csi_lmmse", "ebno_db": 6.0, "rep": 1, "tbler": 0.03125}
{"case": "eval_umi_type2_2user_2layer", "variant": "proposed", "ebno_db": 6.0, "rep": 2, "tbler": 0.65625}
{"case": "eval_umi_type2_2user_2layer", "variant": "uncertainty_off_fixed_graph", "ebno_db": 6.0, "rep": 2, "tbler": 0.6875}
{"case": "eval_umi_type2_2user_2layer", "variant": "diagonal_posterior_fixed_graph", "ebno_db": 6.0, "rep": 2, "tbler": 0.65625}
{"case": "eval_umi_type2_2user_2layer", "variant": "mean_only_graph_fixed_cardinality", "ebno_db": 6.0, "rep": 2, "tbler": 0.65625}
{"case": "eval_umi_type2_2user_2layer", "variant": "random_graph_fixed_cardinality", "ebno_db": 6.0, "rep": 2, "tbler": 0.65625}
{"case": "eval_umi_type2_2user_2layer", "variant": "full_graph", "ebno_db": 6.0, "rep": 2, "tbler": 0.65625}
{"case": "eval_umi_type2_2user_2layer", "variant": "ls_lmmse", "ebno_db": 6.0, "rep": 2, "tbler": 0.09375}
{"case": "eval_umi_type2_2user_2layer", "variant": "perfect_csi_lmmse", "ebno_db": 6.0, "rep": 2, "tbler": 0.0625}
{"case": "eval_umi_type2_2user_2layer", "variant": "proposed", "ebno_db": 6.0, "rep": 3, "tbler": 0.5625}
{"case": "eval_umi_type2_2user_2layer", "variant": "uncertainty_off_fixed_graph", "ebno_db": 6.0, "rep": 3, "tbler": 0.59375}
{"case": "eval_umi_type2_2user_2layer", "variant": "diagonal_posterior_fixed_graph", "ebno_db": 6.0, "rep": 3, "tbler": 0.5625}
{"case": "eval_umi_type2_2user_2layer", "variant": "mean_only_graph_fixed_cardinality", "ebno_db": 6.0, "rep": 3, "tbler": 0.5625}
{"case": "eval_umi_type2_2user_2layer", "variant": "random_graph_fixed_cardinality", "ebno_db": 6.0, "rep": 3, "tbler": 0.625}
{"case": "eval_umi_type2_2user_2layer", "variant": "full_graph", "ebno_db": 6.0, "rep": 3, "tbler": 0.5625}
{"case": "eval_umi_type2_2user_2layer", "variant": "ls_lmmse", "ebno_db": 6.0, "rep": 3, "tbler": 0.0}
{"case": "eval_umi_type2_2user_2layer", "variant": "perfect_csi_lmmse", "ebno_db": 6.0, "rep": 3, "tbler": 0.0}
{"case": "eval_umi_type2_2user_2layer", "variant": "proposed", "ebno_db": 6.0, "rep": 4, "tbler": 0.71875}
{"case": "eval_umi_type2_2user_2layer", "variant": "uncertainty_off_fixed_graph", "ebno_db": 6.0, "rep": 4, "tbler": 0.75}
{"case": "eval_umi_type2_2user_2layer", "variant": "diagonal_posterior_fixed_graph", "ebno_db": 6.0, "rep": 4, "tbler": 0.71875}
{"case": "eval_umi_type2_2user_2layer", "variant": "mean_only_graph_fixed_cardinality", "ebno_db": 6.0, "rep": 4, "tbler": 0.71875}
{"case": "eval_umi_type2_2user_2layer", "variant": "random_graph_fixed_cardinality", "ebno_db": 6.0, "rep": 4, "tbler": 0.8125}
{"case": "eval_umi_type2_2user_2layer", "variant": "full_graph", "ebno_db": 6.0, "rep": 4, "tbler": 0.71875}
{"case": "eval_umi_type2_2user_2layer", "variant": "ls_lmmse", "ebno_db": 6.0, "rep": 4, "tbler": 0.0625}
{"case": "eval_umi_type2_2user_2layer", "variant": "perfect_csi_lmmse", "ebno_db": 6.0, "rep": 4, "tbler": 0.0}
{"case": "eval_umi_type2_2user_2layer", "variant": "proposed", "ebno_db": 10.0, "rep": 0, "tbler": 0.75}
{"case": "eval_umi_type2_2user_2layer", "variant": "uncertainty_off_fixed_graph", "ebno_db": 10.0, "rep": 0, "tbler": 0.8125}
{"case": "eval_umi_type2_2user_2layer", "variant": "diagonal_posterior_fixed_graph", "ebno_db": 10.0, "rep": 0, "tbler": 0.75}
{"case": "eval_umi_type2_2user_2layer", "variant": "mean_only_graph_fixed_cardinality", "ebno_db": 10.0, "rep": 0, "tbler": 0.75}
{"case": "eval_umi_type2_2user_2layer", "variant": "random_graph_fixed_cardinality", "ebno_db": 10.0, "rep": 0, "tbler": 0.78125}
{"case": "eval_umi_type2_2user_2layer", "variant": "full_graph", "ebno_db": 10.0, "rep": 0, "tbler": 0.75}
{"case": "eval_umi_type2_2user_2layer", "variant": "ls_lmmse", "ebno_db": 10.0, "rep": 0, "tbler": 0.0625}
{"case": "eval_umi_type2_2user_2layer", "variant": "perfect_csi_lmmse", "ebno_db": 10.0, "rep": 0, "tbler": 0.03125}
{"case": "eval_umi_type2_2user_2layer", "variant": "proposed", "ebno_db": 10.0, "rep": 1, "tbler": 0.75}
{"case": "eval_umi_type2_2user_2layer", "variant": "uncertainty_off_fixed_graph", "ebno_db": 10.0, "rep": 1, "tbler": 0.8125}
{"case": "eval_umi_type2_2user_2layer", "variant": "diagonal_posterior_fixed_graph", "ebno_db": 10.0, "rep": 1, "tbler": 0.75}
{"case": "eval_umi_type2_2user_2layer", "variant": "mean_only_graph_fixed_cardinality", "ebno_db": 10.0, "rep": 1, "tbler": 0.75}
{"case": "eval_umi_type2_2user_2layer", "variant": "random_graph_fixed_cardinality", "ebno_db": 10.0, "rep": 1, "tbler": 0.78125}
{"case": "eval_umi_type2_2user_2layer", "variant": "full_graph", "ebno_db": 10.0, "rep": 1, "tbler": 0.78125}
{"case": "eval_umi_type2_2user_2layer", "variant": "ls_lmmse", "ebno_db": 10.0, "rep": 1, "tbler": 0.03125}
{"case": "eval_umi_type2_2user_2layer", "variant": "perfect_csi_lmmse", "ebno_db": 10.0, "rep": 1, "tbler": 0.0}
{"case": "eval_umi_type2_2user_2layer", "variant": "proposed", "ebno_db": 10.0, "rep": 2, "tbler": 0.6875}
{"case": "eval_umi_type2_2user_2layer", "variant": "uncertainty_off_fixed_graph", "ebno_db": 10.0, "rep": 2, "tbler": 0.8125}
{"case": "eval_umi_type2_2user_2layer", "variant": "diagonal_posterior_fixed_graph", "ebno_db": 10.0, "rep": 2, "tbler": 0.6875}
{"case": "eval_umi_type2_2user_2layer", "variant": "mean_only_graph_fixed_cardinality", "ebno_db": 10.0, "rep": 2, "tbler": 0.6875}
{"case": "eval_umi_type2_2user_2layer", "variant": "random_graph_fixed_cardinality", "ebno_db": 10.0, "rep": 2, "tbler": 0.75}
{"case": "eval_umi_type2_2user_2layer", "variant": "full_graph", "ebno_db": 10.0, "rep": 2, "tbler": 0.71875}
{"case": "eval_umi_type2_2user_2layer", "variant": "ls_lmmse", "ebno_db": 10.0, "rep": 2, "tbler": 0.0625}
{"case": "eval_umi_type2_2user_2layer", "variant": "perfect_csi_lmmse", "ebno_db": 10.0, "rep": 2, "tbler": 0.03125}
{"case": "eval_umi_type2_2user_2layer", "variant": "proposed", "ebno_db": 10.0, "rep": 3, "tbler": 0.71875}
{"case": "eval_umi_type2_2user_2layer", "variant": "uncertainty_off_fixed_graph", "ebno_db": 10.0, "rep": 3, "tbler": 0.78125}
{"case": "eval_umi_type2_2user_2layer", "variant": "diagonal_posterior_fixed_graph", "ebno_db": 10.0, "rep": 3, "tbler": 0.71875}
{"case": "eval_umi_type2_2user_2layer", "variant": "mean_only_graph_fixed_cardinality", "ebno_db": 10.0, "rep": 3, "tbler": 0.71875}
{"case": "eval_umi_type2_2user_2layer", "variant": "random_graph_fixed_cardinality", "ebno_db": 10.0, "rep": 3, "tbler": 0.78125}
{"case": "eval_umi_type2_2user_2layer", "variant": "full_graph", "ebno_db": 10.0, "rep": 3, "tbler": 0.6875}
{"case": "eval_umi_type2_2user_2layer", "variant": "ls_lmmse", "ebno_db": 10.0, "rep": 3, "tbler": 0.09375}
{"case": "eval_umi_type2_2user_2layer", "variant": "perfect_csi_lmmse", "ebno_db": 10.0, "rep": 3, "tbler": 0.0625}
{"case": "eval_umi_type2_2user_2layer", "variant": "proposed", "ebno_db": 10.0, "rep": 4, "tbler": 0.59375}
{"case": "eval_umi_type2_2user_2layer", "variant": "uncertainty_off_fixed_graph", "ebno_db": 10.0, "rep": 4, "tbler": 0.65625}
{"case": "eval_umi_type2_2user_2layer", "variant": "diagonal_posterior_fixed_graph", "ebno_db": 10.0, "rep": 4, "tbler": 0.59375}
{"case": "eval_umi_type2_2user_2layer", "variant": "mean_only_graph_fixed_cardinality", "ebno_db": 10.0, "rep": 4, "tbler": 0.59375}
{"case": "eval_umi_type2_2user_2layer", "variant": "random_graph_fixed_cardinality", "ebno_db": 10.0, "rep": 4, "tbler": 0.59375}
{"case": "eval_umi_type2_2user_2layer", "variant": "full_graph", "ebno_db": 10.0, "rep": 4, "tbler": 0.59375}
{"case": "eval_umi_type2_2user_2layer", "variant": "ls_lmmse", "ebno_db": 10.0, "rep": 4, "tbler": 0.09375}
{"case": "eval_umi_type2_2user_2layer", "variant": "perfect_csi_lmmse", "ebno_db": 10.0, "rep": 4, "tbler": 0.0625}
{"case": "eval_cdl_a_single_user_2layer", "variant": "proposed", "ebno_db": -2.0, "rep": 0, "tbler": 0.8125}
{"case": "eval_cdl_a_single_user_2layer", "variant": "uncertainty_off_fixed_graph", "ebno_db": -2.0, "rep": 0, "tbler": 0.8125}
{"case": "eval_cdl_a_single_user_2layer", "variant": "diagonal_posterior_fixed_graph", "ebno_db": -2.0, "rep": 0, "tbler": 0.8125}
{"case": "eval_cdl_a_single_user_2layer", "variant": "mean_only_graph_fixed_cardinality", "ebno_db": -2.0, "rep": 0, "tbler": 0.8125}
{"case": "eval_cdl_a_single_user_2layer", "variant": "random_graph_fixed_cardinality", "ebno_db": -2.0, "rep": 0, "tbler": 0.8125}
{"case": "eval_cdl_a_single_user_2layer", "variant": "full_graph", "ebno_db": -2.0, "rep": 0, "tbler": 0.8125}
{"case": "eval_cdl_a_single_user_2layer", "variant": "ls_lmmse", "ebno_db": -2.0, "rep": 0, "tbler": 0.875}
{"case": "eval_cdl_a_single_user_2layer", "variant": "perfect_csi_lmmse", "ebno_db": -2.0, "rep": 0, "tbler": 0.8125}
{"case": "eval_cdl_a_single_user_2layer", "variant": "proposed", "ebno_db": -2.0, "rep": 1, "tbler": 0.9375}
{"case": "eval_cdl_a_single_user_2layer", "variant": "uncertainty_off_fixed_graph", "ebno_db": -2.0, "rep": 1, "tbler": 0.9375}
{"case": "eval_cdl_a_single_user_2layer", "variant": "diagonal_posterior_fixed_graph", "ebno_db": -2.0, "rep": 1, "tbler": 0.9375}
{"case": "eval_cdl_a_single_user_2layer", "variant": "mean_only_graph_fixed_cardinality", "ebno_db": -2.0, "rep": 1, "tbler": 0.9375}
{"case": "eval_cdl_a_single_user_2layer", "variant": "random_graph_fixed_cardinality", "ebno_db": -2.0, "rep": 1, "tbler": 0.9375}
{"case": "eval_cdl_a_single_user_2layer", "variant": "full_graph", "ebno_db": -2.0, "rep": 1, "tbler": 0.9375}
{"case": "eval_cdl_a_single_user_2layer", "variant": "ls_lmmse", "ebno_db": -2.0, "rep": 1, "tbler": 1.0}
{"case": "eval_cdl_a_single_user_2layer", "variant": "perfect_csi_lmmse", "ebno_db": -2.0, "rep": 1, "tbler": 0.8125}
{"case": "eval_cdl_a_single_user_2layer", "variant": "proposed", "ebno_db": -2.0, "rep": 2, "tbler": 0.875}
{"case": "eval_cdl_a_single_user_2layer", "variant": "uncertainty_off_fixed_graph", "ebno_db": -2.0, "rep": 2, "tbler": 0.875}
{"case": "eval_cdl_a_single_user_2layer", "variant": "diagonal_posterior_fixed_graph", "ebno_db": -2.0, "rep": 2, "tbler": 0.875}
{"case": "eval_cdl_a_single_user_2layer", "variant": "mean_only_graph_fixed_cardinality", "ebno_db": -2.0, "rep": 2, "tbler": 0.875}
{"case": "eval_cdl_a_single_user_2layer", "variant": "random_graph_fixed_cardinality", "ebno_db": -2.0, "rep": 2, "tbler": 0.875}
{"case": "eval_cdl_a_single_user_2layer", "variant": "full_graph", "ebno_db": -2.0, "rep": 2, "tbler": 0.875}
{"case": "eval_cdl_a_single_user_2layer", "variant": "ls_lmmse", "ebno_db": -2.0, "rep": 2, "tbler": 1.0}
{"case": "eval_cdl_a_single_user_2layer", "variant": "perfect_csi_lmmse", "ebno_db": -2.0, "rep": 2, "tbler": 0.875}
{"case": "eval_cdl_a_single_user_2layer", "variant": "proposed", "ebno_db": -2.0, "rep": 3, "tbler": 1.0}
{"case": "eval_cdl_a_single_user_2layer", "variant": "uncertainty_off_fixed_graph", "ebno_db": -2.0, "rep": 3, "tbler": 0.9375}
{"case": "eval_cdl_a_single_user_2layer", "variant": "diagonal_posterior_fixed_graph", "ebno_db": -2.0, "rep": 3, "tbler": 1.0}
{"case": "eval_cdl_a_single_user_2layer", "variant": "mean_only_graph_fixed_cardinality", "ebno_db": -2.0, "rep": 3, "tbler": 1.0}
{"case": "eval_cdl_a_single_user_2layer", "variant": "random_graph_fixed_cardinality", "ebno_db": -2.0, "rep": 3, "tbler": 1.0}
{"case": "eval_cdl_a_single_user_2layer", "variant": "full_graph", "ebno_db": -2.0, "rep": 3, "tbler": 1.0}
{"case": "eval_cdl_a_single_user_2layer", "variant": "ls_lmmse", "ebno_db": -2.0, "rep": 3, "tbler": 1.0}
{"case": "eval_cdl_a_single_user_2layer", "variant": "perfect_csi_lmmse", "ebno_db": -2.0, "rep": 3, "tbler": 0.875}
{"case": "eval_cdl_a_single_user_2layer", "variant": "proposed", "ebno_db": -2.0, "rep": 4, "tbler": 0.875}
{"case": "eval_cdl_a_single_user_2layer", "variant": "uncertainty_off_fixed_graph", "ebno_db": -2.0, "rep": 4, "tbler": 0.8125}
{"case": "eval_cdl_a_single_user_2layer", "variant": "diagonal_posterior_fixed_graph", "ebno_db": -2.0, "rep": 4, "tbler": 0.875}
{"case": "eval_cdl_a_single_user_2layer", "variant": "mean_only_graph_fixed_cardinality", "ebno_db": -2.0, "rep": 4, "tbler": 0.875}
{"case": "eval_cdl_a_single_user_2layer", "variant": "random_graph_fixed_cardinality", "ebno_db": -2.0, "rep": 4, "tbler": 0.875}
{"case": "eval_cdl_a_single_user_2layer", "variant": "full_graph", "ebno_db": -2.0, "rep": 4, "tbler": 0.875}
{"case": "eval_cdl_a_single_user_2layer", "variant": "ls_lmmse", "ebno_db": -2.0, "rep": 4, "tbler": 0.9375}
{"case": "eval_cdl_a_single_user_2layer", "variant": "perfect_csi_lmmse", "ebno_db": -2.0, "rep": 4, "tbler": 0.8125}
{"case": "eval_cdl_a_single_user_2layer", "variant": "proposed", "ebno_db": 2.0, "rep": 0, "tbler": 0.875}
{"case": "eval_cdl_a_single_user_2layer", "variant": "uncertainty_off_fixed_graph", "ebno_db": 2.0, "rep": 0, "tbler": 0.8125}
{"case": "eval_cdl_a_single_user_2layer", "variant": "diagonal_posterior_fixed_graph", "ebno_db": 2.0, "rep": 0, "tbler": 0.875}
{"case": "eval_cdl_a_single_user_2layer", "variant": "mean_only_graph_fixed_cardinality", "ebno_db": 2.0, "rep": 0, "tbler": 0.875}
{"case": "eval_cdl_a_single_user_2layer", "variant": "random_graph_fixed_cardinality", "ebno_db": 2.0, "rep": 0, "tbler": 0.875}
{"case": "eval_cdl_a_single_user_2layer", "variant": "full_graph", "ebno_db": 2.0, "rep": 0, "tbler": 0.875}
{"case": "eval_cdl_a_single_user_2layer", "variant": "ls_lmmse", "ebno_db": 2.0, "rep": 0, "tbler": 0.875}
{"case": "eval_cdl_a_single_user_2layer", "variant": "perfect_csi_lmmse", "ebno_db": 2.0, "rep": 0, "tbler": 0.6875}
{"case": "eval_cdl_a_single_user_2layer", "variant": "proposed", "ebno_db": 2.0, "rep": 1, "tbler": 0.875}
{"case": "eval_cdl_a_single_user_2layer", "variant": "uncertainty_off_fixed_graph", "ebno_db": 2.0, "rep": 1, "tbler": 0.875}
{"case": "eval_cdl_a_single_user_2layer", "variant": "diagonal_posterior_fixed_graph", "ebno_db": 2.0, "rep": 1, "tbler": 0.875}
{"case": "eval_cdl_a_single_user_2layer", "variant": "mean_only_graph_fixed_cardinality", "ebno_db": 2.0, "rep": 1, "tbler": 0.875}
{"case": "eval_cdl_a_single_user_2layer", "variant": "random_graph_fixed_cardinality", "ebno_db": 2.0, "rep": 1, "tbler": 0.875}
{"case": "eval_cdl_a_single_user_2layer", "variant": "full_graph", "ebno_db": 2.0, "rep": 1, "tbler": 0.875}
{"case": "eval_cdl_a_single_user_2layer", "variant": "ls_lmmse", "ebno_db": 2.0, "rep": 1, "tbler": 0.875}
{"case": "eval_cdl_a_single_user_2layer", "variant": "perfect_csi_lmmse", "ebno_db": 2.0, "rep": 1, "tbler": 0.75}
{"case": "eval_cdl_a_single_user_2layer", "variant": "proposed", "ebno_db": 2.0, "rep": 2, "tbler": 0.75}
{"case": "eval_cdl_a_single_user_2layer", "variant": "uncertainty_off_fixed_graph", "ebno_db": 2.0, "rep": 2, "tbler": 0.6875}
{"case": "eval_cdl_a_single_user_2layer", "variant": "diagonal_posterior_fixed_graph", "ebno_db": 2.0, "rep": 2, "tbler": 0.75}
{"case": "eval_cdl_a_single_user_2layer", "variant": "mean_only_graph_fixed_cardinality", "ebno_db": 2.0, "rep": 2, "tbler": 0.75}
{"case": "eval_cdl_a_single_user_2layer", "variant": "random_graph_fixed_cardinality", "ebno_db": 2.0, "rep": 2, "tbler": 0.75}
{"case": "eval_cdl_a_single_user_2layer", "variant": "full_graph", "ebno_db": 2.0, "rep": 2, "tbler": 0.75}
{"case": "eval_cdl_a_single_user_2layer", "variant": "ls_lmmse", "ebno_db": 2.0, "rep": 2, "tbler": 0.6875}
{"case": "eval_cdl_a_single_user_2layer", "variant": "perfect_csi_lmmse", "ebno_db": 2.0, "rep": 2, "tbler": 0.625}
{"case": "eval_cdl_a_single_user_2layer", "variant": "proposed", "ebno_db": 2.0, "rep": 3, "tbler": 0.875}
{"case": "eval_cdl_a_single_user_2layer", "variant": "uncertainty_off_fixed_graph", "ebno_db": 2.0, "rep": 3, "tbler": 0.875}
{"case": "eval_cdl_a_single_user_2layer", "variant": "diagonal_posterior_fixed_graph", "ebno_db": 2.0, "rep": 3, "tbler": 0.875}
{"case": "eval_cdl_a_single_user_2layer", "variant": "mean_only_graph_fixed_cardinality", "ebno_db": 2.0, "rep": 3, "tbler": 0.875}
{"case": "eval_cdl_a_single_user_2layer", "variant": "random_graph_fixed_cardinality", "ebno_db": 2.0, "rep": 3, "tbler": 0.875}
{"case": "eval_cdl_a_single_user_2layer", "variant": "full_graph", "ebno_db": 2.0, "rep": 3, "tbler": 0.875}
{"case": "eval_cdl_a_single_user_2layer", "variant": "ls_lmmse", "ebno_db": 2.0, "rep": 3, "tbler": 0.8125}
{"case": "eval_cdl_a_single_user_2layer", "variant": "perfect_csi_lmmse", "ebno_db": 2.0, "rep": 3, "tbler": 0.6875}
{"case": "eval_cdl_a_single_user_2layer", "variant": "proposed", "ebno_db": 2.0, "rep": 4, "tbler": 0.875}
{"case": "eval_cdl_a_single_user_2layer", "variant": "uncertainty_off_fixed_graph", "ebno_db": 2.0, "rep": 4, "tbler": 0.875}
{"case": "eval_cdl_a_single_user_2layer", "variant": "diagonal_posterior_fixed_graph", "ebno_db": 2.0, "rep": 4, "tbler": 0.875}
{"case": "eval_cdl_a_single_user_2layer", "variant": "mean_only_graph_fixed_cardinality", "ebno_db": 2.0, "rep": 4, "tbler": 0.875}
{"case": "eval_cdl_a_single_user_2layer", "variant": "random_graph_fixed_cardinality", "ebno_db": 2.0, "rep": 4, "tbler": 0.875}
{"case": "eval_cdl_a_single_user_2layer", "variant": "full_graph", "ebno_db": 2.0, "rep": 4, "tbler": 0.875}
{"case": "eval_cdl_a_single_user_2layer", "variant": "ls_lmmse", "ebno_db": 2.0, "rep": 4, "tbler": 0.8125}
{"case": "eval_cdl_a_single_user_2layer", "variant": "perfect_csi_lmmse", "ebno_db": 2.0, "rep": 4, "tbler": 0.625}
{"case": "eval_cdl_a_single_user_2layer", "variant": "proposed", "ebno_db": 6.0, "rep": 0, "tbler": 0.875}
{"case": "eval_cdl_a_single_user_2layer", "variant": "uncertainty_off_fixed_graph", "ebno_db": 6.0, "rep": 0, "tbler": 0.875}
{"case": "eval_cdl_a_single_user_2layer", "variant": "diagonal_posterior_fixed_graph", "ebno_db": 6.0, "rep": 0, "tbler": 0.875}
{"case": "eval_cdl_a_single_user_2layer", "variant": "mean_only_graph_fixed_cardinality", "ebno_db": 6.0, "rep": 0, "tbler": 0.875}
{"case": "eval_cdl_a_single_user_2layer", "variant": "random_graph_fixed_cardinality", "ebno_db": 6.0, "rep": 0, "tbler": 0.875}
{"case": "eval_cdl_a_single_user_2layer", "variant": "full_graph", "ebno_db": 6.0, "rep": 0, "tbler": 0.875}
{"case": "eval_cdl_a_single_user_2layer", "variant": "ls_lmmse", "ebno_db": 6.0, "rep": 0, "tbler": 0.625}
{"case": "eval_cdl_a_single_user_2layer", "variant": "perfect_csi_lmmse", "ebno_db": 6.0, "rep": 0, "tbler": 0.5}
{"case": "eval_cdl_a_single_user_2layer", "variant": "proposed", "ebno_db": 6.0, "rep": 1, "tbler": 0.75}
{"case": "eval_cdl_a_single_user_2layer", "variant": "uncertainty_off_fixed_graph", "ebno_db": 6.0, "rep": 1, "tbler": 0.75}
{"case": "eval_cdl_a_single_user_2layer", "variant": "diagonal_posterior_fixed_graph", "ebno_db": 6.0, "rep": 1, "tbler": 0.75}
{"case": "eval_cdl_a_single_user_2layer", "variant": "mean_only_graph_fixed_cardinality", "ebno_db": 6.0, "rep": 1, "tbler": 0.75}
{"case": "eval_cdl_a_single_user_2layer", "variant": "random_graph_fixed_cardinality", "ebno_db": 6.0, "rep": 1, "tbler": 0.75}
{"case": "eval_cdl_a_single_user_2layer", "variant": "full_graph", "ebno_db": 6.0, "rep": 1, "tbler": 0.75}
{"case": "eval_cdl_a_single_user_2layer", "variant": "ls_lmmse", "ebno_db": 6.0, "rep": 1, "tbler": 0.6875}
{"case": "eval_cdl_a_single_user_2layer", "variant": "perfect_csi_lmmse", "ebno_db": 6.0, "rep": 1, "tbler": 0.4375}
{"case": "eval_cdl_a_single_user_2layer", "variant": "proposed", "ebno_db": 6.0, "rep": 2, "tbler": 0.8125}
{"case": "eval_cdl_a_single_user_2layer", "variant": "uncertainty_off_fixed_graph", "ebno_db": 6.0, "rep": 2, "tbler": 0.8125}
{"case": "eval_cdl_a_single_user_2layer", "variant": "diagonal_posterior_fixed_graph", "ebno_db": 6.0, "rep": 2, "tbler": 0.8125}
{"case": "eval_cdl_a_single_user_2layer", "variant": "mean_only_graph_fixed_cardinality", "ebno_db": 6.0, "rep": 2, "tbler": 0.8125}
{"case": "eval_cdl_a_single_user_2layer", "variant": "random_graph_fixed_cardinality", "ebno_db": 6.0, "rep": 2, "tbler": 0.8125}
{"case": "eval_cdl_a_single_user_2layer", "variant": "full_graph", "ebno_db": 6.0, "rep": 2, "tbler": 0.8125}
{"case": "eval_cdl_a_single_user_2layer", "variant": "ls_lmmse", "ebno_db": 6.0, "rep": 2, "tbler": 0.75}
{"case": "eval_cdl_a_single_user_2layer", "variant": "perfect_csi_lmmse", "ebno_db": 6.0, "rep": 2, "tbler": 0.625}
{"case": "eval_cdl_a_single_user_2layer", "variant": "proposed", "ebno_db": 6.0, "rep": 3, "tbler": 0.625}
{"case": "eval_cdl_a_single_user_2layer", "variant": "uncertainty_off_fixed_graph", "ebno_db": 6.0, "rep": 3, "tbler": 0.625}
{"case": "eval_cdl_a_single_user_2layer", "variant": "diagonal_posterior_fixed_graph", "ebno_db": 6.0, "rep": 3, "tbler": 0.625}
{"case": "eval_cdl_a_single_user_2layer", "variant": "mean_only_graph_fixed_cardinality", "ebno_db": 6.0, "rep": 3, "tbler": 0.625}
{"case": "eval_cdl_a_single_user_2layer", "variant": "random_graph_fixed_cardinality", "ebno_db": 6.0, "rep": 3, "tbler": 0.625}
{"case": "eval_cdl_a_single_user_2layer", "variant": "full_graph", "ebno_db": 6.0, "rep": 3, "tbler": 0.625}
{"case": "eval_cdl_a_single_user_2layer", "variant": "ls_lmmse", "ebno_db": 6.0, "rep": 3, "tbler": 0.4375}
{"case": "eval_cdl_a_single_user_2layer", "variant": "perfect_csi_lmmse", "ebno_db": 6.0, "rep": 3, "tbler": 0.3125}
{"case": "eval_cdl_a_single_user_2layer", "variant": "proposed", "ebno_db": 6.0, "rep": 4, "tbler": 0.75}
{"case": "eval_cdl_a_single_user_2layer", "variant": "uncertainty_off_fixed_graph", "ebno_db": 6.0, "rep": 4, "tbler": 0.75}
{"case": "eval_cdl_a_single_user_2layer", "variant": "diagonal_posterior_fixed_graph", "ebno_db": 6.0, "rep": 4, "tbler": 0.75}
{"case": "eval_cdl_a_single_user_2layer", "variant": "mean_only_graph_fixed_cardinality", "ebno_db": 6.0, "rep": 4, "tbler": 0.75}
{"case": "eval_cdl_a_single_user_2layer", "variant": "random_graph_fixed_cardinality", "ebno_db": 6.0, "rep": 4, "tbler": 0.75}
{"case": "eval_cdl_a_single_user_2layer", "variant": "full_graph", "ebno_db": 6.0, "rep": 4, "tbler": 0.75}
{"case": "eval_cdl_a_single_user_2layer", "variant": "ls_lmmse", "ebno_db": 6.0, "rep": 4, "tbler": 0.5}
{"case": "eval_cdl_a_single_user_2layer", "variant": "perfect_csi_lmmse", "ebno_db": 6.0, "rep": 4, "tbler": 0.375}
{"case": "eval_cdl_a_single_user_2layer", "variant": "proposed", "ebno_db": 10.0, "rep": 0, "tbler": 0.9375}
{"case": "eval_cdl_a_single_user_2layer", "variant": "uncertainty_off_fixed_graph", "ebno_db": 10.0, "rep": 0, "tbler": 0.9375}
{"case": "eval_cdl_a_single_user_2layer", "variant": "diagonal_posterior_fixed_graph", "ebno_db": 10.0, "rep": 0, "tbler": 0.9375}
{"case": "eval_cdl_a_single_user_2layer", "variant": "mean_only_graph_fixed_cardinality", "ebno_db": 10.0, "rep": 0, "tbler": 0.9375}
{"case": "eval_cdl_a_single_user_2layer", "variant": "random_graph_fixed_cardinality", "ebno_db": 10.0, "rep": 0, "tbler": 0.9375}
{"case": "eval_cdl_a_single_user_2layer", "variant": "full_graph", "ebno_db": 10.0, "rep": 0, "tbler": 0.9375}
{"case": "eval_cdl_a_single_user_2layer", "variant": "ls_lmmse", "ebno_db": 10.0, "rep": 0, "tbler": 0.375}
{"case": "eval_cdl_a_single_user_2layer", "variant": "perfect_csi_lmmse", "ebno_db": 10.0, "rep": 0, "tbler": 0.125}
{"case": "eval_cdl_a_single_user_2layer", "variant": "proposed", "ebno_db": 10.0, "rep": 1, "tbler": 0.8125}
{"case": "eval_cdl_a_single_user_2layer", "variant": "uncertainty_off_fixed_graph", "ebno_db": 10.0, "rep": 1, "tbler": 0.8125}
{"case": "eval_cdl_a_single_user_2layer", "variant": "diagonal_posterior_fixed_graph", "ebno_db": 10.0, "rep": 1, "tbler": 0.8125}
{"case": "eval_cdl_a_single_user_2layer", "variant": "mean_only_graph_fixed_cardinality", "ebno_db": 10.0, "rep": 1, "tbler": 0.8125}
{"case": "eval_cdl_a_single_user_2layer", "variant": "random_graph_fixed_cardinality", "ebno_db": 10.0, "rep": 1, "tbler": 0.8125}
{"case": "eval_cdl_a_single_user_2layer", "variant": "full_graph", "ebno_db": 10.0, "rep": 1, "tbler": 0.8125}
{"case": "eval_cdl_a_single_user_2layer", "variant": "ls_lmmse", "ebno_db": 10.0, "rep": 1, "tbler": 0.4375}
{"case": "eval_cdl_a_single_user_2layer", "variant": "perfect_csi_lmmse", "ebno_db": 10.0, "rep": 1, "tbler": 0.25}
{"case": "eval_cdl_a_single_user_2layer", "variant": "proposed", "ebno_db": 10.0, "rep": 2, "tbler": 0.8125}
{"case": "eval_cdl_a_single_user_2layer", "variant": "uncertainty_off_fixed_graph", "ebno_db": 10.0, "rep": 2, "tbler": 0.8125}
{"case": "eval_cdl_a_single_user_2layer", "variant": "diagonal_posterior_fixed_graph", "ebno_db": 10.0, "rep": 2, "tbler": 0.8125}
{"case": "eval_cdl_a_single_user_2layer", "variant": "mean_only_graph_fixed_cardinality", "ebno_db": 10.0, "rep": 2, "tbler": 0.8125}
{"case": "eval_cdl_a_single_user_2layer", "variant": "random_graph_fixed_cardinality", "ebno_db": 10.0, "rep": 2, "tbler": 0.8125}
{"case": "eval_cdl_a_single_user_2layer", "variant": "full_graph", "ebno_db": 10.0, "rep": 2, "tbler": 0.8125}
{"case": "eval_cdl_a_single_user_2layer", "variant": "ls_lmmse", "ebno_db": 10.0, "rep": 2, "tbler": 0.5}
{"case": "eval_cdl_a_single_user_2layer", "variant": "perfect_csi_lmmse", "ebno_db": 10.0, "rep": 2, "tbler": 0.1875}
{"case": "eval_cdl_a_single_user_2layer", "variant": "proposed", "ebno_db": 10.0, "rep": 3, "tbler": 0.75}
{"case": "eval_cdl_a_single_user_2layer", "variant": "uncertainty_off_fixed_graph", "ebno_db": 10.0, "rep": 3, "tbler": 0.75}
{"case": "eval_cdl_a_single_user_2layer", "variant": "diagonal_posterior_fixed_graph", "ebno_db": 10.0, "rep": 3, "tbler": 0.75}
{"case": "eval_cdl_a_single_user_2layer", "variant": "mean_only_graph_fixed_cardinality", "ebno_db": 10.0, "rep": 3, "tbler": 0.75}
{"case": "eval_cdl_a_single_user_2layer", "variant": "random_graph_fixed_cardinality", "ebno_db": 10.0, "rep": 3, "tbler": 0.75}
{"case": "eval_cdl_a_single_user_2layer", "variant": "full_graph", "ebno_db": 10.0, "rep": 3, "tbler": 0.75}
{"case": "eval_cdl_a_single_user_2layer", "variant": "ls_lmmse", "ebno_db": 10.0, "rep": 3, "tbler": 0.375}
{"case": "eval_cdl_a_single_user_2layer", "variant": "perfect_csi_lmmse", "ebno_db": 10.0, "rep": 3, "tbler": 0.1875}
{"case": "eval_cdl_a_single_user_2layer", "variant": "proposed", "ebno_db": 10.0, "rep": 4, "tbler": 0.625}
{"case": "eval_cdl_a_single_user_2layer", "variant": "uncertainty_off_fixed_graph", "ebno_db": 10.0, "rep": 4, "tbler": 0.6875}
{"case": "eval_cdl_a_single_user_2layer", "variant": "diagonal_posterior_fixed_graph", "ebno_db": 10.0, "rep": 4, "tbler": 0.625}
{"case": "eval_cdl_a_single_user_2layer", "variant": "mean_only_graph_fixed_cardinality", "ebno_db": 10.0, "rep": 4, "tbler": 0.625}
{"case": "eval_cdl_a_single_user_2layer", "variant": "random_graph_fixed_cardinality", "ebno_db": 10.0, "rep": 4, "tbler": 0.625}
{"case": "eval_cdl_a_single_user_2layer", "variant": "full_graph", "ebno_db": 10.0, "rep": 4, "tbler": 0.625}
{"case": "eval_cdl_a_single_user_2layer", "variant": "ls_lmmse", "ebno_db": 10.0, "rep": 4, "tbler": 0.1875}
{"case": "eval_cdl_a_single_user_2layer", "variant": "perfect_csi_lmmse", "ebno_db": 10.0, "rep": 4, "tbler": 0.125}
{"case": "eval_cdl_c_single_user", "variant": "proposed", "ebno_db": -2.0, "rep": 0, "tbler": 0.375}
{"case": "eval_cdl_c_single_user", "variant": "uncertainty_off_fixed_graph", "ebno_db": -2.0, "rep": 0, "tbler": 0.4375}
{"case": "eval_cdl_c_single_user", "variant": "diagonal_posterior_fixed_graph", "ebno_db": -2.0, "rep": 0, "tbler": 0.375}
{"case": "eval_cdl_c_single_user", "variant": "mean_only_graph_fixed_cardinality", "ebno_db": -2.0, "rep": 0, "tbler": 0.375}
{"case": "eval_cdl_c_single_user", "variant": "random_graph_fixed_cardinality", "ebno_db": -2.0, "rep": 0, "tbler": 0.375}
{"case": "eval_cdl_c_single_user", "variant": "full_graph", "ebno_db": -2.0, "rep": 0, "tbler": 0.375}
{"case": "eval_cdl_c_single_user", "variant": "ls_lmmse", "ebno_db": -2.0, "rep": 0, "tbler": 1.0}
{"case": "eval_cdl_c_single_user", "variant": "perfect_csi_lmmse", "ebno_db": -2.0, "rep": 0, "tbler": 0.0625}
{"case": "eval_cdl_c_single_user", "variant": "proposed", "ebno_db": -2.0, "rep": 1, "tbler": 0.3125}
{"case": "eval_cdl_c_single_user", "variant": "uncertainty_off_fixed_graph", "ebno_db": -2.0, "rep": 1, "tbler": 0.3125}
{"case": "eval_cdl_c_single_user", "variant": "diagonal_posterior_fixed_graph", "ebno_db": -2.0, "rep": 1, "tbler": 0.3125}
{"case": "eval_cdl_c_single_user", "variant": "mean_only_graph_fixed_cardinality", "ebno_db": -2.0, "rep": 1, "tbler": 0.3125}
{"case": "eval_cdl_c_single_user", "variant": "random_graph_fixed_cardinality", "ebno_db": -2.0, "rep": 1, "tbler": 0.3125}
{"case": "eval_cdl_c_single_user", "variant": "full_graph", "ebno_db": -2.0, "rep": 1, "tbler": 0.3125}
{"case": "eval_cdl_c_single_user", "variant": "ls_lmmse", "ebno_db": -2.0, "rep": 1, "tbler": 1.0}
{"case": "eval_cdl_c_single_user", "variant": "perfect_csi_lmmse", "ebno_db": -2.0, "rep": 1, "tbler": 0.0}
{"case": "eval_cdl_c_single_user", "variant": "proposed", "ebno_db": -2.0, "rep": 2, "tbler": 0.5625}
{"case": "eval_cdl_c_single_user", "variant": "uncertainty_off_fixed_graph", "ebno_db": -2.0, "rep": 2, "tbler": 0.625}
{"case": "eval_cdl_c_single_user", "variant": "diagonal_posterior_fixed_graph", "ebno_db": -2.0, "rep": 2, "tbler": 0.5625}
{"case": "eval_cdl_c_single_user", "variant": "mean_only_graph_fixed_cardinality", "ebno_db": -2.0, "rep": 2, "tbler": 0.5625}
{"case": "eval_cdl_c_single_user", "variant": "random_graph_fixed_cardinality", "ebno_db": -2.0, "rep": 2, "tbler": 0.5625}
{"case": "eval_cdl_c_single_user", "variant": "full_graph", "ebno_db": -2.0, "rep": 2, "tbler": 0.5625}
{"case": "eval_cdl_c_single_user", "variant": "ls_lmmse", "ebno_db": -2.0, "rep": 2, "tbler": 1.0}
{"case": "eval_cdl_c_single_user", "variant": "perfect_csi_lmmse", "ebno_db": -2.0, "rep": 2, "tbler": 0.0625}
{"case": "eval_cdl_c_single_user", "variant": "proposed", "ebno_db": -2.0, "rep": 3, "tbler": 0.5}
{"case": "eval_cdl_c_single_user", "variant": "uncertainty_off_fixed_graph", "ebno_db": -2.0, "rep": 3, "tbler": 0.5}
{"case": "eval_cdl_c_single_user", "variant": "diagonal_posterior_fixed_graph", "ebno_db": -2.0, "rep": 3, "tbler": 0.5}
{"case": "eval_cdl_c_single_user", "variant": "mean_only_graph_fixed_cardinality", "ebno_db": -2.0, "rep": 3, "tbler": 0.5}
{"case": "eval_cdl_c_single_user", "variant": "random_graph_fixed_cardinality", "ebno_db": -2.0, "rep": 3, "tbler": 0.5}
{"case": "eval_cdl_c_single_user", "variant": "full_graph", "ebno_db": -2.0, "rep": 3, "tbler": 0.5}
{"case": "eval_cdl_c_single_user", "variant": "ls_lmmse", "ebno_db": -2.0, "rep": 3, "tbler": 1.0}
{"case": "eval_cdl_c_single_user", "variant": "perfect_csi_lmmse", "ebno_db": -2.0, "rep": 3, "tbler": 0.0}
{"case": "eval_cdl_c_single_user", "variant": "proposed", "ebno_db": -2.0, "rep": 4, "tbler": 0.5625}
{"case": "eval_cdl_c_single_user", "variant": "uncertainty_off_fixed_graph", "ebno_db": -2.0, "rep": 4, "tbler": 0.5625}
{"case": "eval_cdl_c_single_user", "variant": "diagonal_posterior_fixed_graph", "ebno_db": -2.0, "rep": 4, "tbler": 0.5625}
{"case": "eval_cdl_c_single_user", "variant": "mean_only_graph_fixed_cardinality", "ebno_db": -2.0, "rep": 4, "tbler": 0.5625}
{"case": "eval_cdl_c_single_user", "variant": "random_graph_fixed_cardinality", "ebno_db": -2.0, "rep": 4, "tbler": 0.5625}
{"case": "eval_cdl_c_single_user", "variant": "full_graph", "ebno_db": -2.0, "rep": 4, "tbler": 0.5625}
{"case": "eval_cdl_c_single_user", "variant": "ls_lmmse", "ebno_db": -2.0, "rep": 4, "tbler": 1.0}
{"case": "eval_cdl_c_single_user", "variant": "perfect_csi_lmmse", "ebno_db": -2.0, "rep": 4, "tbler": 0.0}
{"case": "eval_cdl_c_single_user", "variant": "proposed", "ebno_db": 2.0, "rep": 0, "tbler": 0.0}
{"case": "eval_cdl_c_single_user", "variant": "uncertainty_off_fixed_graph", "ebno_db": 2.0, "rep": 0, "tbler": 0.0}
{"case": "eval_cdl_c_single_user", "variant": "diagonal_posterior_fixed_graph", "ebno_db": 2.0, "rep": 0, "tbler": 0.0}
{"case": "eval_cdl_c_single_user", "variant": "mean_only_graph_fixed_cardinality", "ebno_db": 2.0, "rep": 0, "tbler": 0.0}
{"case": "eval_cdl_c_single_user", "variant": "random_graph_fixed_cardinality", "ebno_db": 2.0, "rep": 0, "tbler": 0.0}
{"case": "eval_cdl_c_single_user", "variant": "full_graph", "ebno_db": 2.0, "rep": 0, "tbler": 0.0}
{"case": "eval_cdl_c_single_user", "variant": "ls_lmmse", "ebno_db": 2.0, "rep": 0, "tbler": 0.0}
{"case": "eval_cdl_c_single_user", "variant": "perfect_csi_lmmse", "ebno_db": 2.0, "rep": 0, "tbler": 0.0}
{"case": "eval_cdl_c_single_user", "variant": "proposed", "ebno_db": 2.0, "rep": 1, "tbler": 0.0}
{"case": "eval_cdl_c_single_user", "variant": "uncertainty_off_fixed_graph", "ebno_db": 2.0, "rep": 1, "tbler": 0.0}
{"case": "eval_cdl_c_single_user", "variant": "diagonal_posterior_fixed_graph", "ebno_db": 2.0, "rep": 1, "tbler": 0.0}
{"case": "eval_cdl_c_single_user", "variant": "mean_only_graph_fixed_cardinality", "ebno_db": 2.0, "rep": 1, "tbler": 0.0}
{"case": "eval_cdl_c_single_user", "variant": "random_graph_fixed_cardinality", "ebno_db": 2.0, "rep": 1, "tbler": 0.0}
{"case": "eval_cdl_c_single_user", "variant": "full_graph", "ebno_db": 2.0, "rep": 1, "tbler": 0.0}
{"case": "eval_cdl_c_single_user", "variant": "ls_lmmse", "ebno_db": 2.0, "rep": 1, "tbler": 0.0}
{"case": "eval_cdl_c_single_user", "variant": "perfect_csi_lmmse", "ebno_db": 2.0, "rep": 1, "tbler": 0.0}
{"case": "eval_cdl_c_single_user", "variant": "proposed", "ebno_db": 2.0, "rep": 2, "tbler": 0.0}
{"case": "eval_cdl_c_single_user", "variant": "uncertainty_off_fixed_graph", "ebno_db": 2.0, "rep": 2, "tbler": 0.0}
{"case": "eval_cdl_c_single_user", "variant": "diagonal_posterior_fixed_graph", "ebno_db": 2.0, "rep": 2, "tbler": 0.0}
{"case": "eval_cdl_c_single_user", "variant": "mean_only_graph_fixed_cardinality", "ebno_db": 2.0, "rep": 2, "tbler": 0.0}
{"case": "eval_cdl_c_single_user", "variant": "random_graph_fixed_cardinality", "ebno_db": 2.0, "rep": 2, "tbler": 0.0}
{"case": "eval_cdl_c_single_user", "variant": "full_graph", "ebno_db": 2.0, "rep": 2, "tbler": 0.0}
{"case": "eval_cdl_c_single_user", "variant": "ls_lmmse", "ebno_db": 2.0, "rep": 2, "tbler": 0.0}
{"case": "eval_cdl_c_single_user", "variant": "perfect_csi_lmmse", "ebno_db": 2.0, "rep": 2, "tbler": 0.0}
{"case": "eval_cdl_c_single_user", "variant": "proposed", "ebno_db": 2.0, "rep": 3, "tbler": 0.0}
{"case": "eval_cdl_c_single_user", "variant": "uncertainty_off_fixed_graph", "ebno_db": 2.0, "rep": 3, "tbler": 0.0}
{"case": "eval_cdl_c_single_user", "variant": "diagonal_posterior_fixed_graph", "ebno_db": 2.0, "rep": 3, "tbler": 0.0}
{"case": "eval_cdl_c_single_user", "variant": "mean_only_graph_fixed_cardinality", "ebno_db": 2.0, "rep": 3, "tbler": 0.0}
{"case": "eval_cdl_c_single_user", "variant": "random_graph_fixed_cardinality", "ebno_db": 2.0, "rep": 3, "tbler": 0.0}
{"case": "eval_cdl_c_single_user", "variant": "full_graph", "ebno_db": 2.0, "rep": 3, "tbler": 0.0}
{"case": "eval_cdl_c_single_user", "variant": "ls_lmmse", "ebno_db": 2.0, "rep": 3, "tbler": 0.0}
{"case": "eval_cdl_c_single_user", "variant": "perfect_csi_lmmse", "ebno_db": 2.0, "rep": 3, "tbler": 0.0}
{"case": "eval_cdl_c_single_user", "variant": "proposed", "ebno_db": 2.0, "rep": 4, "tbler": 0.0}
{"case": "eval_cdl_c_single_user", "variant": "uncertainty_off_fixed_graph", "ebno_db": 2.0, "rep": 4, "tbler": 0.0}
{"case": "eval_cdl_c_single_user", "variant": "diagonal_posterior_fixed_graph", "ebno_db": 2.0, "rep": 4, "tbler": 0.0}
{"case": "eval_cdl_c_single_user", "variant": "mean_only_graph_fixed_cardinality", "ebno_db": 2.0, "rep": 4, "tbler": 0.0}
{"case": "eval_cdl_c_single_user", "variant": "random_graph_fixed_cardinality", "ebno_db": 2.0, "rep": 4, "tbler": 0.0}
{"case": "eval_cdl_c_single_user", "variant": "full_graph", "ebno_db": 2.0, "rep": 4, "tbler": 0.0}
{"case": "eval_cdl_c_single_user", "variant": "ls_lmmse", "ebno_db": 2.0, "rep": 4, "tbler": 0.0}
{"case": "eval_cdl_c_single_user", "variant": "perfect_csi_lmmse", "ebno_db": 2.0, "rep": 4, "tbler": 0.0}
{"case": "eval_cdl_c_single_user", "variant": "proposed", "ebno_db": 6.0, "rep": 0, "tbler": 0.0}
{"case": "eval_cdl_c_single_user", "variant": "uncertainty_off_fixed_graph", "ebno_db": 6.0, "rep": 0, "tbler": 0.0}
{"case": "eval_cdl_c_single_user", "variant": "diagonal_posterior_fixed_graph", "ebno_db": 6.0, "rep": 0, "tbler": 0.0}
{"case": "eval_cdl_c_single_user", "variant": "mean_only_graph_fixed_cardinality", "ebno_db": 6.0, "rep": 0, "tbler": 0.0}
{"case": "eval_cdl_c_single_user", "variant": "random_graph_fixed_cardinality", "ebno_db": 6.0, "rep": 0, "tbler": 0.0}
{"case": "eval_cdl_c_single_user", "variant": "full_graph", "ebno_db": 6.0, "rep": 0, "tbler": 0.0}
{"case": "eval_cdl_c_single_user", "variant": "ls_lmmse", "ebno_db": 6.0, "rep": 0, "tbler": 0.0}
{"case": "eval_cdl_c_single_user", "variant": "perfect_csi_lmmse", "ebno_db": 6.0, "rep": 0, "tbler": 0.0}
{"case": "eval_cdl_c_single_user", "variant": "proposed", "ebno_db": 6.0, "rep": 1, "tbler": 0.0}
{"case": "eval_cdl_c_single_user", "variant": "uncertainty_off_fixed_graph", "ebno_db": 6.0, "rep": 1, "tbler": 0.0}
{"case": "eval_cdl_c_single_user", "variant": "diagonal_posterior_fixed_graph", "ebno_db": 6.0, "rep": 1, "tbler": 0.0}
{"case": "eval_cdl_c_single_user", "variant": "mean_only_graph_fixed_cardinality", "ebno_db": 6.0, "rep": 1, "tbler": 0.0}
{"case": "eval_cdl_c_single_user", "variant": "random_graph_fixed_cardinality", "ebno_db": 6.0, "rep": 1, "tbler": 0.0}
{"case": "eval_cdl_c_single_user", "variant": "full_graph", "ebno_db": 6.0, "rep": 1, "tbler": 0.0}
{"case": "eval_cdl_c_single_user", "variant": "ls_lmmse", "ebno_db": 6.0, "rep": 1, "tbler": 0.0}
{"case": "eval_cdl_c_single_user", "variant": "perfect_csi_lmmse", "ebno_db": 6.0, "rep": 1, "tbler": 0.0}
{"case": "eval_cdl_c_single_user", "variant": "proposed", "ebno_db": 6.0, "rep": 2, "tbler": 0.0}
{"case": "eval_cdl_c_single_user", "variant": "uncertainty_off_fixed_graph", "ebno_db": 6.0, "rep": 2, "tbler": 0.0}
{"case": "eval_cdl_c_single_user", "variant": "diagonal_posterior_fixed_graph", "ebno_db": 6.0, "rep": 2, "tbler": 0.0}
{"case": "eval_cdl_c_single_user", "variant": "mean_only_graph_fixed_cardinality", "ebno_db": 6.0, "rep": 2, "tbler": 0.0}
{"case": "eval_cdl_c_single_user", "variant": "random_graph_fixed_cardinality", "ebno_db": 6.0, "rep": 2, "tbler": 0.0}
{"case": "eval_cdl_c_single_user", "variant": "full_graph", "ebno_db": 6.0, "rep": 2, "tbler": 0.0}
{"case": "eval_cdl_c_single_user", "variant": "ls_lmmse", "ebno_db": 6.0, "rep": 2, "tbler": 0.0}
{"case": "eval_cdl_c_single_user", "variant": "perfect_csi_lmmse", "ebno_db": 6.0, "rep": 2, "tbler": 0.0}
{"case": "eval_cdl_c_single_user", "variant": "proposed", "ebno_db": 6.0, "rep": 3, "tbler": 0.0}
{"case": "eval_cdl_c_single_user", "variant": "uncertainty_off_fixed_graph", "ebno_db": 6.0, "rep": 3, "tbler": 0.0}
{"case": "eval_cdl_c_single_user", "variant": "diagonal_posterior_fixed_graph", "ebno_db": 6.0, "rep": 3, "tbler": 0.0}
{"case": "eval_cdl_c_single_user", "variant": "mean_only_graph_fixed_cardinality", "ebno_db": 6.0, "rep": 3, "tbler": 0.0}
{"case": "eval_cdl_c_single_user", "variant": "random_graph_fixed_cardinality", "ebno_db": 6.0, "rep": 3, "tbler": 0.0}
{"case": "eval_cdl_c_single_user", "variant": "full_graph", "ebno_db": 6.0, "rep": 3, "tbler": 0.0}
{"case": "eval_cdl_c_single_user", "variant": "ls_lmmse", "ebno_db": 6.0, "rep": 3, "tbler": 0.0}
{"case": "eval_cdl_c_single_user", "variant": "perfect_csi_lmmse", "ebno_db": 6.0, "rep": 3, "tbler": 0.0}
{"case": "eval_cdl_c_single_user", "variant": "proposed", "ebno_db": 6.0, "rep": 4, "tbler": 0.0}
{"case": "eval_cdl_c_single_user", "variant": "uncertainty_off_fixed_graph", "ebno_db": 6.0, "rep": 4, "tbler": 0.0}
{"case": "eval_cdl_c_single_user", "variant": "diagonal_posterior_fixed_graph", "ebno_db": 6.0, "rep": 4, "tbler": 0.0}
{"case": "eval_cdl_c_single_user", "variant": "mean_only_graph_fixed_cardinality", "ebno_db": 6.0, "rep": 4, "tbler": 0.0}
{"case": "eval_cdl_c_single_user", "variant": "random_graph_fixed_cardinality", "ebno_db": 6.0, "rep": 4, "tbler": 0.0}
{"case": "eval_cdl_c_single_user", "variant": "full_graph", "ebno_db": 6.0, "rep": 4, "tbler": 0.0}
{"case": "eval_cdl_c_single_user", "variant": "ls_lmmse", "ebno_db": 6.0, "rep": 4, "tbler": 0.0}
{"case": "eval_cdl_c_single_user", "variant": "perfect_csi_lmmse", "ebno_db": 6.0, "rep": 4, "tbler": 0.0}
{"case": "eval_cdl_c_single_user", "variant": "proposed", "ebno_db": 10.0, "rep": 0, "tbler": 0.0}
{"case": "eval_cdl_c_single_user", "variant": "uncertainty_off_fixed_graph", "ebno_db": 10.0, "rep": 0, "tbler": 0.0}
{"case": "eval_cdl_c_single_user", "variant": "diagonal_posterior_fixed_graph", "ebno_db": 10.0, "rep": 0, "tbler": 0.0}
{"case": "eval_cdl_c_single_user", "variant": "mean_only_graph_fixed_cardinality", "ebno_db": 10.0, "rep": 0, "tbler": 0.0}
{"case": "eval_cdl_c_single_user", "variant": "random_graph_fixed_cardinality", "ebno_db": 10.0, "rep": 0, "tbler": 0.0}
{"case": "eval_cdl_c_single_user", "variant": "full_graph", "ebno_db": 10.0, "rep": 0, "tbler": 0.0}
{"case": "eval_cdl_c_single_user", "variant": "ls_lmmse", "ebno_db": 10.0, "rep": 0, "tbler": 0.0}
{"case": "eval_cdl_c_single_user", "variant": "perfect_csi_lmmse", "ebno_db": 10.0, "rep": 0, "tbler": 0.0}
{"case": "eval_cdl_c_single_user", "variant": "proposed", "ebno_db": 10.0, "rep": 1, "tbler": 0.0}
{"case": "eval_cdl_c_single_user", "variant": "uncertainty_off_fixed_graph", "ebno_db": 10.0, "rep": 1, "tbler": 0.0}
{"case": "eval_cdl_c_single_user", "variant": "diagonal_posterior_fixed_graph", "ebno_db": 10.0, "rep": 1, "tbler": 0.0}
{"case": "eval_cdl_c_single_user", "variant": "mean_only_graph_fixed_cardinality", "ebno_db": 10.0, "rep": 1, "tbler": 0.0}
{"case": "eval_cdl_c_single_user", "variant": "random_graph_fixed_cardinality", "ebno_db": 10.0, "rep": 1, "tbler": 0.0}
{"case": "eval_cdl_c_single_user", "variant": "full_graph", "ebno_db": 10.0, "rep": 1, "tbler": 0.0}
{"case": "eval_cdl_c_single_user", "variant": "ls_lmmse", "ebno_db": 10.0, "rep": 1, "tbler": 0.0}
{"case": "eval_cdl_c_single_user", "variant": "perfect_csi_lmmse", "ebno_db": 10.0, "rep": 1, "tbler": 0.0}
{"case": "eval_cdl_c_single_user", "variant": "proposed", "ebno_db": 10.0, "rep": 2, "tbler": 0.0}
{"case": "eval_cdl_c_single_user", "variant": "uncertainty_off_fixed_graph", "ebno_db": 10.0, "rep": 2, "tbler": 0.0}
{"case": "eval_cdl_c_single_user", "variant": "diagonal_posterior_fixed_graph", "ebno_db": 10.0, "rep": 2, "tbler": 0.0}
{"case": "eval_cdl_c_single_user", "variant": "mean_only_graph_fixed_cardinality", "ebno_db": 10.0, "rep": 2, "tbler": 0.0}
{"case": "eval_cdl_c_single_user", "variant": "random_graph_fixed_cardinality", "ebno_db": 10.0, "rep": 2, "tbler": 0.0}
{"case": "eval_cdl_c_single_user", "variant": "full_graph", "ebno_db": 10.0, "rep": 2, "tbler": 0.0}
{"case": "eval_cdl_c_single_user", "variant": "ls_lmmse", "ebno_db": 10.0, "rep": 2, "tbler": 0.0}
{"case": "eval_cdl_c_single_user", "variant": "perfect_csi_lmmse", "ebno_db": 10.0, "rep": 2, "tbler": 0.0}
{"case": "eval_cdl_c_single_user", "variant": "proposed", "ebno_db": 10.0, "rep": 3, "tbler": 0.0}
{"case": "eval_cdl_c_single_user", "variant": "uncertainty_off_fixed_graph", "ebno_db": 10.0, "rep": 3, "tbler": 0.0}
{"case": "eval_cdl_c_single_user", "variant": "diagonal_posterior_fixed_graph", "ebno_db": 10.0, "rep": 3, "tbler": 0.0}
{"case": "eval_cdl_c_single_user", "variant": "mean_only_graph_fixed_cardinality", "ebno_db": 10.0, "rep": 3, "tbler": 0.0}
{"case": "eval_cdl_c_single_user", "variant": "random_graph_fixed_cardinality", "ebno_db": 10.0, "rep": 3, "tbler": 0.0}
{"case": "eval_cdl_c_single_user", "variant": "full_graph", "ebno_db": 10.0, "rep": 3, "tbler": 0.0}
{"case": "eval_cdl_c_single_user", "variant": "ls_lmmse", "ebno_db": 10.0, "rep": 3, "tbler": 0.0}
{"case": "eval_cdl_c_single_user", "variant": "perfect_csi_lmmse", "ebno_db": 10.0, "rep": 3, "tbler": 0.0}
{"case": "eval_cdl_c_single_user", "variant": "proposed", "ebno_db": 10.0, "rep": 4, "tbler": 0.0}
{"case": "eval_cdl_c_single_user", "variant": "uncertainty_off_fixed_graph", "ebno_db": 10.0, "rep": 4, "tbler": 0.0}
{"case": "eval_cdl_c_single_user", "variant": "diagonal_posterior_fixed_graph", "ebno_db": 10.0, "rep": 4, "tbler": 0.0}
{"case": "eval_cdl_c_single_user", "variant": "mean_only_graph_fixed_cardinality", "ebno_db": 10.0, "rep": 4, "tbler": 0.0}
{"case": "eval_cdl_c_single_user", "variant": "random_graph_fixed_cardinality", "ebno_db": 10.0, "rep": 4, "tbler": 0.0}
{"case": "eval_cdl_c_single_user", "variant": "full_graph", "ebno_db": 10.0, "rep": 4, "tbler": 0.0}
{"case": "eval_cdl_c_single_user", "variant": "ls_lmmse", "ebno_db": 10.0, "rep": 4, "tbler": 0.0}
{"case": "eval_cdl_c_single_user", "variant": "perfect_csi_lmmse", "ebno_db": 10.0, "rep": 4, "tbler": 0.0}
{"case": "eval_cdl_d_single_user", "variant": "proposed", "ebno_db": -2.0, "rep": 0, "tbler": 0.3125}
{"case": "eval_cdl_d_single_user", "variant": "uncertainty_off_fixed_graph", "ebno_db": -2.0, "rep": 0, "tbler": 0.3125}
{"case": "eval_cdl_d_single_user", "variant": "diagonal_posterior_fixed_graph", "ebno_db": -2.0, "rep": 0, "tbler": 0.3125}
{"case": "eval_cdl_d_single_user", "variant": "mean_only_graph_fixed_cardinality", "ebno_db": -2.0, "rep": 0, "tbler": 0.3125}
{"case": "eval_cdl_d_single_user", "variant": "random_graph_fixed_cardinality", "ebno_db": -2.0, "rep": 0, "tbler": 0.3125}
{"case": "eval_cdl_d_single_user", "variant": "full_graph", "ebno_db": -2.0, "rep": 0, "tbler": 0.3125}
{"case": "eval_cdl_d_single_user", "variant": "ls_lmmse", "ebno_db": -2.0, "rep": 0, "tbler": 1.0}
{"case": "eval_cdl_d_single_user", "variant": "perfect_csi_lmmse", "ebno_db": -2.0, "rep": 0, "tbler": 0.0}
{"case": "eval_cdl_d_single_user", "variant": "proposed", "ebno_db": -2.0, "rep": 1, "tbler": 0.1875}
{"case": "eval_cdl_d_single_user", "variant": "uncertainty_off_fixed_graph", "ebno_db": -2.0, "rep": 1, "tbler": 0.1875}
{"case": "eval_cdl_d_single_user", "variant": "diagonal_posterior_fixed_graph", "ebno_db": -2.0, "rep": 1, "tbler": 0.1875}
{"case": "eval_cdl_d_single_user", "variant": "mean_only_graph_fixed_cardinality", "ebno_db": -2.0, "rep": 1, "tbler": 0.1875}
{"case": "eval_cdl_d_single_user", "variant": "random_graph_fixed_cardinality", "ebno_db": -2.0, "rep": 1, "tbler": 0.1875}
{"case": "eval_cdl_d_single_user", "variant": "full_graph", "ebno_db": -2.0, "rep": 1, "tbler": 0.1875}
{"case": "eval_cdl_d_single_user", "variant": "ls_lmmse", "ebno_db": -2.0, "rep": 1, "tbler": 1.0}
{"case": "eval_cdl_d_single_user", "variant": "perfect_csi_lmmse", "ebno_db": -2.0, "rep": 1, "tbler": 0.0}
{"case": "eval_cdl_d_single_user", "variant": "proposed", "ebno_db": -2.0, "rep": 2, "tbler": 0.375}
{"case": "eval_cdl_d_single_user", "variant": "uncertainty_off_fixed_graph", "ebno_db": -2.0, "rep": 2, "tbler": 0.3125}
{"case": "eval_cdl_d_single_user", "variant": "diagonal_posterior_fixed_graph", "ebno_db": -2.0, "rep": 2, "tbler": 0.375}
{"case": "eval_cdl_d_single_user", "variant": "mean_only_graph_fixed_cardinality", "ebno_db": -2.0, "rep": 2, "tbler": 0.375}
{"case": "eval_cdl_d_single_user", "variant": "random_graph_fixed_cardinality", "ebno_db": -2.0, "rep": 2, "tbler": 0.375}
{"case": "eval_cdl_d_single_user", "variant": "full_graph", "ebno_db": -2.0, "rep": 2, "tbler": 0.375}
{"case": "eval_cdl_d_single_user", "variant": "ls_lmmse", "ebno_db": -2.0, "rep": 2, "tbler": 0.9375}
{"case": "eval_cdl_d_single_user", "variant": "perfect_csi_lmmse", "ebno_db": -2.0, "rep": 2, "tbler": 0.0625}
{"case": "eval_cdl_d_single_user", "variant": "proposed", "ebno_db": -2.0, "rep": 3, "tbler": 0.1875}
{"case": "eval_cdl_d_single_user", "variant": "uncertainty_off_fixed_graph", "ebno_db": -2.0, "rep": 3, "tbler": 0.25}
{"case": "eval_cdl_d_single_user", "variant": "diagonal_posterior_fixed_graph", "ebno_db": -2.0, "rep": 3, "tbler": 0.1875}
{"case": "eval_cdl_d_single_user", "variant": "mean_only_graph_fixed_cardinality", "ebno_db": -2.0, "rep": 3, "tbler": 0.1875}
{"case": "eval_cdl_d_single_user", "variant": "random_graph_fixed_cardinality", "ebno_db": -2.0, "rep": 3, "tbler": 0.1875}
{"case": "eval_cdl_d_single_user", "variant": "full_graph", "ebno_db": -2.0, "rep": 3, "tbler": 0.1875}
{"case": "eval_cdl_d_single_user", "variant": "ls_lmmse", "ebno_db": -2.0, "rep": 3, "tbler": 1.0}
{"case": "eval_cdl_d_single_user", "variant": "perfect_csi_lmmse", "ebno_db": -2.0, "rep": 3, "tbler": 0.0}
{"case": "eval_cdl_d_single_user", "variant": "proposed", "ebno_db": -2.0, "rep": 4, "tbler": 0.0625}
{"case": "eval_cdl_d_single_user", "variant": "uncertainty_off_fixed_graph", "ebno_db": -2.0, "rep": 4, "tbler": 0.0625}
{"case": "eval_cdl_d_single_user", "variant": "diagonal_posterior_fixed_graph", "ebno_db": -2.0, "rep": 4, "tbler": 0.0625}
{"case": "eval_cdl_d_single_user", "variant": "mean_only_graph_fixed_cardinality", "ebno_db": -2.0, "rep": 4, "tbler": 0.0625}
{"case": "eval_cdl_d_single_user", "variant": "random_graph_fixed_cardinality", "ebno_db": -2.0, "rep": 4, "tbler": 0.0625}
{"case": "eval_cdl_d_single_user", "variant": "full_graph", "ebno_db": -2.0, "rep": 4, "tbler": 0.0625}
{"case": "eval_cdl_d_single_user", "variant": "ls_lmmse", "ebno_db": -2.0, "rep": 4, "tbler": 1.0}
{"case": "eval_cdl_d_single_user", "variant": "perfect_csi_lmmse", "ebno_db": -2.0, "rep": 4, "tbler": 0.0}
{"case": "eval_cdl_d_single_user", "variant": "proposed", "ebno_db": 2.0, "rep": 0, "tbler": 0.0}
{"case": "eval_cdl_d_single_user", "variant": "uncertainty_off_fixed_graph", "ebno_db": 2.0, "rep": 0, "tbler": 0.0}
{"case": "eval_cdl_d_single_user", "variant": "diagonal_posterior_fixed_graph", "ebno_db": 2.0, "rep": 0, "tbler": 0.0}
{"case": "eval_cdl_d_single_user", "variant": "mean_only_graph_fixed_cardinality", "ebno_db": 2.0, "rep": 0, "tbler": 0.0}
{"case": "eval_cdl_d_single_user", "variant": "random_graph_fixed_cardinality", "ebno_db": 2.0, "rep": 0, "tbler": 0.0}
{"case": "eval_cdl_d_single_user", "variant": "full_graph", "ebno_db": 2.0, "rep": 0, "tbler": 0.0}
{"case": "eval_cdl_d_single_user", "variant": "ls_lmmse", "ebno_db": 2.0, "rep": 0, "tbler": 0.0}
{"case": "eval_cdl_d_single_user", "variant": "perfect_csi_lmmse", "ebno_db": 2.0, "rep": 0, "tbler": 0.0}
{"case": "eval_cdl_d_single_user", "variant": "proposed", "ebno_db": 2.0, "rep": 1, "tbler": 0.0}
{"case": "eval_cdl_d_single_user", "variant": "uncertainty_off_fixed_graph", "ebno_db": 2.0, "rep": 1, "tbler": 0.0}
{"case": "eval_cdl_d_single_user", "variant": "diagonal_posterior_fixed_graph", "ebno_db": 2.0, "rep": 1, "tbler": 0.0}
{"case": "eval_cdl_d_single_user", "variant": "mean_only_graph_fixed_cardinality", "ebno_db": 2.0, "rep": 1, "tbler": 0.0}
{"case": "eval_cdl_d_single_user", "variant": "random_graph_fixed_cardinality", "ebno_db": 2.0, "rep": 1, "tbler": 0.0}
{"case": "eval_cdl_d_single_user", "variant": "full_graph", "ebno_db": 2.0, "rep": 1, "tbler": 0.0}
{"case": "eval_cdl_d_single_user", "variant": "ls_lmmse", "ebno_db": 2.0, "rep": 1, "tbler": 0.0}
{"case": "eval_cdl_d_single_user", "variant": "perfect_csi_lmmse", "ebno_db": 2.0, "rep": 1, "tbler": 0.0}
{"case": "eval_cdl_d_single_user", "variant": "proposed", "ebno_db": 2.0, "rep": 2, "tbler": 0.0}
{"case": "eval_cdl_d_single_user", "variant": "uncertainty_off_fixed_graph", "ebno_db": 2.0, "rep": 2, "tbler": 0.0}
{"case": "eval_cdl_d_single_user", "variant": "diagonal_posterior_fixed_graph", "ebno_db": 2.0, "rep": 2, "tbler": 0.0}
{"case": "eval_cdl_d_single_user", "variant": "mean_only_graph_fixed_cardinality", "ebno_db": 2.0, "rep": 2, "tbler": 0.0}
{"case": "eval_cdl_d_single_user", "variant": "random_graph_fixed_cardinality", "ebno_db": 2.0, "rep": 2, "tbler": 0.0}
{"case": "eval_cdl_d_single_user", "variant": "full_graph", "ebno_db": 2.0, "rep": 2, "tbler": 0.0}
{"case": "eval_cdl_d_single_user", "variant": "ls_lmmse", "ebno_db": 2.0, "rep": 2, "tbler": 0.0}
{"case": "eval_cdl_d_single_user", "variant": "perfect_csi_lmmse", "ebno_db": 2.0, "rep": 2, "tbler": 0.0}
{"case": "eval_cdl_d_single_user", "variant": "proposed", "ebno_db": 2.0, "rep": 3, "tbler": 0.0}
{"case": "eval_cdl_d_single_user", "variant": "uncertainty_off_fixed_graph", "ebno_db": 2.0, "rep": 3, "tbler": 0.0}
{"case": "eval_cdl_d_single_user", "variant": "diagonal_posterior_fixed_graph", "ebno_db": 2.0, "rep": 3, "tbler": 0.0}
{"case": "eval_cdl_d_single_user", "variant": "mean_only_graph_fixed_cardinality", "ebno_db": 2.0, "rep": 3, "tbler": 0.0}
{"case": "eval_cdl_d_single_user", "variant": "random_graph_fixed_cardinality", "ebno_db": 2.0, "rep": 3, "tbler": 0.0}
{"case": "eval_cdl_d_single_user", "variant": "full_graph", "ebno_db": 2.0, "rep": 3, "tbler": 0.0}
{"case": "eval_cdl_d_single_user", "variant": "ls_lmmse", "ebno_db": 2.0, "rep": 3, "tbler": 0.0}
{"case": "eval_cdl_d_single_user", "variant": "perfect_csi_lmmse", "ebno_db": 2.0, "rep": 3, "tbler": 0.0}
{"case": "eval_cdl_d_single_user", "variant": "proposed", "ebno_db": 2.0, "rep": 4, "tbler": 0.0}
{"case": "eval_cdl_d_single_user", "variant": "uncertainty_off_fixed_graph", "ebno_db": 2.0, "rep": 4, "tbler": 0.0}
{"case": "eval_cdl_d_single_user", "variant": "diagonal_posterior_fixed_graph", "ebno_db": 2.0, "rep": 4, "tbler": 0.0}
{"case": "eval_cdl_d_single_user", "variant": "mean_only_graph_fixed_cardinality", "ebno_db": 2.0, "rep": 4, "tbler": 0.0}
{"case": "eval_cdl_d_single_user", "variant": "random_graph_fixed_cardinality", "ebno_db": 2.0, "rep": 4, "tbler": 0.0}
{"case": "eval_cdl_d_single_user", "variant": "full_graph", "ebno_db": 2.0, "rep": 4, "tbler": 0.0}
{"case": "eval_cdl_d_single_user", "variant": "ls_lmmse", "ebno_db": 2.0, "rep": 4, "tbler": 0.0}
{"case": "eval_cdl_d_single_user", "variant": "perfect_csi_lmmse", "ebno_db": 2.0, "rep": 4, "tbler": 0.0}
{"case": "eval_cdl_d_single_user", "variant": "proposed", "ebno_db": 6.0, "rep": 0, "tbler": 0.0}
{"case": "eval_cdl_d_single_user", "variant": "uncertainty_off_fixed_graph", "ebno_db": 6.0, "rep": 0, "tbler": 0.0}
{"case": "eval_cdl_d_single_user", "variant": "diagonal_posterior_fixed_graph", "ebno_db": 6.0, "rep": 0, "tbler": 0.0}
{"case": "eval_cdl_d_single_user", "variant": "mean_only_graph_fixed_cardinality", "ebno_db": 6.0, "rep": 0, "tbler": 0.0}
{"case": "eval_cdl_d_single_user", "variant": "random_graph_fixed_cardinality", "ebno_db": 6.0, "rep": 0, "tbler": 0.0}
{"case": "eval_cdl_d_single_user", "variant": "full_graph", "ebno_db": 6.0, "rep": 0, "tbler": 0.0}
{"case": "eval_cdl_d_single_user", "variant": "ls_lmmse", "ebno_db": 6.0, "rep": 0, "tbler": 0.0}
{"case": "eval_cdl_d_single_user", "variant": "perfect_csi_lmmse", "ebno_db": 6.0, "rep": 0, "tbler": 0.0}
{"case": "eval_cdl_d_single_user", "variant": "proposed", "ebno_db": 6.0, "rep": 1, "tbler": 0.0}
{"case": "eval_cdl_d_single_user", "variant": "uncertainty_off_fixed_graph", "ebno_db": 6.0, "rep": 1, "tbler": 0.0}
{"case": "eval_cdl_d_single_user", "variant": "diagonal_posterior_fixed_graph", "ebno_db": 6.0, "rep": 1, "tbler": 0.0}
{"case": "eval_cdl_d_single_user", "variant": "mean_only_graph_fixed_cardinality", "ebno_db": 6.0, "rep": 1, "tbler": 0.0}
{"case": "eval_cdl_d_single_user", "variant": "random_graph_fixed_cardinality", "ebno_db": 6.0, "rep": 1, "tbler": 0.0}
{"case": "eval_cdl_d_single_user", "variant": "full_graph", "ebno_db": 6.0, "rep": 1, "tbler": 0.0}
{"case": "eval_cdl_d_single_user", "variant": "ls_lmmse", "ebno_db": 6.0, "rep": 1, "tbler": 0.0}
{"case": "eval_cdl_d_single_user", "variant": "perfect_csi_lmmse", "ebno_db": 6.0, "rep": 1, "tbler": 0.0}
{"case": "eval_cdl_d_single_user", "variant": "proposed", "ebno_db": 6.0, "rep": 2, "tbler": 0.0}
{"case": "eval_cdl_d_single_user", "variant": "uncertainty_off_fixed_graph", "ebno_db": 6.0, "rep": 2, "tbler": 0.0}
{"case": "eval_cdl_d_single_user", "variant": "diagonal_posterior_fixed_graph", "ebno_db": 6.0, "rep": 2, "tbler": 0.0}
{"case": "eval_cdl_d_single_user", "variant": "mean_only_graph_fixed_cardinality", "ebno_db": 6.0, "rep": 2, "tbler": 0.0}
{"case": "eval_cdl_d_single_user", "variant": "random_graph_fixed_cardinality", "ebno_db": 6.0, "rep": 2, "tbler": 0.0}
{"case": "eval_cdl_d_single_user", "variant": "full_graph", "ebno_db": 6.0, "rep": 2, "tbler": 0.0}
{"case": "eval_cdl_d_single_user", "variant": "ls_lmmse", "ebno_db": 6.0, "rep": 2, "tbler": 0.0}
{"case": "eval_cdl_d_single_user", "variant": "perfect_csi_lmmse", "ebno_db": 6.0, "rep": 2, "tbler": 0.0}
{"case": "eval_cdl_d_single_user", "variant": "proposed", "ebno_db": 6.0, "rep": 3, "tbler": 0.0}
{"case": "eval_cdl_d_single_user", "variant": "uncertainty_off_fixed_graph", "ebno_db": 6.0, "rep": 3, "tbler": 0.0}
{"case": "eval_cdl_d_single_user", "variant": "diagonal_posterior_fixed_graph", "ebno_db": 6.0, "rep": 3, "tbler": 0.0}
{"case": "eval_cdl_d_single_user", "variant": "mean_only_graph_fixed_cardinality", "ebno_db": 6.0, "rep": 3, "tbler": 0.0}
{"case": "eval_cdl_d_single_user", "variant": "random_graph_fixed_cardinality", "ebno_db": 6.0, "rep": 3, "tbler": 0.0}
{"case": "eval_cdl_d_single_user", "variant": "full_graph", "ebno_db": 6.0, "rep": 3, "tbler": 0.0}
{"case": "eval_cdl_d_single_user", "variant": "ls_lmmse", "ebno_db": 6.0, "rep": 3, "tbler": 0.0}
{"case": "eval_cdl_d_single_user", "variant": "perfect_csi_lmmse", "ebno_db": 6.0, "rep": 3, "tbler": 0.0}
{"case": "eval_cdl_d_single_user", "variant": "proposed", "ebno_db": 6.0, "rep": 4, "tbler": 0.0}
{"case": "eval_cdl_d_single_user", "variant": "uncertainty_off_fixed_graph", "ebno_db": 6.0, "rep": 4, "tbler": 0.0}
{"case": "eval_cdl_d_single_user", "variant": "diagonal_posterior_fixed_graph", "ebno_db": 6.0, "rep": 4, "tbler": 0.0}
{"case": "eval_cdl_d_single_user", "variant": "mean_only_graph_fixed_cardinality", "ebno_db": 6.0, "rep": 4, "tbler": 0.0}
{"case": "eval_cdl_d_single_user", "variant": "random_graph_fixed_cardinality", "ebno_db": 6.0, "rep": 4, "tbler": 0.0}
{"case": "eval_cdl_d_single_user", "variant": "full_graph", "ebno_db": 6.0, "rep": 4, "tbler": 0.0}
{"case": "eval_cdl_d_single_user", "variant": "ls_lmmse", "ebno_db": 6.0, "rep": 4, "tbler": 0.0}
{"case": "eval_cdl_d_single_user", "variant": "perfect_csi_lmmse", "ebno_db": 6.0, "rep": 4, "tbler": 0.0}
{"case": "eval_cdl_d_single_user", "variant": "proposed", "ebno_db": 10.0, "rep": 0, "tbler": 0.0}
{"case": "eval_cdl_d_single_user", "variant": "uncertainty_off_fixed_graph", "ebno_db": 10.0, "rep": 0, "tbler": 0.0}
{"case": "eval_cdl_d_single_user", "variant": "diagonal_posterior_fixed_graph", "ebno_db": 10.0, "rep": 0, "tbler": 0.0}
{"case": "eval_cdl_d_single_user", "variant": "mean_only_graph_fixed_cardinality", "ebno_db": 10.0, "rep": 0, "tbler": 0.0}
{"case": "eval_cdl_d_single_user", "variant": "random_graph_fixed_cardinality", "ebno_db": 10.0, "rep": 0, "tbler": 0.0}
{"case": "eval_cdl_d_single_user", "variant": "full_graph", "ebno_db": 10.0, "rep": 0, "tbler": 0.0}
{"case": "eval_cdl_d_single_user", "variant": "ls_lmmse", "ebno_db": 10.0, "rep": 0, "tbler": 0.0}
{"case": "eval_cdl_d_single_user", "variant": "perfect_csi_lmmse", "ebno_db": 10.0, "rep": 0, "tbler": 0.0}
{"case": "eval_cdl_d_single_user", "variant": "proposed", "ebno_db": 10.0, "rep": 1, "tbler": 0.0}
{"case": "eval_cdl_d_single_user", "variant": "uncertainty_off_fixed_graph", "ebno_db": 10.0, "rep": 1, "tbler": 0.0}
{"case": "eval_cdl_d_single_user", "variant": "diagonal_posterior_fixed_graph", "ebno_db": 10.0, "rep": 1, "tbler": 0.0}
{"case": "eval_cdl_d_single_user", "variant": "mean_only_graph_fixed_cardinality", "ebno_db": 10.0, "rep": 1, "tbler": 0.0}
{"case": "eval_cdl_d_single_user", "variant": "random_graph_fixed_cardinality", "ebno_db": 10.0, "rep": 1, "tbler": 0.0}
{"case": "eval_cdl_d_single_user", "variant": "full_graph", "ebno_db": 10.0, "rep": 1, "tbler": 0.0}
{"case": "eval_cdl_d_single_user", "variant": "ls_lmmse", "ebno_db": 10.0, "rep": 1, "tbler": 0.0}
{"case": "eval_cdl_d_single_user", "variant": "perfect_csi_lmmse", "ebno_db": 10.0, "rep": 1, "tbler": 0.0}
{"case": "eval_cdl_d_single_user", "variant": "proposed", "ebno_db": 10.0, "rep": 2, "tbler": 0.0}
{"case": "eval_cdl_d_single_user", "variant": "uncertainty_off_fixed_graph", "ebno_db": 10.0, "rep": 2, "tbler": 0.0}
{"case": "eval_cdl_d_single_user", "variant": "diagonal_posterior_fixed_graph", "ebno_db": 10.0, "rep": 2, "tbler": 0.0}
{"case": "eval_cdl_d_single_user", "variant": "mean_only_graph_fixed_cardinality", "ebno_db": 10.0, "rep": 2, "tbler": 0.0}
{"case": "eval_cdl_d_single_user", "variant": "random_graph_fixed_cardinality", "ebno_db": 10.0, "rep": 2, "tbler": 0.0}
{"case": "eval_cdl_d_single_user", "variant": "full_graph", "ebno_db": 10.0, "rep": 2, "tbler": 0.0}
{"case": "eval_cdl_d_single_user", "variant": "ls_lmmse", "ebno_db": 10.0, "rep": 2, "tbler": 0.0}
{"case": "eval_cdl_d_single_user", "variant": "perfect_csi_lmmse", "ebno_db": 10.0, "rep": 2, "tbler": 0.0}
{"case": "eval_cdl_d_single_user", "variant": "proposed", "ebno_db": 10.0, "rep": 3, "tbler": 0.0}
{"case": "eval_cdl_d_single_user", "variant": "uncertainty_off_fixed_graph", "ebno_db": 10.0, "rep": 3, "tbler": 0.0}
{"case": "eval_cdl_d_single_user", "variant": "diagonal_posterior_fixed_graph", "ebno_db": 10.0, "rep": 3, "tbler": 0.0}
{"case": "eval_cdl_d_single_user", "variant": "mean_only_graph_fixed_cardinality", "ebno_db": 10.0, "rep": 3, "tbler": 0.0}
{"case": "eval_cdl_d_single_user", "variant": "random_graph_fixed_cardinality", "ebno_db": 10.0, "rep": 3, "tbler": 0.0}
{"case": "eval_cdl_d_single_user", "variant": "full_graph", "ebno_db": 10.0, "rep": 3, "tbler": 0.0}
{"case": "eval_cdl_d_single_user", "variant": "ls_lmmse", "ebno_db": 10.0, "rep": 3, "tbler": 0.0}
{"case": "eval_cdl_d_single_user", "variant": "perfect_csi_lmmse", "ebno_db": 10.0, "rep": 3, "tbler": 0.0}
{"case": "eval_cdl_d_single_user", "variant": "proposed", "ebno_db": 10.0, "rep": 4, "tbler": 0.0}
{"case": "eval_cdl_d_single_user", "variant": "uncertainty_off_fixed_graph", "ebno_db": 10.0, "rep": 4, "tbler": 0.0}
{"case": "eval_cdl_d_single_user", "variant": "diagonal_posterior_fixed_graph", "ebno_db": 10.0, "rep": 4, "tbler": 0.0}
{"case": "eval_cdl_d_single_user", "variant": "mean_only_graph_fixed_cardinality", "ebno_db": 10.0, "rep": 4, "tbler": 0.0}
{"case": "eval_cdl_d_single_user", "variant": "random_graph_fixed_cardinality", "ebno_db": 10.0, "rep": 4, "tbler": 0.0}
{"case": "eval_cdl_d_single_user", "variant": "full_graph", "ebno_db": 10.0, "rep": 4, "tbler": 0.0}
{"case": "eval_cdl_d_single_user", "variant": "ls_lmmse", "ebno_db": 10.0, "rep": 4, "tbler": 0.0}
{"case": "eval_cdl_d_single_user", "variant": "perfect_csi_lmmse", "ebno_db": 10.0, "rep": 4, "tbler": 0.0}
complete_rows: PASS
finite_core_metrics: PASS
fixed_graph_cardinality_exact: PASS
training_complete: PASS
perfect_csi_lmmse_improves_with_snr: PASS
kbest_reference_executed: PASS
kbest_eager_exact_compatibility_verified: PASS
uncertainty_coded_nll_gain: PASS
uncertainty_tbler_gain: PASS
coupling_beats_random_tbler: PASS
sparse_not_worse_than_full_by_0p01: PASS
CLASSIFICATION: GATE1_NR_PRELIMINARY_PROMISING
PGCA_AGMP_BASELINE_INCLUDED: NO
PUBLICATION_NR_READY: NO
Prepared /lustre10/scratch/rsadve1/revised_TWC/outputs/github_artifacts
